# angle_deg distance_mm
174.156 226.000
183.125 196.250
268.031 486.750
269.641 492.000
275.641 1911.000
277.078 1884.250
280.641 926.000
284.984 805.750
286.469 789.500
287.844 785.750
311.938 204.500
313.344 202.250
333.375 559.750
334.672 559.250
336.047 557.750
341.047 2727.500
342.469 2730.250
346.844 1854.000
348.281 1823.500
349.719 1800.250
351.078 1780.000
352.500 1762.000
353.891 1740.000
355.328 1717.000
9.094 2211.000
14.594 2187.250
16.000 2180.250
17.375 2180.250
18.750 2179.000
20.172 2180.750
21.562 2181.250
22.938 2180.250
24.359 2182.000
28.531 2192.000
29.906 2200.000
31.266 2210.500
32.672 2221.000
34.047 2235.750
35.547 2255.000
36.906 2275.500
38.312 2292.500
39.719 2308.750
41.078 2332.000
42.484 2361.500
43.875 2387.750
52.156 2589.000
53.562 2624.000
57.438 897.000
58.781 888.500
60.234 889.250
61.703 900.000
82.234 588.250
83.688 578.000
85.094 570.000
86.422 564.500
87.844 560.250
89.234 556.250
90.594 554.000
91.938 553.000
93.375 553.500
94.875 555.250
101.562 580.250
103.016 590.000
104.422 604.000
144.547 1679.750
145.969 1641.250
183.500 196.250
269.375 490.750
275.469 1918.750
276.859 1890.000
280.438 931.750
281.719 946.500
283.141 968.500
286.250 790.500
287.609 788.000
294.844 2236.750
311.078 205.000
313.219 203.000
333.141 561.000
334.672 559.250
335.938 557.750
340.969 2730.500
342.391 2734.750
346.828 1855.500
348.188 1824.500
349.594 1800.750
351.031 1780.750
352.391 1762.500
353.812 1741.500
355.266 1718.250
9.031 2211.500
15.953 2179.500
17.344 2179.750
18.719 2177.500
20.094 2179.000
21.516 2180.750
22.922 2180.250
24.312 2182.000
28.484 2192.000
29.891 2199.750
31.266 2210.750
32.672 2221.500
34.047 2236.000
35.516 2255.250
36.891 2275.750
38.297 2292.750
39.703 2308.750
41.094 2332.250
42.453 2361.250
43.875 2387.250
52.203 2589.250
53.578 2624.500
57.484 897.000
58.938 888.250
60.297 888.750
61.625 899.750
82.203 588.250
83.562 578.000
85.016 569.750
86.375 564.250
87.656 560.000
89.281 556.250
90.625 554.000
91.891 553.000
93.359 553.500
94.656 555.250
101.703 580.000
102.969 589.750
104.250 603.750
144.531 1679.750
145.938 1640.750
183.391 196.000
254.328 200.250
276.578 1891.500
280.109 931.000
281.500 939.250
282.891 959.250
285.938 792.500
287.344 786.250
310.688 205.500
312.953 203.250
334.453 559.250
335.781 558.250
337.094 557.000
340.672 2737.750
346.562 1865.000
347.922 1830.000
349.344 1804.500
350.734 1784.000
352.141 1766.500
353.547 1747.250
354.969 1724.000
356.328 1734.000
5.953 2218.750
8.766 2211.500
10.125 2200.250
11.578 2190.000
15.750 2181.250
17.141 2178.500
18.547 2178.500
19.938 2177.000
21.359 2177.000
22.734 2179.500
24.125 2182.500
28.312 2190.250
29.734 2198.750
31.125 2208.250
32.500 2221.250
33.891 2237.500
35.375 2254.500
36.734 2274.250
38.156 2291.750
39.547 2309.500
40.953 2334.000
42.312 2361.500
43.703 2386.500
52.094 2587.000
53.484 2618.000
57.328 899.750
58.812 887.500
60.234 887.250
61.562 897.000
82.141 589.000
83.469 578.000
84.734 570.000
86.391 564.500
87.562 560.000
89.000 556.250
90.484 554.250
91.828 553.250
93.219 553.500
94.625 555.000
101.453 579.750
102.906 589.250
104.250 603.500
144.516 1687.000
145.875 1644.750
183.359 196.000
254.359 200.000
276.672 1890.750
280.281 929.500
281.609 939.500
282.938 963.750
286.156 790.250
287.562 784.500
311.625 205.250
313.031 203.000
314.422 201.500
334.547 559.500
335.797 558.250
337.188 557.000
340.734 2736.750
346.547 1864.500
347.953 1829.500
349.406 1804.750
350.812 1784.500
352.172 1766.500
353.578 1746.750
354.984 1723.250
356.406 1734.000
8.781 2211.000
10.172 2199.250
11.641 2190.250
17.250 2177.750
18.656 2177.250
20.016 2178.250
21.438 2179.500
22.812 2179.500
24.219 2181.750
28.422 2190.250
29.797 2199.750
31.203 2210.250
32.625 2221.000
34.000 2236.250
35.438 2254.500
36.828 2274.000
38.203 2292.000
39.625 2308.750
41.000 2332.750
42.406 2361.250
43.797 2386.000
52.141 2589.000
53.562 2620.250
57.453 899.250
58.844 888.250
60.312 888.250
61.625 897.750
82.266 588.000
83.719 577.750
85.062 569.750
86.469 564.000
87.828 560.000
89.234 556.000
90.578 554.000
92.000 553.000
93.609 553.250
94.984 555.000
101.828 581.250
103.188 590.750
104.391 605.250
119.438 2315.750
126.375 2624.500
144.781 1674.500
146.219 1638.500
175.344 225.750
183.688 196.000
268.156 486.500
269.312 491.000
275.609 1911.500
276.984 1884.500
280.484 932.500
281.922 949.000
284.969 804.500
286.484 789.500
287.797 786.000
294.953 2239.000
311.469 204.500
312.359 202.750
333.234 560.750
334.484 559.000
336.094 557.750
340.875 2725.000
342.281 2734.500
346.703 1858.500
348.125 1825.000
349.562 1803.250
350.953 1784.250
352.312 1764.000
353.719 1741.500
355.172 1720.500
356.484 1739.000
8.922 2211.000
10.312 2203.750
11.688 2199.750
17.281 2178.750
18.672 2176.750
20.078 2177.750
21.438 2179.500
22.828 2180.000
24.234 2181.750
28.438 2190.500
29.797 2199.500
31.172 2210.250
32.609 2222.000
33.969 2236.750
35.422 2254.250
36.844 2274.000
38.203 2292.000
39.625 2309.000
41.000 2332.750
42.391 2361.250
43.781 2386.000
52.141 2588.750
53.500 2619.500
57.453 899.000
58.844 888.000
60.266 888.000
61.641 897.750
82.172 588.000
83.547 578.000
85.062 569.750
86.453 564.000
87.812 560.000
89.203 556.000
90.594 554.000
92.000 553.000
93.484 553.250
94.750 555.000
101.688 580.500
103.000 590.000
104.438 605.000
119.375 2314.500
146.078 1639.000
183.625 195.750
268.031 485.500
269.359 490.500
275.453 1918.750
276.859 1889.500
280.344 931.500
281.766 946.500
283.109 968.500
286.297 790.750
287.656 787.750
294.828 2238.000
311.734 205.000
313.141 203.000
334.531 558.500
335.906 557.750
337.422 557.500
340.797 2729.750
346.656 1861.750
348.000 1828.750
349.469 1804.250
350.828 1784.000
352.266 1766.500
353.625 1746.250
355.047 1722.750
356.453 1738.500
5.984 2219.250
8.812 2211.250
10.172 2199.250
11.594 2191.250
15.766 2182.500
17.141 2178.000
18.562 2178.000
19.953 2176.750
21.312 2176.750
22.719 2179.500
24.141 2182.000
28.281 2190.500
29.656 2198.750
31.078 2208.000
32.469 2220.500
33.844 2237.000
35.312 2254.750
36.672 2274.250
38.062 2291.750
39.453 2309.000
40.828 2333.000
42.234 2358.750
43.625 2383.750
51.938 2587.000
53.359 2619.000
57.188 900.000
58.609 887.750
60.172 887.000
61.531 897.000
81.891 589.000
83.453 578.000
84.781 570.000
86.375 564.250
87.656 560.000
89.109 556.250
90.641 554.000
91.906 553.000
93.281 553.500
94.672 555.250
101.625 580.000
103.062 589.500
104.297 603.500
146.094 1639.000
183.672 196.000
268.000 486.250
269.594 491.500
275.609 1911.750
276.984 1886.000
280.484 932.250
281.969 948.750
285.047 804.750
286.484 789.750
287.766 786.250
294.938 2239.500
311.469 204.500
313.297 202.750
333.172 560.750
334.641 559.000
335.953 557.750
340.969 2729.250
342.328 2734.250
346.812 1860.250
348.172 1825.250
349.562 1801.500
350.984 1782.250
352.375 1764.000
353.812 1741.750
355.188 1718.750
8.922 2211.250
10.328 2204.000
17.297 2178.500
18.688 2176.500
20.078 2177.500
21.484 2179.250
22.844 2180.000
24.250 2182.000
28.438 2192.000
29.812 2199.000
31.188 2210.000
32.609 2221.500
33.969 2236.250
35.453 2254.500
36.797 2274.250
38.234 2292.250
39.641 2309.000
40.984 2332.750
42.391 2361.250
43.797 2386.250
52.109 2587.750
53.484 2619.000
57.359 899.250
58.719 888.000
60.188 887.500
61.516 897.250
82.062 588.750
83.562 578.000
84.766 570.000
86.312 564.250
87.750 560.000
89.203 556.250
90.672 553.750
92.047 552.750
93.266 553.250
94.641 555.250
101.641 579.750
102.844 589.250
104.203 603.500
145.969 1640.250
183.531 196.250
267.938 485.500
269.281 490.500
275.391 1919.250
276.781 1890.250
280.297 931.250
281.766 944.000
283.109 966.500
286.141 792.500
287.609 787.500
294.766 2239.000
313.109 202.750
334.562 558.750
335.859 557.500
337.375 557.000
340.750 2735.500
346.578 1864.250
347.938 1828.750
349.391 1804.250
350.766 1784.000
352.188 1766.500
353.562 1746.000
355.000 1723.000
356.328 1734.000
5.906 2219.000
8.719 2211.750
10.109 2199.500
11.516 2190.750
12.891 2188.000
14.281 2187.750
15.703 2183.500
17.078 2180.500
18.484 2179.000
19.891 2176.500
21.266 2177.250
22.625 2180.250
24.047 2182.500
28.219 2190.750
29.594 2198.250
31.000 2207.500
32.391 2220.000
33.750 2236.250
35.234 2254.250
36.625 2273.750
38.016 2291.000
39.375 2306.000
40.812 2329.500
42.156 2357.750
43.578 2383.250
44.984 2366.500
51.906 2586.500
53.297 2619.250
57.141 900.500
58.516 886.750
60.016 886.750
61.406 896.500
81.844 590.500
83.297 579.250
84.609 571.000
85.969 565.500
87.562 561.500
88.922 557.000
90.422 554.000
91.719 553.250
93.062 553.750
94.562 555.000
101.422 579.250
102.656 588.000
103.953 601.250
121.688 2631.000
145.797 1647.000
254.359 200.000
276.703 1891.250
280.234 929.500
281.656 940.000
283.016 964.000
286.078 791.750
287.609 786.500
288.922 802.000
311.656 205.250
313.062 203.000
334.422 559.500
335.781 558.250
337.219 557.000
340.719 2735.250
346.547 1864.500
347.969 1828.750
349.344 1804.000
350.797 1784.000
352.141 1766.500
353.609 1745.750
355.016 1722.500
356.391 1734.000
5.969 2219.000
8.734 2212.000
10.172 2199.500
11.562 2190.000
15.750 2182.000
17.125 2178.000
18.531 2177.750
19.906 2176.250
21.312 2176.750
22.719 2179.500
24.125 2182.000
28.312 2190.250
29.688 2198.000
31.078 2207.500
32.469 2219.750
33.875 2236.000
35.344 2254.250
36.703 2274.000
38.078 2291.000
39.500 2308.000
40.875 2333.000
42.281 2360.750
43.688 2385.000
52.031 2587.000
53.406 2619.000
57.344 900.250
58.656 887.500
60.141 887.000
61.531 897.000
82.016 588.750
83.297 578.500
84.859 570.500
86.141 564.250
87.656 560.000
89.094 556.250
90.562 554.000
91.922 552.750
93.281 553.250
94.734 555.000
101.562 579.750
102.859 589.250
104.312 603.500
145.938 1640.500
183.484 196.250
268.141 486.000
269.438 490.750
275.594 1912.250
276.969 1885.500
280.594 928.000
284.953 805.500
286.422 789.750
287.891 786.250
295.047 2241.250
312.000 204.500
313.391 202.250
333.469 559.750
334.859 559.000
336.141 557.750
341.109 2726.250
342.562 2729.750
346.938 1853.000
348.359 1823.250
349.781 1800.500
351.188 1779.750
352.578 1761.250
354.000 1739.750
355.422 1717.000
3.641 2023.000
9.203 2212.500
12.000 2190.250
16.188 2181.500
17.531 2178.000
18.984 2177.250
20.344 2176.500
21.734 2178.250
23.156 2181.000
24.531 2184.000
28.750 2190.750
30.125 2201.000
31.516 2213.250
32.922 2227.000
34.312 2242.750
35.734 2260.750
37.094 2278.750
38.531 2296.250
39.922 2314.500
41.312 2338.000
42.672 2367.000
44.125 2390.000
52.453 2597.250
57.672 894.000
59.062 889.000
60.469 891.500
61.922 905.250
80.984 599.500
82.516 585.750
83.938 576.500
85.219 568.250
86.750 562.500
88.188 558.500
89.641 555.500
90.906 553.750
92.453 553.500
93.859 553.500
95.094 555.250
102.078 583.000
103.438 593.000
104.766 608.250
119.656 2307.750
145.031 1661.750
175.625 225.000
183.984 196.750
267.188 485.000
269.797 493.750
276.156 1903.500
279.656 937.750
281.109 937.500
282.500 960.000
285.516 800.000
287.016 786.500
288.328 791.500
312.500 205.000
313.891 200.250
333.828 560.000
335.391 558.750
336.672 557.750
341.672 2706.750
343.062 2680.750
347.500 1837.500
348.875 1810.500
350.297 1791.000
351.750 1772.500
353.156 1750.750
354.562 1727.500
355.969 1720.500
9.719 2202.500
12.516 2187.250
13.922 2183.000
15.312 2180.500
16.703 2178.250
18.094 2178.250
19.500 2177.500
20.891 2176.750
22.266 2179.500
23.688 2181.000
27.859 2189.500
29.266 2197.500
30.656 2204.750
32.062 2215.750
33.422 2231.000
34.875 2247.500
36.250 2267.000
37.641 2285.000
39.000 2301.750
40.406 2322.250
41.812 2346.500
43.203 2374.000
44.578 2399.000
52.922 2608.500
58.266 889.500
59.641 887.250
61.016 893.000
81.641 593.500
83.016 581.250
84.328 572.500
85.906 566.250
87.312 561.750
88.734 557.500
90.109 554.500
91.359 553.250
92.891 553.500
94.234 554.250
95.734 555.000
101.016 577.250
102.469 586.000
103.781 598.750
121.484 2647.750
122.906 2648.250
145.531 1650.500
254.281 200.000
275.266 1921.500
276.656 1891.000
280.328 929.500
281.578 940.000
283.016 964.250
286.078 791.500
287.562 786.250
288.828 801.500
311.656 205.250
313.047 203.000
334.469 558.750
335.797 558.000
337.266 557.500
340.812 2725.000
342.250 2719.000
346.672 1859.750
348.047 1826.500
349.453 1804.000
350.844 1784.000
352.266 1766.250
353.672 1745.250
355.094 1722.250
356.453 1738.500
8.859 2208.500
10.266 2196.000
11.672 2191.250
17.219 2177.500
18.625 2176.500
20.016 2177.250
21.438 2178.750
22.812 2179.500
24.234 2181.750
28.391 2190.250
29.781 2198.750
31.188 2210.000
32.594 2221.500
33.969 2236.000
35.453 2254.000
36.844 2273.750
38.219 2292.250
39.641 2309.250
41.016 2332.500
42.453 2360.250
43.812 2385.750
52.188 2588.500
53.547 2623.500
57.516 898.500
58.812 888.000
60.266 888.000
61.688 899.250
82.203 587.750
83.531 577.750
85.016 569.500
86.484 563.750
87.844 559.750
89.219 556.000
90.797 553.750
92.188 552.750
93.531 553.000
94.766 555.000
101.703 580.500
103.172 590.000
104.500 605.000
119.422 2315.750
124.953 2569.750
144.828 1673.750
146.219 1638.500
175.172 225.500
183.781 196.000
269.656 492.250
275.906 1903.500
277.281 1887.750
280.859 934.750
282.141 959.750
285.312 802.500
286.750 786.750
288.188 789.250
295.312 2245.500
312.312 205.250
313.719 200.250
335.219 558.750
336.562 557.750
341.516 2715.000
342.922 2693.750
344.328 2665.000
347.297 1840.750
348.734 1815.500
350.172 1793.500
351.531 1773.500
352.969 1755.250
354.375 1734.000
355.766 1719.250
6.750 2219.500
9.547 2200.750
12.375 2188.250
13.781 2184.000
15.141 2180.750
16.531 2179.500
17.938 2178.250
19.344 2177.500
20.719 2178.000
22.141 2178.750
23.562 2181.250
24.938 2157.250
26.328 2158.500
27.750 2188.000
29.125 2196.250
30.500 2203.500
31.922 2214.500
33.281 2229.500
34.797 2246.000
36.188 2266.500
37.578 2285.000
38.953 2302.000
40.375 2322.250
41.766 2346.500
43.156 2373.500
44.547 2398.000
52.906 2608.250
58.156 889.750
59.688 887.250
61.031 892.750
81.672 593.500
83.047 581.250
84.375 572.500
85.703 566.250
87.250 561.500
88.656 557.500
90.203 554.500
91.406 553.000
92.844 553.500
94.297 554.250
95.531 554.750
101.156 577.250
102.562 586.000
103.844 598.750
121.516 2649.250
122.938 2650.000
145.656 1649.750
267.984 484.250
276.734 1891.000
280.359 930.750
281.672 943.750
283.078 966.250
286.281 791.500
287.609 787.500
294.812 2237.250
311.484 205.500
312.219 202.750
334.438 558.750
335.906 558.000
337.266 558.000
340.844 2725.000
342.266 2735.000
346.734 1860.250
348.078 1825.750
349.516 1803.000
350.906 1783.750
352.328 1764.250
353.719 1741.750
355.172 1720.750
356.516 1738.500
8.953 2211.250
10.312 2204.250
17.328 2178.250
18.750 2176.500
20.109 2177.250
21.500 2179.250
22.891 2180.000
24.328 2181.750
28.469 2191.750
29.906 2198.750
31.266 2210.000
32.688 2221.500
34.047 2236.500
35.531 2255.500
36.891 2275.000
38.281 2292.250
39.719 2309.000
41.109 2332.750
42.484 2361.500
43.875 2387.000
53.656 2622.750
57.531 896.750
58.875 888.250
60.375 888.500
61.625 899.500
82.125 587.750
83.578 577.750
85.141 569.500
86.422 563.500
88.000 559.500
89.266 555.750
90.719 553.750
92.109 552.750
93.438 553.000
94.844 555.000
101.922 581.250
103.062 591.250
104.375 605.750
144.859 1668.500
146.312 1639.250
175.438 225.500
183.531 196.000
269.562 492.250
275.875 1903.500
277.234 1887.500
280.844 934.750
282.141 960.000
285.328 802.500
286.828 786.750
288.094 789.000
295.281 2245.500
312.250 204.500
313.641 201.000
334.953 558.250
336.422 557.500
341.375 2708.750
342.734 2699.750
347.172 1845.500
348.609 1816.500
350.047 1796.250
351.438 1777.250
352.844 1757.250
354.234 1734.750
355.672 1716.000
6.641 2221.250
9.438 2201.750
12.234 2188.750
13.656 2183.500
15.047 2180.750
16.406 2179.500
17.844 2178.750
19.234 2176.500
20.641 2176.000
22.016 2178.250
23.406 2181.000
24.797 2183.000
26.188 2184.500
27.625 2187.750
28.984 2194.500
30.422 2202.500
31.812 2214.250
33.188 2229.000
34.578 2244.750
36.031 2264.750
37.422 2283.000
38.828 2298.500
40.234 2318.500
41.609 2344.500
43.000 2371.000
44.375 2394.000
52.734 2603.250
54.141 2637.000
58.000 890.500
59.375 888.000
60.859 891.500
81.297 595.250
82.828 582.750
84.297 573.750
85.750 566.750
87.047 562.000
88.391 558.250
89.812 555.000
91.375 553.000
92.766 553.500
94.016 554.000
95.328 559.000
99.719 568.250
100.938 576.500
102.312 585.000
103.719 596.750
121.375 2643.000
122.781 2640.250
124.156 2636.250
126.969 2698.500
145.469 1650.250
175.406 224.250
252.797 200.500
254.188 200.750
276.531 1892.750
280.109 931.250
281.453 939.000
282.828 959.000
286.031 792.750
287.484 786.750
312.109 203.250
334.281 559.250
335.797 558.250
337.125 557.000
340.703 2735.250
346.547 1864.750
347.922 1828.750
349.391 1804.000
350.781 1783.750
352.156 1766.250
353.609 1745.250
354.969 1722.250
356.344 1734.000
6.000 2219.000
8.812 2211.500
10.188 2199.500
11.562 2190.500
15.750 2182.000
17.141 2177.750
18.547 2177.750
19.922 2176.250
21.359 2176.750
22.719 2179.250
24.125 2181.750
28.312 2190.250
29.719 2198.000
31.094 2207.250
32.516 2219.750
33.875 2235.750
35.344 2253.500
36.750 2273.250
38.141 2290.750
39.531 2308.250
40.922 2332.750
42.344 2360.250
43.703 2385.250
52.062 2587.500
53.453 2619.250
57.312 898.750
58.812 887.250
60.250 887.500
61.578 897.500
82.094 587.750
83.500 577.750
85.016 569.250
86.562 563.500
87.812 559.500
89.297 555.750
90.812 553.750
92.078 552.750
93.391 553.000
94.859 555.000
101.734 581.000
103.078 590.500
104.391 605.000
119.438 2314.500
126.359 2625.250
144.812 1668.750
146.219 1638.250
175.484 224.750
183.859 196.250
237.375 132.750
269.734 495.750
275.984 1902.500
280.953 935.250
282.266 958.750
285.469 801.750
286.859 786.750
295.391 2237.000
312.375 205.250
313.766 200.250
335.281 558.500
336.688 557.500
341.578 2705.750
342.984 2685.500
344.375 2664.250
347.391 1838.500
348.844 1812.750
350.250 1793.250
351.641 1773.250
353.016 1751.500
354.438 1728.000
355.844 1717.000
6.828 2217.500
9.641 2201.000
12.422 2188.250
13.812 2183.750
15.172 2180.750
16.578 2179.500
18.016 2178.500
19.406 2177.250
20.797 2177.750
22.172 2179.250
23.578 2181.500
24.984 2155.500
26.359 2156.750
27.750 2189.000
29.141 2197.000
30.562 2203.500
31.922 2214.250
33.312 2230.250
34.766 2246.750
36.172 2265.750
37.547 2284.500
38.969 2301.500
40.375 2322.000
41.766 2346.750
43.125 2373.750
44.547 2398.000
52.906 2608.000
58.203 890.000
59.594 887.250
60.922 892.750
81.484 593.500
83.016 581.250
84.312 572.500
85.734 566.250
87.203 561.500
88.656 557.500
89.906 554.500
91.312 553.000
92.938 553.500
94.156 554.250
95.500 556.500
99.734 566.000
101.062 577.250
102.391 585.250
103.672 597.000
121.453 2648.250
122.859 2649.500
124.281 2609.000
145.594 1650.000
254.375 200.000
276.719 1890.750
280.281 929.000
281.578 940.000
283.031 964.250
286.094 791.250
287.594 786.250
288.844 801.500
311.672 205.500
313.078 203.000
334.500 558.750
335.891 558.000
337.406 557.500
340.812 2728.000
342.234 2723.250
346.688 1860.500
348.062 1826.500
349.484 1803.750
350.844 1784.000
352.281 1766.250
353.656 1744.750
355.047 1721.750
356.422 1738.000
8.828 2208.750
10.234 2195.750
11.609 2190.750
17.234 2177.500
18.625 2176.750
20.000 2177.000
21.406 2178.500
22.781 2179.250
24.219 2181.500
28.391 2190.000
29.797 2198.500
31.188 2209.500
32.547 2221.000
33.938 2235.500
35.469 2253.500
36.828 2273.500
38.219 2292.000
39.609 2309.500
41.000 2333.000
42.422 2360.250
43.797 2385.500
52.141 2588.500
53.531 2620.500
57.391 898.500
58.891 888.250
60.203 888.250
61.578 899.000
82.172 587.750
83.531 577.750
84.891 569.250
86.391 563.500
87.844 559.750
89.250 556.000
90.594 553.750
91.922 552.750
93.438 553.000
94.734 555.000
101.672 580.000
102.969 590.000
104.344 605.000
119.375 2313.750
144.812 1669.500
146.219 1638.250
175.422 225.500
183.781 195.750
269.594 492.250
275.938 1902.500
277.281 1886.500
280.906 935.000
282.219 958.500
285.359 802.250
286.734 786.500
288.219 789.000
295.344 2245.500
312.281 205.250
313.688 200.250
335.016 558.250
336.438 557.500
341.422 2702.500
342.812 2693.750
347.203 1845.500
348.625 1816.750
350.016 1796.250
351.422 1777.000
352.828 1757.250
354.234 1734.500
355.656 1715.750
6.656 2221.250
9.438 2201.750
12.219 2188.750
13.609 2183.500
15.016 2180.500
16.391 2179.000
17.781 2178.500
19.203 2176.500
20.625 2176.250
22.016 2178.500
23.422 2181.000
24.797 2183.000
27.594 2187.500
28.969 2194.250
30.359 2202.500
31.750 2214.250
33.141 2229.000
34.531 2245.500
36.000 2264.250
37.406 2281.750
38.781 2298.500
40.172 2318.500
41.578 2344.250
42.969 2370.500
44.375 2393.250
52.703 2603.500
58.047 892.250
59.406 887.750
60.719 891.500
81.188 595.250
82.641 582.750
84.141 574.250
85.516 567.000
86.859 561.750
88.359 558.000
89.797 554.750
91.281 553.000
92.516 553.500
94.094 554.000
95.469 557.250
102.281 584.250
103.594 595.250
104.766 611.500
124.047 2646.000
125.438 2618.250
126.828 2626.500
145.297 1651.500
175.328 224.750
270.125 491.750
276.406 1897.000
279.906 932.750
282.672 961.750
285.750 796.500
287.250 786.500
288.578 797.000
312.344 203.000
314.156 200.750
315.547 200.500
334.125 560.000
335.609 558.500
337.047 558.500
346.250 1864.000
347.703 1838.000
349.109 1809.500
350.500 1788.000
351.891 1770.750
353.266 1749.000
354.688 1725.250
356.062 1726.500
7.078 2218.500
9.859 2202.000
11.281 2187.500
12.688 2184.250
14.078 2183.750
15.453 2180.000
16.859 2176.750
18.250 2177.750
19.672 2177.000
21.062 2178.000
22.469 2180.500
23.859 2181.250
28.031 2190.500
29.453 2195.500
30.844 2204.250
32.203 2218.000
33.609 2234.000
35.016 2251.500
36.453 2269.250
37.828 2286.750
39.188 2304.500
40.609 2328.000
42.016 2352.750
43.359 2377.000
44.750 2402.750
53.094 2612.500
56.984 905.250
58.469 888.250
59.766 886.500
61.188 893.500
81.594 591.750
83.094 580.000
84.516 571.250
86.000 565.500
87.469 561.250
88.844 557.000
90.234 554.000
91.703 553.000
93.031 553.750
94.547 554.750
101.234 578.750
102.688 587.750
104.062 601.000
121.750 2630.500
145.719 1647.000
183.609 196.000
266.562 483.000
268.156 485.500
269.438 490.250
275.562 1913.000
276.906 1886.750
280.562 932.250
281.828 949.000
284.906 804.500
286.328 790.000
287.859 786.250
294.984 2240.250
311.906 204.500
312.484 202.750
333.359 559.500
334.797 559.000
336.266 557.750
341.047 2726.500
342.484 2729.750
346.922 1852.750
348.344 1823.250
349.750 1800.500
351.172 1780.250
352.531 1761.750
354.000 1739.500
355.406 1716.500
3.625 2020.750
9.203 2212.250
11.953 2189.750
16.125 2181.750
17.516 2178.250
18.953 2178.250
20.344 2177.750
21.719 2178.500
23.125 2181.000
24.531 2183.750
28.703 2191.000
30.109 2201.250
31.484 2213.250
32.875 2227.000
34.281 2242.500
35.703 2260.250
37.078 2278.500
38.484 2296.250
39.891 2314.250
41.297 2337.750
42.641 2366.750
44.062 2390.750
52.391 2597.250
57.656 894.250
59.047 889.250
60.516 891.500
61.938 905.000
81.125 599.500
82.531 585.750
84.000 576.250
85.281 568.000
86.844 562.250
88.094 558.500
89.531 555.250
91.047 553.500
92.469 553.250
93.750 553.500
95.109 555.000
101.938 582.750
103.297 593.000
104.609 608.250
119.672 2307.250
145.062 1661.500
175.953 224.750
253.781 198.000
276.125 1903.250
279.719 937.500
281.016 937.250
282.484 960.000
285.547 799.750
287.047 786.250
288.328 791.250
311.719 205.000
313.078 200.250
333.891 560.000
335.344 558.500
336.719 557.500
341.656 2705.750
343.047 2683.000
347.500 1838.000
348.875 1810.750
350.297 1791.000
351.672 1772.750
353.094 1751.500
354.500 1727.750
355.906 1720.250
6.891 2230.500
9.688 2202.750
12.469 2187.500
13.891 2183.250
15.250 2180.750
16.672 2178.500
18.062 2178.250
19.453 2178.250
20.828 2177.750
22.234 2179.500
23.609 2180.750
27.797 2189.000
29.203 2197.250
30.578 2204.000
32.016 2214.500
33.375 2230.500
34.844 2247.000
36.234 2266.500
37.641 2284.750
39.016 2301.500
40.453 2322.000
41.828 2346.750
43.219 2374.000
44.625 2401.250
52.938 2608.250
58.188 889.000
59.688 886.750
61.047 892.750
81.578 592.500
82.953 581.000
84.469 572.250
85.922 566.250
87.344 561.500
88.594 557.500
90.016 554.500
91.484 553.000
92.984 553.500
94.219 554.250
95.562 554.250
101.141 577.250
102.578 586.000
103.844 598.750
105.141 616.750
121.484 2648.500
122.906 2649.500
145.562 1649.250
252.625 200.000
254.266 200.750
276.531 1893.000
280.125 931.250
281.516 938.750
282.828 958.500
285.938 792.750
287.469 786.500
311.531 205.250
312.922 203.000
334.469 559.000
335.781 558.000
337.188 556.750
340.641 2735.500
346.531 1865.250
347.859 1829.500
349.250 1804.750
350.719 1784.000
352.062 1766.000
353.516 1747.000
354.891 1723.750
356.281 1733.250
5.859 2218.250
8.656 2212.750
10.094 2197.500
11.469 2187.750
12.859 2187.000
14.234 2185.250
15.641 2181.500
17.062 2180.500
18.422 2178.750
19.828 2176.000
21.219 2177.000
22.609 2180.250
24.016 2182.250
28.219 2190.500
29.578 2198.000
30.984 2207.000
32.359 2219.500
33.750 2236.500
35.219 2254.250
36.641 2273.500
38.031 2290.750
39.406 2307.750
40.812 2331.000
42.188 2357.250
43.609 2382.750
53.312 2618.500
57.203 900.250
58.641 887.250
60.031 887.000
61.391 896.000
81.922 589.500
83.453 578.750
84.641 570.250
86.203 565.000
87.703 561.250
88.969 556.750
90.328 554.000
91.859 553.000
93.141 553.750
94.547 555.000
101.375 579.500
102.859 588.250
104.062 601.250
144.406 1687.000
145.828 1647.000
276.672 1890.500
280.250 929.000
281.562 940.250
282.953 964.500
286.094 791.000
287.484 786.000
288.859 801.250
310.828 205.250
313.016 203.000
314.406 201.250
334.516 559.250
335.938 558.000
337.172 556.750
340.719 2736.250
346.531 1865.250
347.938 1828.750
349.297 1804.000
350.750 1784.000
352.156 1766.250
353.531 1747.000
354.922 1723.750
356.328 1733.000
5.906 2219.000
8.688 2213.750
10.094 2198.250
11.516 2187.750
12.906 2187.000
14.312 2187.250
15.703 2183.250
17.078 2180.250
18.484 2178.500
19.906 2175.750
21.250 2176.750
22.688 2180.250
24.047 2181.750
28.219 2190.250
29.625 2197.250
31.031 2206.250
32.422 2219.500
33.812 2236.250
35.250 2254.250
36.641 2273.500
38.031 2290.750
39.438 2307.250
40.828 2330.250
42.234 2356.750
43.578 2382.250
53.344 2618.000
57.188 900.500
58.641 887.000
60.016 887.250
61.438 896.500
80.484 606.250
81.953 590.000
83.297 578.750
84.828 570.250
86.250 565.000
87.484 561.000
88.969 556.750
90.375 554.000
91.922 553.000
93.188 553.500
94.453 555.000
101.484 579.500
102.672 588.250
104.031 601.500
144.453 1686.250
145.891 1643.750
183.406 196.000
267.875 485.250
269.266 490.250
275.500 1916.000
276.938 1889.250
280.516 932.500
281.844 947.500
284.953 804.250
286.422 790.000
287.734 786.500
311.891 204.500
313.281 202.750
333.266 560.750
334.703 559.000
336.031 558.000
340.922 2725.500
342.328 2734.500
346.797 1859.750
348.172 1825.750
349.562 1802.000
351.016 1782.500
352.422 1764.000
353.812 1741.750
355.203 1718.750
9.000 2211.250
14.578 2187.000
15.969 2178.500
17.359 2178.250
18.797 2177.750
20.172 2178.500
21.547 2179.250
22.953 2180.250
24.344 2182.000
28.562 2191.500
29.938 2199.500
31.344 2210.500
32.703 2221.500
34.125 2236.750
35.531 2255.500
36.891 2275.250
38.297 2292.500
39.703 2309.500
41.094 2333.000
42.484 2361.500
43.875 2387.000
52.250 2588.750
53.609 2622.750
57.438 896.750
58.875 888.250
60.375 888.500
61.703 899.250
82.281 587.750
83.719 577.750
85.141 569.250
86.422 563.500
87.984 559.500
89.328 555.750
90.719 553.750
92.203 552.750
93.594 553.000
95.016 555.000
101.812 580.500
103.172 590.000
104.312 605.000
119.406 2314.750
126.297 2624.750
144.781 1675.500
146.203 1638.750
173.797 225.500
183.750 195.750
268.297 488.750
269.609 492.250
275.891 1903.250
277.281 1886.750
280.828 935.000
282.188 960.000
285.375 802.250
286.812 786.500
288.172 788.750
295.297 2245.500
312.234 204.500
313.641 201.000
335.094 558.250
336.406 557.500
341.406 2701.000
342.797 2692.250
347.266 1845.250
348.672 1815.750
350.047 1795.250
351.438 1776.750
352.875 1757.000
354.328 1734.250
355.719 1715.750
6.672 2219.750
9.469 2201.500
12.281 2188.750
13.656 2183.500
15.078 2180.750
16.453 2179.500
17.828 2178.500
19.234 2176.500
20.672 2176.250
22.031 2178.500
23.422 2181.250
24.828 2183.000
26.219 2184.000
27.625 2187.250
29.016 2195.500
30.406 2203.750
31.812 2214.500
33.203 2229.250
34.641 2245.000
36.047 2265.250
37.422 2283.250
38.828 2299.000
40.203 2319.000
41.609 2344.500
43.000 2373.000
44.422 2396.500
52.750 2604.250
54.156 2638.000
58.078 890.500
59.359 887.750
60.906 891.250
81.312 594.250
82.812 582.750
84.234 573.750
85.766 566.500
87.172 561.750
88.500 558.000
89.922 555.000
91.219 553.000
92.672 553.500
94.203 554.000
95.359 558.750
99.562 568.500
101.094 576.750
102.453 585.000
103.797 597.000
121.391 2643.500
122.781 2638.000
124.188 2630.750
126.984 2701.250
145.469 1650.000
254.234 200.250
275.250 1921.250
276.625 1890.750
280.172 931.000
281.531 940.250
282.938 964.250
286.172 790.500
287.500 785.750
288.812 801.000
310.828 205.250
313.016 203.000
314.422 201.250
334.469 558.500
336.031 558.000
337.203 557.250
340.828 2725.500
342.250 2731.250
346.703 1860.250
348.078 1826.250
349.469 1803.250
350.906 1783.500
352.328 1764.000
353.719 1742.000
355.156 1720.750
356.547 1738.250
8.953 2210.750
10.359 2203.500
11.688 2200.750
17.281 2178.000
18.656 2176.500
20.062 2177.250
21.484 2179.250
22.891 2180.000
24.297 2181.500
28.453 2191.250
29.859 2198.250
31.250 2209.500
32.656 2221.250
34.047 2236.750
35.484 2255.250
36.906 2274.250
38.297 2292.000
39.672 2309.250
41.078 2332.500
42.453 2361.750
43.875 2387.500
52.188 2588.750
53.578 2622.250
57.438 896.500
58.906 889.750
60.297 890.250
61.703 899.500
82.312 586.500
83.641 577.750
85.047 569.250
86.703 562.750
87.922 558.750
89.297 555.750
90.734 553.750
92.266 553.250
93.625 553.250
95.062 554.750
101.844 581.250
103.328 591.250
145.000 1661.500
175.672 224.750
267.406 482.500
270.000 492.000
276.297 1897.000
279.953 932.750
282.594 961.000
285.719 796.750
287.125 785.750
288.562 795.750
312.984 203.000
314.141 200.750
315.531 200.500
334.203 558.750
335.734 558.250
337.109 556.250
340.547 2733.250
346.406 1866.750
347.812 1831.000
349.172 1805.500
350.594 1786.750
352.016 1770.000
353.422 1748.500
354.828 1723.750
356.234 1729.500
5.828 2218.000
10.062 2205.500
11.453 2187.500
12.859 2186.500
14.250 2185.250
15.625 2182.000
17.016 2180.500
18.422 2178.500
19.828 2175.750
21.219 2177.250
22.641 2180.250
24.016 2181.500
28.234 2190.250
29.594 2197.000
31.031 2206.000
32.422 2219.500
33.781 2236.500
35.281 2254.250
36.688 2273.500
38.094 2291.000
39.469 2307.000
40.891 2331.750
42.266 2358.500
43.656 2382.250
52.047 2587.250
53.438 2619.500
57.266 899.000
58.812 887.250
60.219 886.750
61.500 897.000
82.125 587.750
83.703 577.750
85.031 569.250
86.250 563.750
87.703 560.000
89.281 556.000
90.750 553.750
92.031 552.750
93.438 553.250
94.922 555.000
101.594 580.000
102.891 590.000
104.234 605.000
119.406 2313.500
126.297 2625.250
144.891 1668.250
146.312 1638.500
175.500 224.750
183.875 196.000
267.141 485.000
269.875 493.500
276.156 1903.000
279.797 937.000
281.109 937.500
282.547 959.750
285.609 797.250
287.094 784.000
288.344 791.500
312.609 203.250
314.016 200.250
334.250 560.000
335.609 558.250
336.781 558.250
347.688 1837.750
349.062 1809.500
350.453 1787.750
351.891 1770.250
353.266 1749.000
354.703 1725.250
356.125 1726.250
7.109 2218.750
9.922 2202.500
11.344 2188.000
12.766 2184.500
14.156 2183.750
15.547 2181.750
16.938 2178.500
18.359 2177.750
19.734 2177.000
21.125 2177.500
22.578 2180.250
23.938 2181.750
28.141 2190.250
29.547 2197.000
30.922 2205.250
32.344 2218.500
33.766 2236.500
35.219 2254.250
36.641 2273.000
38.000 2290.250
39.391 2305.500
40.797 2328.750
42.203 2356.750
43.609 2382.000
52.000 2586.500
53.391 2619.250
57.328 900.250
58.766 887.000
60.062 886.500
61.422 896.750
82.000 588.750
83.594 577.750
84.875 569.750
86.422 564.250
87.625 560.000
89.266 556.000
90.703 553.750
91.969 552.750
93.281 553.250
94.703 555.000
101.703 580.250
102.984 590.000
104.297 605.000
119.438 2313.750
126.359 2626.750
144.922 1667.250
146.328 1638.000
174.000 225.250
183.938 196.500
267.219 482.750
269.891 492.000
276.250 1896.500
279.812 934.250
282.656 960.750
285.781 797.250
287.094 785.750
288.469 795.500
312.750 203.000
314.141 200.750
315.547 200.500
334.078 559.750
335.594 558.000
337.109 556.250
346.406 1870.500
347.781 1833.750
349.172 1805.750
350.578 1787.000
352.031 1769.750
353.391 1748.250
354.844 1723.750
356.219 1730.250
5.859 2218.500
8.625 2220.500
10.047 2204.250
11.453 2187.500
12.859 2186.250
14.281 2186.250
15.672 2183.000
17.062 2180.250
18.484 2178.250
19.859 2175.750
21.297 2176.500
22.703 2179.750
24.078 2181.500
28.281 2190.000
29.688 2197.000
31.062 2206.250
32.469 2219.000
33.875 2235.500
35.312 2253.500
36.672 2273.500
38.078 2290.500
39.484 2306.750
40.875 2332.000
42.250 2360.000
43.688 2383.250
52.062 2586.500
53.453 2619.250
57.312 899.250
58.750 887.250
60.234 886.500
61.516 896.750
80.703 603.750
82.219 588.500
83.422 577.750
85.109 569.250
86.453 563.750
87.875 559.500
89.266 555.750
90.750 553.750
91.953 552.750
93.422 553.000
94.875 555.000
101.875 581.000
103.141 590.500
104.375 605.250
144.922 1663.500
146.328 1638.250
175.578 225.000
267.375 482.500
270.000 491.750
276.328 1896.250
279.953 933.000
282.578 960.250
285.828 796.750
287.094 785.750
288.562 795.250
312.719 203.000
314.125 200.750
315.516 200.500
334.297 559.750
335.562 558.000
337.078 556.250
346.391 1869.750
347.781 1833.000
349.172 1806.250
350.594 1787.250
352.016 1769.250
353.422 1748.000
354.859 1723.750
356.203 1730.250
5.875 2218.250
10.047 2206.250
11.469 2187.500
12.859 2186.000
14.266 2185.000
15.656 2182.000
17.047 2180.250
18.438 2178.250
19.859 2175.500
21.234 2177.250
22.641 2180.750
24.047 2181.500
28.219 2190.250
29.625 2197.000
31.016 2206.250
32.438 2219.000
33.812 2236.000
35.266 2254.000
36.641 2273.250
38.062 2290.500
39.469 2306.250
40.844 2330.000
42.234 2357.000
43.641 2381.750
52.016 2586.000
53.406 2619.000
57.203 900.250
58.672 887.250
60.109 886.500
61.562 896.500
82.125 588.500
83.469 577.750
85.062 569.250
86.312 563.750
87.891 560.000
89.109 556.000
90.500 553.750
92.156 552.750
93.312 553.250
94.859 555.000
101.766 580.250
103.172 590.000
104.328 605.000
119.375 2313.750
124.953 2569.500
144.859 1667.500
146.203 1636.750
174.094 225.000
183.938 196.500
270.266 491.750
276.328 1895.750
279.984 933.500
282.609 960.250
285.766 796.250
287.141 785.500
288.516 795.250
312.750 203.000
314.391 200.750
334.125 558.750
335.625 558.000
337.125 556.000
340.562 2733.750
346.438 1868.750
347.828 1832.750
349.250 1806.500
350.641 1787.250
352.031 1769.000
353.453 1748.000
354.891 1723.750
356.266 1732.750
5.859 2218.500
8.672 2215.000
10.078 2198.000
11.453 2187.500
12.875 2186.000
14.250 2185.500
15.656 2182.750
17.047 2180.250
18.453 2178.250
19.875 2175.500
21.234 2177.250
22.625 2180.750
24.062 2181.500
28.250 2190.250
29.609 2197.000
31.047 2205.750
32.422 2218.750
33.844 2236.250
35.250 2254.250
36.641 2273.500
38.031 2290.750
39.453 2306.250
40.812 2330.250
42.219 2357.500
43.641 2381.750
51.984 2586.250
53.375 2617.750
57.188 900.000
58.672 887.250
60.141 886.500
61.562 896.500
81.984 588.500
83.484 577.750
84.938 569.250
86.297 563.750
87.875 560.000
89.219 556.000
90.562 553.750
92.016 552.750
93.375 553.250
94.844 555.000
101.578 580.250
102.984 590.000
104.281 605.000
119.344 2314.000
144.844 1668.000
146.188 1636.750
175.531 225.000
183.922 196.500
267.344 482.500
270.219 491.750
276.266 1896.000
279.797 934.250
282.594 960.000
285.703 797.250
287.203 785.750
288.484 795.000
312.719 203.000
314.109 200.750
315.516 200.500
334.312 558.750
335.625 557.750
337.125 556.000
340.562 2733.000
346.422 1868.250
347.781 1832.250
349.234 1807.000
350.609 1787.500
352.000 1769.000
353.484 1748.000
354.859 1723.500
356.219 1730.000
5.844 2219.000
8.672 2221.000
10.062 2203.500
11.438 2187.250
12.875 2185.750
14.266 2184.750
15.688 2182.250
17.062 2180.500
18.484 2178.250
19.828 2175.500
21.250 2177.250
22.641 2180.500
24.062 2181.250
28.219 2190.250
29.641 2197.000
31.047 2206.000
32.406 2219.250
33.828 2236.500
35.297 2254.500
36.688 2273.750
38.094 2291.000
39.516 2306.500
40.875 2331.500
42.297 2360.000
43.656 2383.750
52.078 2586.500
53.438 2618.750
57.391 899.000
58.828 887.000
60.188 886.500
61.562 896.500
82.094 587.750
83.609 577.750
85.109 569.250
86.484 563.750
87.812 559.750
89.109 556.000
90.562 553.750
92.047 552.750
93.328 553.000
94.750 555.000
101.781 580.500
102.938 590.000
104.359 605.000
119.375 2314.250
126.328 2626.000
144.875 1667.500
146.312 1638.250
175.531 225.000
183.406 196.250
191.359 133.000
236.625 132.000
267.297 482.500
270.016 491.750
276.328 1896.000
279.969 933.250
282.609 960.000
285.781 796.500
287.156 785.750
288.547 795.250
312.844 203.000
314.250 201.000
334.344 559.000
335.797 558.000
337.078 556.750
340.703 2736.500
346.609 1865.750
347.906 1829.750
349.312 1806.250
350.750 1785.750
352.125 1766.250
353.594 1745.000
354.984 1722.000
356.328 1733.000
5.969 2219.250
8.750 2212.000
10.188 2199.750
11.609 2191.750
15.828 2183.250
17.219 2177.500
18.609 2176.500
20.016 2175.000
21.375 2176.500
22.781 2179.250
24.219 2181.250
28.406 2189.750
29.797 2198.500
31.172 2209.750
32.578 2221.250
33.969 2235.750
35.453 2253.750
36.875 2273.500
38.250 2292.250
39.672 2309.250
41.047 2332.250
42.438 2359.500
43.828 2385.250
52.219 2588.750
53.609 2622.250
57.547 896.500
58.922 889.500
60.344 890.250
61.625 899.750
80.953 602.000
82.266 587.500
83.641 577.750
85.281 569.000
86.578 562.750
87.938 558.750
89.469 555.750
90.891 553.750
92.281 553.250
93.734 553.250
95.109 554.750
101.766 581.250
103.281 591.500
104.656 607.000
119.656 2307.250
145.094 1660.250
175.531 224.750
253.406 200.250
275.281 1921.250
276.656 1891.000
280.266 929.250
281.562 940.500
282.984 964.500
286.141 791.000
287.484 786.000
288.891 801.250
294.750 2237.000
311.266 205.250
312.266 202.750
333.125 560.750
334.688 559.000
336.000 557.750
341.000 2729.750
342.406 2734.500
346.875 1853.500
348.297 1823.750
349.641 1801.500
351.078 1780.750
352.500 1762.000
353.891 1739.750
355.297 1717.250
3.578 2019.000
9.125 2211.750
12.000 2189.500
13.391 2180.750
16.188 2177.750
17.609 2178.000
19.016 2176.500
20.391 2175.500
21.781 2177.250
23.219 2180.750
24.609 2183.750
28.797 2192.500
30.219 2201.250
31.625 2213.500
33.016 2225.750
34.438 2242.750
35.859 2263.500
37.250 2280.500
38.641 2296.500
40.031 2315.500
41.453 2340.250
42.844 2369.000
44.250 2391.250
52.625 2599.250
57.844 892.000
59.266 887.500
60.656 890.500
81.297 596.500
82.750 583.750
84.016 574.750
85.531 567.000
86.828 561.750
88.391 558.000
89.797 554.750
91.281 553.000
92.656 553.500
94.047 554.000
95.406 557.250
102.344 584.000
103.469 595.000
104.922 611.500
124.125 2641.750
125.516 2665.000
126.922 2676.500
145.375 1650.000
175.688 224.250
252.875 199.750
254.266 200.250
276.734 1891.000
280.281 930.500
281.703 942.250
283.016 964.750
286.297 791.000
287.672 787.250
294.797 2235.500
311.750 205.250
313.156 202.750
333.312 560.500
334.484 558.750
336.062 557.750
340.906 2725.000
342.297 2734.000
346.781 1859.750
348.219 1825.750
349.641 1801.500
351.047 1781.000
352.453 1762.500
353.844 1741.500
355.281 1718.500
3.547 1993.750
9.094 2211.250
16.156 2186.500
17.516 2178.250
18.953 2176.500
20.328 2176.250
21.750 2178.000
23.141 2180.750
24.547 2184.000
28.750 2191.000
30.172 2201.250
31.547 2213.250
32.922 2226.750
34.328 2242.250
35.781 2260.250
37.156 2279.000
38.547 2296.500
39.969 2315.250
41.344 2338.500
42.750 2366.750
44.156 2390.750
52.516 2598.750
57.781 893.500
59.219 888.500
60.672 891.000
81.281 596.500
82.656 583.750
84.141 574.750
85.422 567.000
87.016 561.750
88.391 558.000
89.906 554.750
91.328 553.000
92.594 553.500
93.875 554.000
95.391 557.250
102.250 584.250
103.641 595.000
104.891 611.500
124.109 2647.250
125.500 2653.750
126.906 2658.750
145.344 1650.250
176.062 224.250
254.312 200.250
267.984 484.250
276.750 1890.250
280.297 930.500
281.750 943.750
283.141 966.250
286.219 791.000
287.609 787.250
294.828 2236.250
311.766 205.250
313.156 202.750
333.359 560.500
334.750 558.750
336.047 558.000
340.969 2728.750
342.375 2733.500
346.828 1854.000
348.297 1823.750
349.688 1801.250
351.062 1780.750
352.500 1762.250
353.922 1740.000
355.281 1717.250
3.594 2004.000
9.141 2211.000
16.109 2186.750
17.500 2178.250
18.922 2177.250
20.328 2177.000
21.719 2178.500
23.125 2181.000
24.484 2183.000
28.703 2190.750
30.094 2201.250
31.469 2213.250
32.875 2226.750
34.281 2242.250
35.688 2260.250
37.109 2278.750
38.500 2296.000
39.875 2314.000
41.281 2337.500
42.672 2366.750
44.109 2391.000
52.469 2599.000
57.766 893.250
59.109 888.250
60.578 891.000
81.234 595.500
82.781 583.250
84.062 574.500
85.422 567.000
86.828 561.750
88.375 558.000
89.906 554.750
91.312 553.000
92.672 553.500
93.906 554.000
95.453 557.250
102.266 584.250
103.703 595.000
105.016 611.500
124.062 2647.250
125.484 2656.000
126.875 2660.250
145.422 1650.250
175.016 224.250
254.312 200.250
276.656 1891.000
280.328 929.000
281.594 940.750
282.984 964.750
286.219 790.750
287.547 785.750
311.656 205.250
313.062 203.000
334.469 558.500
335.891 557.750
337.266 557.750
340.875 2724.750
342.297 2733.750
346.781 1860.000
348.141 1825.750
349.516 1802.750
350.938 1783.250
352.391 1763.750
353.781 1742.000
355.188 1719.000
8.969 2210.500
14.531 2186.750
15.938 2178.500
17.391 2178.250
18.750 2177.500
20.156 2178.250
21.531 2179.250
22.953 2180.250
24.344 2182.250
28.547 2191.500
29.938 2199.500
31.312 2211.000
32.734 2222.250
34.094 2236.750
35.609 2255.750
36.969 2275.500
38.359 2295.250
39.766 2313.500
41.172 2334.500
42.594 2362.500
43.953 2389.250
52.344 2596.250
57.594 896.000
59.062 889.250
60.453 891.500
61.828 904.750
80.906 599.750
82.469 586.000
83.891 576.250
85.266 568.000
86.750 562.500
88.031 558.500
89.406 555.250
91.062 553.500
92.406 553.000
93.828 553.250
95.156 555.000
101.906 582.750
103.250 592.750
104.734 607.750
119.719 2305.750
123.797 2613.250
145.188 1652.500
175.891 224.500
254.219 200.500
270.375 493.250
276.516 1893.250
280.125 930.000
281.438 937.500
282.844 958.250
285.922 796.000
287.391 787.000
288.719 798.250
311.547 205.250
312.953 203.000
334.531 559.250
335.922 558.000
337.156 556.750
340.703 2737.000
346.578 1865.500
347.953 1828.750
349.328 1805.000
350.719 1785.250
352.125 1766.000
353.547 1745.250
354.938 1722.250
356.344 1732.750
5.969 2221.250
8.750 2214.000
10.156 2199.750
11.531 2189.750
15.719 2181.250
17.141 2178.250
18.547 2178.250
19.922 2175.750
21.297 2176.500
22.703 2179.000
24.094 2181.250
28.297 2189.750
29.703 2197.000
31.078 2206.750
32.500 2219.750
33.875 2236.000
35.375 2253.750
36.766 2273.250
38.125 2290.750
39.562 2307.000
40.938 2331.750
42.344 2360.000
43.734 2385.250
52.094 2586.750
53.469 2619.000
57.344 899.000
58.703 887.000
60.141 886.500
61.500 896.750
82.109 588.250
83.594 577.750
85.062 569.250
86.453 563.750
87.828 560.000
89.125 556.000
90.562 553.750
91.969 552.750
93.438 553.250
94.719 555.000
101.750 580.250
102.922 590.000
104.234 604.250
119.375 2314.500
124.922 2569.500
144.859 1668.250
146.234 1636.750
175.484 225.250
183.859 196.000
253.812 196.250
267.188 485.000
269.906 493.500
276.156 1903.000
279.688 936.250
281.078 937.500
282.531 959.500
285.562 797.250
287.031 784.250
288.422 791.500
312.594 203.000
314.000 200.000
333.969 560.000
335.312 558.750
336.781 558.500
343.141 2680.000
347.578 1837.500
348.969 1810.750
350.422 1790.500
351.812 1771.250
353.188 1749.250
354.625 1727.000
355.984 1724.500
6.969 2219.250
9.812 2203.500
12.594 2188.250
14.016 2183.250
15.422 2180.250
16.812 2177.500
18.219 2177.500
19.625 2177.750
21.016 2179.000
22.422 2180.000
23.812 2180.750
28.016 2190.250
29.391 2195.500
30.766 2203.250
32.188 2216.750
33.562 2234.000
35.016 2251.750
36.406 2269.500
37.797 2286.750
39.203 2304.250
40.609 2328.000
42.000 2352.500
43.375 2376.750
44.812 2403.000
53.141 2612.750
57.000 905.250
58.516 888.000
59.875 886.500
61.203 893.750
81.656 590.250
83.312 579.250
84.672 571.000
86.203 565.250
87.609 561.000
89.016 556.750
90.328 554.000
91.859 553.000
93.219 553.500
94.656 555.000
101.312 579.250
102.891 588.250
104.062 601.500
144.562 1681.500
145.953 1642.750
183.609 196.000
267.031 486.750
269.750 495.500
276.094 1903.250
281.047 937.250
282.469 959.500
285.531 799.250
287.078 786.000
288.344 791.250
311.156 206.500
312.562 203.000
313.969 200.250
334.125 559.750
335.422 558.500
336.797 558.250
343.125 2680.250
347.578 1837.250
349.016 1810.250
350.406 1790.500
351.812 1771.250
353.219 1749.500
354.641 1726.000
356.047 1723.500
7.047 2218.750
9.875 2202.500
12.641 2188.500
14.047 2183.500
15.422 2180.500
16.844 2178.000
18.266 2177.750
19.641 2177.750
21.062 2179.250
22.438 2180.250
23.859 2180.750
28.016 2190.500
29.438 2195.500
30.859 2204.500
32.219 2218.000
33.609 2233.750
35.031 2251.750
36.438 2269.750
37.812 2287.000
39.250 2304.500
40.609 2327.500
42.047 2352.500
43.438 2377.000
44.828 2403.250
53.172 2614.250
57.047 905.000
58.516 887.750
59.922 886.000
61.328 893.750
81.781 590.250
83.391 579.000
84.625 571.000
86.000 565.250
87.672 561.000
88.969 556.750
90.484 554.000
91.922 553.000
93.062 553.500
94.500 555.000
101.328 579.250
102.922 589.000
104.125 602.500
144.562 1681.750
145.984 1642.500
183.688 196.250
253.734 196.750
267.281 483.000
270.109 492.250
276.250 1896.750
279.906 934.250
282.547 959.750
285.812 797.250
287.203 785.750
288.500 795.000
312.719 203.000
314.109 200.750
315.516 200.500
334.125 559.500
335.562 557.750
336.984 556.250
346.391 1868.500
347.781 1831.750
349.203 1806.500
350.578 1787.250
351.984 1769.000
353.391 1748.000
354.859 1723.500
356.219 1729.750
5.844 2209.750
10.031 2206.000
11.406 2187.250
12.812 2185.500
14.219 2184.500
15.641 2182.250
17.000 2180.500
18.406 2178.250
19.797 2176.500
21.188 2178.250
22.609 2180.750
24.016 2181.750
28.172 2190.250
29.594 2197.000
31.000 2205.750
32.375 2218.750
33.734 2236.750
35.203 2254.750
36.578 2273.000
37.984 2290.250
39.359 2305.500
40.781 2329.250
42.172 2357.000
43.578 2381.500
44.984 2366.000
53.328 2617.750
57.250 900.250
58.562 887.250
60.000 886.750
61.484 895.750
81.969 588.500
83.375 578.250
84.844 570.250
86.156 564.250
87.797 560.000
89.062 556.250
90.516 554.000
91.875 552.750
93.234 553.250
94.641 555.000
101.656 579.750
103.000 589.000
104.328 603.500
144.562 1680.750
146.016 1642.000
183.641 196.000
275.953 1902.750
280.891 935.250
282.266 958.500
285.422 801.250
286.891 786.250
295.422 2237.000
312.406 205.000
313.812 200.000
334.016 559.750
335.438 558.500
336.812 558.250
343.125 2682.250
347.594 1836.750
348.969 1810.000
350.375 1790.250
351.766 1771.000
353.188 1749.750
354.609 1727.500
356.016 1724.750
7.062 2218.750
9.844 2202.500
12.641 2188.000
14.047 2183.500
15.438 2180.750
16.844 2178.250
18.219 2178.000
19.641 2177.500
21.016 2178.750
22.422 2180.000
23.844 2180.500
28.062 2190.250
29.453 2195.750
30.844 2204.500
32.266 2218.500
33.625 2234.500
35.031 2251.500
36.453 2269.500
37.812 2286.750
39.219 2304.250
40.625 2327.000
42.016 2352.000
43.406 2377.250
44.781 2405.000
53.141 2613.250
57.047 904.750
58.406 887.500
59.859 885.750
61.266 895.500
81.828 590.250
83.250 578.750
84.594 570.750
86.156 565.250
87.469 561.000
89.031 556.750
90.344 554.000
91.750 553.000
93.219 553.500
94.562 555.000
101.484 579.000
102.672 588.000
104.016 601.500
144.500 1681.000
145.938 1641.500
183.531 196.000
266.875 483.500
268.234 487.750
269.547 491.500
275.797 1906.000
277.172 1886.250
280.812 932.250
285.250 803.500
286.641 786.750
287.984 787.500
295.234 2246.250
313.172 200.000
335.359 558.500
336.578 557.250
341.594 2706.000
342.984 2685.000
344.422 2662.500
347.422 1838.500
348.859 1811.000
350.250 1791.250
351.656 1773.250
353.031 1751.500
354.484 1727.750
355.891 1717.250
6.922 2228.750
9.719 2202.250
12.531 2187.000
13.906 2183.250
15.344 2180.750
16.750 2178.500
18.109 2178.000
19.547 2177.250
20.922 2178.500
22.312 2180.750
23.734 2180.500
27.938 2190.250
29.312 2197.000
30.750 2204.750
32.109 2217.250
33.516 2234.250
35.016 2251.750
36.406 2269.750
37.797 2286.000
39.172 2303.250
40.609 2327.000
42.000 2351.500
43.391 2377.000
44.781 2404.750
53.188 2614.000
57.062 904.500
58.484 887.250
59.844 885.500
61.328 893.500
81.812 590.250
83.312 578.750
84.719 570.500
86.000 565.250
87.531 561.000
88.875 556.750
90.250 554.000
91.797 553.000
93.000 553.500
94.531 555.000
101.453 579.000
102.844 588.000
104.000 601.500
144.469 1682.250
145.938 1642.250
183.484 196.000
268.047 485.250
269.266 490.250
275.531 1913.750
276.938 1887.000
280.578 932.250
281.828 948.750
284.969 804.250
286.375 790.000
287.703 786.500
311.969 204.500
313.375 202.500
333.531 559.500
334.953 559.000
336.125 557.750
341.125 2726.500
342.578 2729.250
346.984 1852.750
348.422 1823.000
349.797 1800.250
351.234 1779.500
352.609 1760.750
354.062 1739.000
355.469 1716.250
6.406 2223.000
9.234 2205.000
12.062 2188.750
13.453 2181.250
16.250 2179.750
17.672 2179.500
19.062 2176.250
20.484 2175.250
21.875 2177.000
23.281 2180.250
24.656 2183.250
28.859 2193.750
30.234 2202.500
31.672 2213.500
33.078 2226.750
34.453 2243.750
35.922 2263.750
37.312 2281.500
38.734 2298.500
40.125 2316.250
41.516 2340.250
42.938 2368.750
44.328 2393.500
52.703 2603.750
57.953 891.750
59.391 887.500
60.766 891.250
81.438 595.500
82.766 582.750
84.109 573.750
85.547 566.500
87.062 561.500
88.469 557.750
89.766 554.750
91.312 553.000
92.672 553.500
93.953 554.000
95.422 558.750
99.625 568.000
100.875 576.250
102.422 584.750
103.672 595.750
105.016 611.750
121.375 2644.500
122.766 2637.500
124.172 2630.000
145.516 1649.250
174.875 224.250
252.812 200.000
253.953 200.500
270.172 493.500
276.594 1891.750
280.141 931.250
281.516 940.250
282.922 960.000
286.125 792.750
287.438 787.750
288.812 799.500
311.578 205.250
312.984 203.000
313.750 201.000
334.281 559.250
335.734 558.000
337.250 556.750
340.734 2736.750
346.562 1865.500
347.953 1828.750
349.406 1803.500
350.781 1783.750
352.172 1766.250
353.625 1745.250
355.000 1722.000
356.359 1733.500
5.969 2218.500
8.797 2210.250
10.172 2198.750
11.641 2191.000
15.781 2182.750
17.219 2177.250
18.594 2176.750
19.984 2175.500
21.391 2176.500
22.797 2178.750
24.188 2181.000
28.391 2189.750
29.797 2198.500
31.203 2209.750
32.578 2221.250
33.969 2236.250
35.406 2254.500
36.797 2273.750
38.188 2291.750
39.578 2309.500
41.016 2333.000
42.391 2360.250
43.781 2385.250
52.125 2589.000
53.531 2620.750
57.453 898.750
58.875 887.500
60.172 888.000
61.625 897.750
82.094 587.500
83.531 577.750
85.109 569.250
86.516 563.750
87.984 559.500
89.359 555.750
90.797 553.750
92.141 552.750
93.500 553.000
94.844 555.000
101.703 581.250
103.141 590.750
104.547 605.000
144.906 1667.250
146.281 1638.000
175.500 224.750
183.875 196.000
269.750 495.250
276.062 1903.000
281.062 937.000
282.328 960.500
285.578 801.500
286.906 786.000
288.266 788.250
313.859 200.000
333.891 559.750
335.203 558.250
336.703 557.250
341.656 2706.500
343.031 2684.000
347.484 1838.250
348.906 1810.750
350.297 1790.750
351.703 1772.500
353.141 1751.500
354.531 1727.750
355.969 1724.000
6.938 2227.750
9.766 2203.000
12.547 2187.500
13.953 2183.000
15.328 2180.750
16.750 2178.750
18.125 2178.250
19.562 2177.500
20.922 2178.500
22.328 2180.750
23.734 2180.500
27.953 2190.500
29.328 2196.750
30.719 2205.000
32.141 2217.750
33.531 2234.250
34.984 2251.500
36.359 2268.750
37.734 2285.000
39.125 2303.000
40.547 2327.000
41.922 2351.750
43.328 2375.750
44.734 2401.000
53.094 2613.750
57.000 904.750
58.375 888.000
59.891 886.500
61.156 893.750
81.781 591.000
83.234 579.500
84.781 570.750
86.156 565.250
87.391 561.000
88.875 556.750
90.297 554.000
91.688 553.000
93.172 553.500
94.547 554.750
101.328 579.000
102.906 588.000
104.188 601.500
144.578 1681.750
145.938 1642.000
183.656 196.000
269.766 495.250
276.000 1902.500
280.969 935.500
282.297 959.000
285.391 801.250
286.906 785.750
288.266 788.000
295.484 2219.250
313.844 200.000
333.984 559.750
335.297 558.500
336.703 557.500
343.094 2682.750
347.547 1836.500
349.000 1810.000
350.406 1790.500
351.781 1771.000
353.234 1750.000
354.641 1726.750
356.031 1723.250
7.047 2218.750
9.875 2202.500
12.641 2187.500
14.031 2183.000
15.422 2180.750
16.828 2178.500
18.219 2178.000
19.609 2177.500
21.000 2178.500
22.406 2179.750
23.812 2180.500
28.016 2190.500
29.422 2195.750
30.812 2204.000
32.188 2217.750
33.594 2234.250
35.062 2251.500
36.453 2269.750
37.812 2287.250
39.250 2304.500
40.656 2327.000
42.016 2351.500
43.438 2376.750
44.812 2404.250
46.266 2391.250
53.188 2614.500
57.125 904.500
58.453 887.250
59.891 885.500
61.344 895.250
80.562 606.250
82.000 590.250
83.406 578.500
84.891 570.250
86.094 564.750
87.672 560.750
88.984 556.500
90.562 554.000
91.906 552.750
93.297 553.250
94.500 554.750
101.438 579.000
102.906 588.750
104.203 603.250
146.094 1638.750
175.422 225.750
183.828 195.750
253.781 196.250
267.141 483.250
269.891 492.250
276.234 1901.250
279.750 934.250
282.609 960.500
285.719 797.250
287.172 785.750
288.500 794.750
312.672 203.500
314.078 201.250
315.484 200.250
334.266 559.500
335.531 557.750
337.125 556.250
346.438 1868.250
347.828 1831.750
349.188 1806.250
350.641 1786.750
352.031 1768.750
353.422 1748.000
354.859 1723.750
356.203 1733.000
5.891 2212.000
10.078 2206.250
11.453 2187.250
12.844 2185.750
14.281 2185.000
15.672 2182.750
17.078 2180.500
18.453 2178.250
19.875 2175.500
21.234 2177.500
22.641 2180.750
24.062 2181.750
28.250 2190.000
29.656 2197.250
31.062 2206.750
32.422 2219.750
33.844 2236.750
35.328 2255.000
36.703 2273.750
38.141 2290.750
39.500 2307.250
40.906 2332.000
42.312 2360.250
43.703 2385.000
52.109 2588.000
53.500 2619.500
57.422 898.750
58.766 887.500
60.266 887.750
61.625 899.250
82.219 587.500
83.750 577.750
85.047 569.250
86.547 563.500
87.844 559.500
89.266 555.750
90.781 553.750
92.047 552.750
93.656 553.000
94.859 555.000
101.938 581.250
103.094 591.250
104.484 605.750
145.109 1660.000
175.828 224.500
254.266 200.250
275.203 1921.250
276.641 1891.250
280.203 931.000
281.609 940.250
283.000 964.250
286.172 791.000
287.469 786.000
294.672 2228.250
311.688 205.250
313.094 202.750
333.109 560.250
334.500 558.500
335.875 557.750
340.906 2724.750
342.344 2734.000
346.766 1862.250
348.156 1826.000
349.547 1801.750
350.953 1782.250
352.391 1763.500
353.797 1741.750
355.219 1719.250
3.500 1989.500
9.016 2211.000
14.625 2188.500
16.031 2180.500
17.453 2178.750
18.875 2177.500
20.266 2177.250
21.641 2178.750
23.047 2180.750
24.469 2182.250
28.656 2190.500
30.016 2199.750
31.438 2212.000
32.828 2226.750
34.234 2242.000
35.688 2260.250
37.109 2279.000
38.500 2295.500
39.891 2313.250
41.281 2337.500
42.656 2366.750
44.094 2390.750
52.469 2598.500
57.766 893.250
59.172 888.250
60.547 891.000
61.969 904.250
82.672 584.000
84.062 574.750
85.359 567.250
86.812 562.000
88.188 558.000
89.812 554.750
91.062 553.000
92.422 553.250
93.797 553.500
95.203 556.000
102.062 584.000
103.469 595.000
104.812 611.250
124.078 2647.750
125.484 2668.250
126.906 2672.500
145.438 1650.750
268.125 485.750
269.562 491.500
275.656 1908.750
277.125 1886.000
280.750 927.750
285.094 807.250
286.625 787.500
287.906 786.750
295.156 2242.000
312.141 204.500
313.547 201.000
335.000 558.000
336.328 557.250
341.344 2710.750
342.734 2702.750
347.172 1848.000
348.562 1819.250
349.984 1796.250
351.375 1777.000
352.828 1758.000
354.219 1735.500
355.609 1716.000
6.609 2221.500
9.406 2202.000
12.266 2188.750
13.625 2183.500
15.031 2181.000
16.453 2180.000
17.859 2178.750
19.234 2176.750
20.641 2176.250
22.047 2178.500
23.438 2181.250
24.844 2182.750
26.250 2184.000
27.656 2187.500
29.031 2195.000
30.422 2203.250
31.828 2214.250
33.219 2229.000
34.688 2245.250
36.062 2265.250
37.438 2284.500
38.844 2300.500
40.266 2319.500
41.656 2344.500
43.047 2372.750
44.469 2397.750
52.828 2606.250
54.203 2638.250
58.109 890.250
59.453 887.250
60.891 891.000
81.312 594.250
82.797 582.500
84.344 573.500
85.797 566.500
87.188 561.500
88.438 557.750
90.109 554.750
91.516 553.000
92.859 553.500
94.250 554.000
95.469 556.750
99.766 566.250
101.031 577.000
102.375 585.250
103.781 597.250
121.500 2649.000
122.891 2650.000
145.609 1649.250
266.969 483.500
268.156 487.750
269.469 491.750
275.828 1906.500
277.219 1886.250
280.781 934.500
282.156 958.750
285.234 803.250
286.781 787.500
288.047 788.250
295.312 2246.750
312.281 205.250
313.688 200.000
335.031 558.250
336.422 557.250
341.500 2702.750
342.859 2691.500
344.312 2664.500
347.344 1843.750
348.734 1815.000
350.141 1793.250
351.594 1773.250
353.016 1755.250
354.391 1733.750
355.781 1719.250
6.797 2219.750
9.609 2200.500
12.438 2187.500
13.828 2183.500
15.234 2180.500
16.625 2178.750
18.000 2178.000
19.453 2177.250
20.812 2177.500
22.250 2179.000
23.641 2180.500
27.812 2189.000
29.234 2196.750
30.609 2203.750
32.047 2214.500
33.438 2230.250
34.828 2247.000
36.219 2266.750
37.609 2285.000
39.000 2301.250
40.406 2322.250
41.781 2347.250
43.172 2374.250
44.594 2398.750
52.922 2608.000
58.281 889.500
59.625 887.000
60.984 892.500
81.516 593.500
82.859 581.000
84.328 572.250
85.953 566.250
87.250 561.500
88.750 557.500
90.172 554.250
91.422 552.750
92.891 553.750
94.219 554.250
95.766 551.250
101.312 578.000
102.438 586.000
103.906 598.750
121.594 2655.750
122.984 2651.000
145.609 1648.750
268.219 485.750
269.578 491.500
275.703 1908.250
277.094 1885.750
280.766 928.750
285.172 807.250
286.594 787.000
287.969 786.500
295.250 2246.500
312.219 204.500
313.625 200.750
335.281 558.500
336.531 557.500
341.562 2711.500
342.938 2692.250
344.375 2664.500
347.391 1838.500
348.812 1812.250
350.250 1793.250
351.625 1773.500
353.031 1751.750
354.453 1728.000
355.906 1717.750
6.906 2227.750
9.719 2202.500
12.500 2187.000
13.906 2183.250
15.297 2180.750
16.719 2179.000
18.094 2179.000
19.531 2177.750
20.922 2177.250
22.312 2179.250
23.719 2180.750
27.906 2190.250
29.297 2196.750
30.734 2204.750
32.094 2217.250
33.516 2234.000
34.922 2249.250
36.328 2267.000
37.703 2285.250
39.078 2302.750
40.484 2326.750
41.906 2350.500
43.297 2375.000
44.672 2401.000
53.047 2613.250
56.859 906.500
58.391 889.000
59.734 886.750
61.234 893.500
81.750 591.500
83.172 579.500
84.484 570.750
86.141 565.000
87.594 561.000
88.797 557.000
90.359 554.000
91.703 553.000
93.031 553.500
94.609 554.500
101.422 578.750
102.828 588.000
104.047 601.250
145.891 1644.000
183.516 196.000
267.016 483.500
268.234 487.750
269.469 492.000
275.844 1906.500
277.203 1886.000
280.734 934.500
282.172 958.750
285.266 803.000
286.781 786.000
288.078 786.750
295.281 2246.500
312.328 205.250
313.484 200.000
333.859 559.750
335.375 558.500
336.641 557.500
343.125 2682.000
347.562 1836.250
349.000 1809.500
350.422 1790.250
351.781 1771.250
353.203 1750.250
354.672 1727.000
356.047 1723.500
7.109 2218.500
9.891 2202.250
11.281 2187.000
12.688 2184.250
14.078 2183.750
15.484 2181.000
16.891 2178.250
18.281 2178.000
19.703 2177.250
21.109 2178.000
22.484 2179.750
23.922 2181.250
28.125 2190.250
29.484 2196.250
30.891 2204.500
32.312 2217.750
33.703 2235.750
35.188 2254.000
36.578 2272.000
37.953 2288.750
39.375 2304.750
40.781 2329.250
42.172 2356.500
43.547 2381.000
44.969 2365.250
53.344 2618.250
57.219 900.250
58.672 887.250
60.078 886.750
61.531 897.000
82.094 588.500
83.672 577.750
84.969 569.250
86.234 563.750
87.812 560.000
89.281 556.000
90.547 553.750
92.016 552.750
93.484 553.250
94.672 555.000
101.562 580.250
102.938 590.000
104.422 605.000
119.344 2315.000
124.891 2569.250
144.859 1667.500
146.266 1637.750
175.531 224.750
183.906 196.250
237.547 133.000
267.391 482.750
270.000 492.000
276.266 1900.500
279.797 934.250
282.531 959.500
285.688 797.500
287.062 785.750
288.516 794.750
312.734 203.250
314.141 201.000
315.531 200.250
334.234 559.000
335.734 558.000
337.062 556.000
340.641 2737.750
346.531 1866.000
347.859 1829.750
349.328 1806.000
350.719 1785.500
352.109 1766.250
353.547 1746.500
354.938 1723.500
356.344 1732.750
5.984 2218.000
8.797 2209.750
10.172 2198.500
11.578 2190.750
15.812 2182.500
17.203 2177.500
18.594 2177.000
20.000 2175.750
21.422 2176.750
22.781 2179.000
24.188 2181.000
28.422 2190.000
29.797 2198.500
31.188 2209.750
32.594 2222.000
34.000 2237.250
35.500 2255.750
36.859 2274.500
38.250 2292.500
39.688 2309.750
41.062 2333.000
42.484 2362.750
43.891 2387.750
52.281 2589.000
53.672 2621.500
57.625 896.250
58.984 889.500
60.438 891.750
61.703 901.250
82.391 586.000
83.766 576.500
85.109 568.250
86.750 562.500
88.156 558.500
89.469 555.250
90.797 553.750
92.297 553.250
93.594 553.250
94.953 555.000
101.844 582.500
103.172 592.000
104.516 607.000
119.641 2305.750
145.109 1660.000
175.766 224.500
270.312 491.750
276.484 1893.500
280.016 931.250
282.734 961.250
285.953 796.250
287.344 786.750
288.750 798.000
311.516 205.250
312.922 203.000
334.547 559.000
335.906 558.000
337.359 556.750
340.750 2737.250
346.625 1865.500
347.969 1828.750
349.406 1803.500
350.844 1783.750
352.250 1766.250
353.609 1745.000
355.031 1722.000
356.391 1738.500
8.859 2208.500
10.234 2196.750
17.344 2178.500
18.750 2177.000
20.125 2178.250
21.531 2180.000
22.922 2180.500
24.328 2182.250
28.547 2191.750
29.922 2199.750
31.328 2212.250
32.750 2224.000
34.141 2237.750
35.625 2256.250
37.047 2276.250
38.438 2295.500
39.859 2313.500
41.234 2337.500
42.625 2365.750
44.031 2389.500
52.422 2596.250
57.688 893.250
59.078 888.500
60.516 891.500
61.891 904.750
82.531 584.250
84.109 575.500
85.359 568.000
86.828 562.000
88.344 558.000
89.719 554.500
91.125 553.000
92.438 553.250
93.891 553.500
95.234 555.750
102.031 583.750
103.500 594.750
104.844 611.000
124.078 2648.000
125.469 2666.750
126.875 2670.500
145.453 1650.500
175.672 224.250
254.375 200.000
268.000 484.750
276.812 1889.750
280.453 930.500
281.734 943.750
283.172 967.250
286.203 790.750
287.641 787.250
294.859 2241.500
311.828 205.000
313.219 202.750
333.312 560.250
334.609 558.750
336.000 557.750
341.047 2726.500
342.438 2731.000
346.891 1854.500
348.266 1823.500
349.688 1801.250
351.078 1780.500
352.500 1760.750
353.953 1738.500
355.359 1717.250
3.594 2007.250
9.141 2211.000
11.938 2188.750
16.141 2181.750
17.531 2178.250
18.922 2177.000
20.328 2177.250
21.719 2178.750
23.109 2181.250
24.547 2183.750
28.719 2191.250
30.141 2201.500
31.484 2213.000
32.891 2226.500
34.297 2241.750
35.750 2260.250
37.141 2279.250
38.562 2296.750
39.953 2315.750
41.344 2339.000
42.734 2367.000
44.156 2391.000
52.531 2597.750
57.812 893.000
59.219 888.250
60.641 890.750
81.203 596.000
82.547 584.000
84.062 574.750
85.516 567.000
87.000 561.500
88.484 557.750
89.891 554.500
91.266 552.750
92.734 553.500
94.109 554.000
95.312 558.000
99.531 567.000
100.984 576.000
102.172 584.750
103.500 595.500
121.422 2646.500
122.828 2636.250
124.250 2626.750
145.531 1649.250
268.094 485.250
269.312 490.250
275.547 1913.750
276.938 1887.000
280.562 932.500
281.891 949.000
285.016 804.000
286.453 790.000
287.875 786.500
313.391 202.250
334.766 558.750
336.375 558.000
341.188 2723.750
342.609 2725.750
347.016 1850.750
348.484 1821.250
349.891 1799.500
351.281 1779.000
352.703 1758.250
354.109 1735.250
355.516 1715.000
6.500 2221.500
9.344 2202.250
12.109 2189.000
13.500 2181.750
16.297 2180.000
17.719 2179.250
19.125 2176.500
20.531 2175.750
21.922 2177.500
23.328 2180.250
24.703 2182.750
28.922 2193.500
30.281 2202.000
31.672 2213.250
33.094 2227.500
34.484 2244.250
35.938 2263.750
37.344 2281.250
38.719 2298.250
40.125 2316.250
41.516 2339.750
42.906 2368.500
44.281 2393.250
52.656 2604.000
57.984 891.750
59.406 887.500
60.812 891.250
81.234 595.250
82.672 582.500
84.328 573.500
85.688 566.500
87.125 561.500
88.500 557.750
89.844 554.750
91.469 553.000
92.797 553.500
94.047 554.000
95.625 557.750
99.625 567.500
100.984 576.750
102.406 584.750
103.734 597.000
121.469 2647.000
122.875 2649.750
124.312 2609.250
145.562 1649.000
268.000 485.750
269.375 491.500
275.641 1913.250
277.031 1886.750
280.641 925.500
285.094 807.000
286.625 787.000
287.984 784.000
295.125 2242.500
312.078 204.500
313.484 201.000
335.109 557.750
336.375 557.500
341.344 2719.000
342.750 2710.750
347.172 1847.250
348.578 1819.000
350.031 1796.000
351.422 1776.750
352.828 1757.000
354.219 1734.500
355.688 1715.750
6.672 2220.250
9.500 2201.750
12.266 2188.750
13.672 2183.500
15.062 2181.000
16.438 2180.000
17.875 2178.750
19.250 2176.500
20.688 2176.000
22.047 2178.500
23.469 2181.500
24.844 2183.000
26.250 2184.000
27.641 2187.500
29.062 2194.750
30.422 2202.500
31.844 2213.750
33.250 2229.000
34.719 2245.500
36.125 2265.250
37.484 2284.250
38.906 2301.000
40.297 2320.250
41.672 2344.750
43.094 2373.000
44.516 2398.500
52.875 2607.750
58.188 890.000
59.641 887.000
61.031 892.500
81.672 592.500
83.078 581.000
84.578 572.250
85.984 566.250
87.359 561.500
88.625 557.250
90.109 554.250
91.547 552.750
92.891 553.500
94.266 554.500
95.938 549.250
101.344 578.250
102.516 586.500
103.891 599.000
121.688 2637.500
145.922 1642.750
183.641 195.750
267.078 485.750
269.781 494.250
276.156 1903.000
279.719 937.000
281.094 937.000
282.438 959.000
285.672 797.750
286.969 784.000
288.406 791.250
314.031 201.000
334.109 559.500
335.609 557.750
337.047 557.750
346.391 1868.000
347.797 1832.000
349.141 1807.250
350.578 1787.250
351.984 1768.750
353.406 1748.000
354.844 1723.500
356.250 1729.750
5.844 2213.750
8.688 2215.250
10.109 2198.000
11.453 2187.500
12.859 2185.750
14.250 2184.750
15.641 2182.500
17.047 2180.500
18.469 2178.250
19.844 2175.750
21.266 2176.750
22.672 2180.000
24.062 2182.000
28.281 2190.250
29.672 2197.500
31.094 2206.750
32.484 2219.500
33.844 2236.250
35.328 2254.500
36.750 2274.000
38.109 2291.000
39.562 2307.500
40.938 2332.250
42.328 2360.250
43.719 2385.500
53.500 2619.750
57.453 898.750
58.859 887.500
60.266 887.750
61.578 899.000
82.234 587.500
83.766 577.750
85.078 569.250
86.531 563.500
88.062 559.250
89.266 555.750
90.688 553.750
92.109 552.750
93.531 553.000
95.000 555.000
101.750 581.500
103.250 591.250
104.516 606.750
119.562 2305.500
145.094 1661.500
174.547 224.250
254.281 200.000
276.766 1891.250
280.406 930.500
281.734 943.750
283.125 966.000
286.172 790.750
287.562 787.250
294.859 2241.000
311.891 204.750
313.312 202.250
333.422 559.250
334.891 558.500
336.328 557.750
341.172 2724.250
342.609 2726.000
347.047 1850.500
348.453 1821.250
349.875 1799.500
351.250 1779.000
352.688 1758.000
354.141 1735.250
355.547 1715.000
6.531 2220.750
9.328 2202.000
12.188 2189.000
13.547 2183.500
14.969 2179.750
16.359 2179.250
17.766 2179.500
19.188 2176.750
20.547 2176.250
21.984 2178.250
23.391 2180.750
24.797 2182.750
26.172 2183.500
27.594 2187.250
29.016 2194.000
30.375 2201.750
31.781 2214.250
33.188 2229.250
34.672 2245.500
36.047 2265.750
37.453 2284.500
38.844 2300.250
40.250 2319.500
41.656 2344.750
43.062 2373.000
44.438 2398.250
52.828 2606.250
54.219 2639.250
58.125 890.000
59.484 887.000
61.016 892.250
81.547 593.500
82.922 581.000
84.500 572.250
85.797 566.250
87.359 561.500
88.594 557.500
90.125 554.250
91.578 552.750
92.953 553.500
94.266 554.000
95.875 550.000
101.328 577.750
102.672 586.250
103.922 599.000
121.734 2636.000
145.891 1642.250
183.594 195.750
253.766 196.250
267.312 482.750
270.125 491.750
276.250 1895.500
279.844 934.250
282.641 959.500
285.828 796.750
287.219 785.750
288.594 794.750
312.234 203.000
314.203 200.500
315.594 200.250
334.359 558.750
335.891 557.750
337.281 556.500
340.672 2737.500
346.578 1865.500
347.984 1828.750
349.375 1803.500
350.812 1784.000
352.188 1766.250
353.594 1744.750
355.047 1722.000
356.406 1738.000
8.906 2209.000
10.312 2202.250
11.672 2198.500
17.312 2178.250
18.703 2176.750
20.078 2178.250
21.484 2180.000
22.906 2180.500
24.312 2182.000
28.500 2191.750
29.891 2198.750
31.297 2210.000
32.688 2222.750
34.094 2237.500
35.562 2256.000
36.953 2276.000
38.344 2295.000
39.750 2311.750
41.141 2333.500
42.531 2363.250
43.938 2389.250
52.344 2595.000
53.719 2623.000
57.688 896.000
58.984 889.500
60.469 891.750
61.750 904.500
82.516 586.000
83.766 576.500
85.281 568.000
86.688 562.000
88.062 558.250
89.719 555.250
91.094 553.250
92.312 553.250
93.688 553.500
95.188 554.750
102.016 583.250
103.375 593.000
123.969 2636.500
125.406 2617.000
145.344 1651.000
176.062 224.250
268.188 485.750
269.375 491.500
275.719 1906.750
277.125 1884.750
280.750 929.250
285.219 806.250
286.641 786.750
287.969 786.250
313.672 200.000
335.359 558.250
336.734 557.250
341.594 2704.250
343.031 2683.500
347.453 1838.250
348.875 1810.250
350.328 1790.000
351.688 1772.250
353.156 1751.250
354.562 1727.750
355.953 1723.750
7.016 2219.500
9.844 2203.000
12.641 2187.750
14.031 2183.500
15.453 2181.000
16.828 2178.500
18.266 2177.750
19.688 2177.250
21.078 2178.250
22.484 2180.000
23.891 2181.250
28.078 2190.250
29.500 2196.250
30.906 2205.000
32.312 2218.000
33.688 2235.500
35.141 2253.750
36.531 2270.250
37.922 2287.250
39.344 2305.000
40.719 2329.000
42.125 2356.000
43.516 2379.750
44.953 2375.000
51.922 2586.250
53.328 2617.500
57.141 900.500
58.672 887.000
60.000 886.500
61.500 895.750
82.047 588.500
83.594 577.750
85.000 569.250
86.391 563.750
87.859 560.000
89.328 556.000
90.781 553.750
91.969 552.750
93.562 553.000
94.969 555.000
101.781 580.750
103.078 590.250
104.375 605.000
145.016 1661.500
175.766 224.500
254.266 200.000
276.781 1889.750
280.375 930.750
281.719 944.250
283.125 968.250
286.266 790.500
287.625 787.250
294.953 2240.750
311.953 204.500
313.359 202.250
335.016 557.750
336.391 557.750
341.312 2723.250
342.719 2721.500
347.172 1847.500
348.625 1819.000
350.000 1795.750
351.438 1776.750
352.844 1757.000
354.250 1734.250
355.656 1716.000
6.719 2220.500
9.531 2201.500
12.328 2189.000
13.734 2183.750
15.109 2181.000
16.516 2180.250
17.969 2178.750
19.359 2176.750
20.719 2177.250
22.172 2179.250
23.578 2181.500
24.969 2156.500
26.375 2157.750
27.750 2188.750
29.156 2196.000
30.578 2203.500
31.969 2214.750
33.375 2230.000
34.844 2246.750
36.219 2267.250
37.625 2285.750
39.016 2301.250
40.438 2322.000
41.844 2347.250
43.234 2375.000
44.625 2401.000
53.047 2612.500
56.859 906.250
58.391 889.000
59.766 886.750
61.188 893.500
81.812 590.250
83.266 578.500
84.781 570.500
86.234 565.000
87.516 560.750
89.000 556.500
90.359 554.000
91.734 553.000
93.234 553.500
94.609 554.750
101.516 579.000
102.734 588.750
104.297 603.250
144.781 1671.750
146.203 1637.000
174.188 224.750
183.984 196.250
275.250 1921.250
276.672 1891.000
280.281 928.750
281.594 940.500
283.078 964.500
286.125 790.750
287.625 786.000
294.797 2240.250
311.812 205.000
313.219 202.750
333.328 559.250
334.703 558.500
336.234 557.750
341.188 2723.750
342.594 2723.750
347.031 1850.000
348.422 1821.000
349.844 1799.250
351.250 1779.000
352.734 1758.000
354.141 1735.000
355.516 1714.750
6.578 2220.750
9.391 2201.750
12.156 2188.750
13.578 2183.500
14.953 2179.500
16.391 2179.250
17.781 2179.500
19.172 2176.500
20.578 2176.250
21.984 2178.500
23.375 2180.750
24.797 2182.500
26.219 2183.250
27.609 2187.250
29.031 2194.000
30.391 2202.000
31.797 2214.250
33.188 2229.250
34.672 2245.750
36.062 2265.750
37.453 2284.500
38.875 2301.000
40.281 2320.250
41.703 2344.750
43.078 2372.500
44.500 2398.000
52.891 2608.000
58.141 890.000
59.562 887.000
61.047 892.250
81.547 592.000
83.047 579.750
84.531 571.500
85.969 566.000
87.281 561.500
88.750 557.000
90.250 553.750
91.703 552.750
93.062 553.500
94.359 554.500
101.188 578.250
102.578 587.500
104.047 600.250
146.000 1642.000
183.688 196.000
267.359 484.750
269.828 493.250
276.172 1903.250
279.844 934.500
281.172 937.000
282.469 959.000
285.703 797.500
287.094 784.250
288.359 791.500
312.672 203.250
314.062 200.750
334.078 559.500
335.656 557.750
337.016 557.500
346.375 1868.000
347.781 1831.750
349.188 1807.000
350.625 1786.750
352.047 1768.750
353.453 1748.000
354.844 1723.750
356.250 1733.000
5.891 2215.500
8.719 2215.500
10.125 2202.250
11.547 2191.250
12.953 2186.500
15.766 2182.500
17.141 2177.750
18.531 2177.500
19.953 2176.000
21.328 2176.500
22.766 2179.000
24.172 2181.250
28.391 2190.000
29.750 2198.250
31.188 2209.750
32.562 2221.250
34.000 2236.500
35.453 2255.000
36.844 2274.250
38.219 2292.500
39.625 2309.750
41.031 2333.250
42.453 2360.750
43.828 2385.750
52.250 2588.750
53.641 2619.500
57.516 896.000
58.953 889.750
60.375 890.250
61.781 899.500
82.375 586.000
83.766 576.500
85.203 568.250
86.609 562.500
87.984 558.500
89.391 555.250
90.938 553.250
92.203 553.000
93.844 553.250
95.078 555.000
102.125 582.750
103.359 593.000
123.938 2634.750
125.359 2607.750
145.344 1651.250
176.031 224.250
267.984 485.250
269.203 490.250
275.562 1914.000
276.969 1887.500
280.547 932.250
281.953 949.000
285.094 804.750
286.391 789.750
287.812 786.750
295.062 2242.500
312.078 204.250
313.500 201.000
335.031 557.500
336.406 557.250
341.375 2705.000
342.766 2697.000
347.250 1844.500
348.656 1816.000
350.094 1795.500
351.453 1776.500
352.859 1757.000
354.312 1733.750
355.703 1719.000
6.750 2220.500
9.547 2201.750
12.359 2189.250
13.750 2183.750
15.188 2180.750
16.594 2180.000
17.969 2178.750
19.375 2177.000
20.812 2177.500
22.172 2179.500
23.594 2181.500
27.797 2188.750
29.203 2197.000
30.625 2204.500
32.031 2215.250
33.422 2230.500
34.859 2247.500
36.266 2267.500
37.641 2285.500
39.078 2302.500
40.484 2323.500
41.859 2347.500
43.281 2374.750
44.672 2400.750
53.062 2612.000
56.922 905.250
58.406 888.750
59.734 886.750
61.141 893.500
81.859 590.250
83.125 579.000
84.672 571.000
86.125 565.000
87.453 560.750
88.891 556.500
90.266 554.000
91.703 553.000
93.172 553.500
94.656 554.750
101.438 579.000
102.719 588.750
104.250 602.250
146.109 1638.750
175.422 225.500
183.828 196.000
269.969 491.500
276.375 1895.500
280.016 933.250
282.766 960.000
285.875 796.250
287.203 786.500
288.656 796.000
312.844 203.000
314.250 200.750
334.359 558.750
335.922 557.750
337.094 556.500
340.734 2736.750
346.578 1865.250
348.031 1828.500
349.422 1803.500
350.812 1783.500
352.281 1766.000
353.641 1744.750
355.109 1722.000
356.422 1738.000
8.969 2210.500
10.328 2202.750
17.312 2178.500
18.734 2177.000
20.141 2178.500
21.531 2180.250
22.922 2180.500
24.359 2182.250
28.578 2191.500
29.953 2199.500
31.359 2212.000
32.766 2224.000
34.172 2237.500
35.594 2256.000
37.016 2276.500
38.391 2295.250
39.812 2313.250
41.188 2335.000
42.562 2363.250
43.984 2389.250
52.375 2595.500
57.672 894.000
59.078 889.250
60.594 891.500
61.922 904.500
82.500 584.250
84.109 574.750
85.562 567.000
86.891 562.000
88.344 558.000
89.625 554.500
91.016 552.750
92.609 553.250
93.812 553.500
95.266 556.250
102.344 583.750
103.469 595.000
104.859 611.500
124.109 2646.750
125.500 2676.500
126.922 2681.250
145.453 1651.250
266.859 481.750
268.203 486.000
269.531 491.750
275.703 1907.250
277.125 1885.000
280.750 929.000
285.156 806.250
286.625 786.500
287.953 786.250
295.250 2246.500
312.203 204.750
313.594 201.000
335.172 558.250
336.453 557.500
341.516 2706.500
342.922 2694.250
344.344 2664.750
347.391 1841.250
348.812 1815.000
350.203 1793.250
351.609 1773.500
353.000 1751.750
354.438 1730.000
355.859 1719.250
6.875 2228.250
9.703 2202.500
12.469 2187.000
13.859 2183.250
15.297 2180.750
16.656 2179.000
18.094 2178.750
19.500 2177.500
20.891 2177.250
22.281 2179.750
23.703 2181.000
27.859 2190.000
29.266 2196.750
30.688 2204.750
32.078 2217.000
33.500 2232.500
34.922 2248.000
36.328 2267.500
37.750 2285.500
39.141 2302.500
40.531 2326.000
41.922 2350.000
43.297 2375.000
44.734 2400.750
53.094 2612.250
57.000 905.250
58.391 888.500
59.859 886.500
61.203 893.500
81.859 590.250
83.312 578.500
84.688 570.500
86.141 565.000
87.516 560.750
88.953 556.500
90.422 554.000
91.641 553.000
93.094 553.500
94.672 554.750
101.391 579.000
102.844 588.750
104.109 602.250
146.125 1638.750
173.844 225.500
183.859 196.000
253.906 196.250
270.109 491.500
276.344 1895.750
280.016 933.000
282.703 960.250
285.750 796.250
287.312 786.250
288.578 796.000
312.828 203.000
314.234 200.750
314.938 201.250
334.328 558.750
335.891 557.750
337.172 556.500
340.688 2737.250
346.594 1865.500
347.969 1828.500
349.359 1805.250
350.766 1785.750
352.156 1766.500
353.594 1745.000
355.031 1721.750
356.422 1733.250
8.844 2213.750
10.250 2200.750
11.641 2192.000
17.219 2177.500
18.656 2176.750
20.016 2178.000
21.438 2179.250
22.828 2179.500
24.219 2181.500
28.438 2191.000
29.844 2198.000
31.234 2209.750
32.656 2222.500
34.016 2237.500
35.531 2256.250
36.906 2275.500
38.312 2292.250
39.688 2309.500
41.078 2333.000
42.500 2363.000
43.906 2389.000
52.297 2591.500
53.688 2620.250
57.609 896.000
59.031 889.500
60.391 891.500
61.812 904.250
82.391 586.000
83.938 576.500
85.219 568.250
86.656 562.500
88.000 558.500
89.453 555.250
90.859 553.500
92.266 553.000
93.656 553.250
95.062 555.000
101.844 582.750
103.438 593.000
104.750 607.750
119.734 2302.500
123.828 2612.500
145.203 1655.750
175.906 224.250
252.922 199.250
254.328 200.000
276.750 1890.750
280.422 930.750
281.672 944.250
283.109 967.750
286.312 790.750
287.594 787.250
294.875 2240.500
311.891 204.500
312.422 202.500
333.281 559.000
334.688 558.750
336.234 557.750
341.125 2727.000
342.531 2729.250
347.000 1851.750
348.422 1822.750
349.766 1799.500
351.203 1779.000
352.609 1760.000
354.000 1737.750
355.422 1715.750
6.453 2223.250
9.281 2205.250
12.078 2188.750
13.438 2181.750
16.281 2180.250
17.641 2179.500
19.078 2176.500
20.469 2175.750
21.859 2178.000
23.266 2180.750
24.688 2183.000
28.859 2193.500
30.266 2202.500
31.672 2213.750
33.062 2228.000
34.438 2244.750
35.922 2263.750
37.344 2281.250
38.734 2298.250
40.125 2316.250
41.516 2340.000
42.938 2368.750
44.312 2393.000
52.703 2603.750
58.047 891.750
59.375 887.500
60.859 891.250
81.344 595.250
82.781 582.500
84.328 573.500
85.562 566.500
87.125 561.500
88.422 557.750
89.969 554.750
91.328 553.000
92.812 553.500
94.109 554.000
95.516 558.000
99.719 567.000
100.953 576.250
102.328 584.750
103.703 597.000
121.484 2646.750
122.891 2649.750
145.672 1648.750
269.578 492.500
275.922 1902.500
277.266 1885.750
280.938 935.500
282.266 959.000
285.375 802.500
286.875 787.000
288.141 789.250
295.391 2244.500
312.391 205.000
313.797 200.000
334.047 559.750
335.438 558.000
336.781 557.250
341.656 2704.750
343.062 2683.000
347.500 1837.000
348.906 1810.250
350.359 1790.250
351.734 1772.250
353.172 1751.750
354.547 1728.000
355.969 1723.250
7.000 2226.500
9.766 2202.750
12.609 2187.500
13.984 2183.000
15.406 2180.750
16.828 2178.500
18.188 2178.000
19.625 2177.750
21.000 2178.500
22.438 2179.500
23.812 2180.750
27.984 2190.500
29.391 2196.000
30.797 2204.000
32.203 2217.000
33.562 2233.750
35.047 2251.500
36.422 2269.750
37.828 2287.250
39.250 2305.000
40.641 2326.750
42.062 2350.750
43.453 2377.000
44.828 2403.500
53.203 2617.000
57.047 904.500
58.562 887.000
59.844 885.250
61.234 895.000
81.984 590.250
83.219 578.500
84.703 570.250
86.141 564.750
87.500 560.750
89.047 556.500
90.438 554.000
91.688 552.750
93.109 553.250
94.641 554.750
101.469 579.000
102.891 588.750
104.094 603.000
146.125 1638.750
175.359 225.750
183.734 195.750
269.953 495.000
276.078 1903.500
281.016 936.750
282.438 960.750
285.562 801.000
286.969 786.000
288.312 791.000
312.375 205.000
313.906 200.000
334.094 559.750
335.281 558.500
336.859 558.000
343.109 2682.500
347.609 1836.250
348.984 1809.500
350.438 1790.250
351.828 1771.000
353.203 1750.000
354.625 1727.000
356.047 1723.000
7.062 2218.500
9.891 2202.250
11.312 2187.250
12.688 2184.250
14.078 2183.750
15.516 2181.000
16.891 2178.000
18.266 2177.750
19.703 2177.250
21.109 2178.000
22.516 2179.500
23.906 2181.250
28.109 2189.750
29.469 2196.000
30.906 2205.250
32.297 2218.250
33.703 2235.500
35.125 2253.750
36.500 2270.250
37.891 2287.250
39.297 2305.000
40.719 2329.000
42.094 2353.250
43.500 2377.250
44.922 2392.500
53.250 2617.000
57.141 904.000
58.562 887.000
59.984 885.500
61.344 895.250
81.906 588.750
83.531 578.250
84.719 570.000
86.125 564.500
87.578 560.000
89.125 556.000
90.406 553.750
91.797 552.750
93.375 553.250
94.828 555.000
101.594 580.250
102.828 589.250
104.219 603.250
119.297 2316.250
146.172 1639.000
175.484 225.000
183.875 196.000
269.969 491.500
276.281 1895.500
279.812 934.500
282.625 960.000
285.688 796.750
287.094 785.750
288.547 794.750
312.969 203.250
314.125 200.750
315.516 200.250
334.156 558.750
335.531 557.750
337.047 556.000
340.562 2734.750
346.438 1868.000
347.859 1831.500
349.266 1806.750
350.688 1786.000
352.078 1767.750
353.516 1747.500
354.891 1723.500
356.297 1733.250
5.891 2216.250
8.750 2214.500
10.125 2200.500
11.500 2190.000
12.906 2186.500
15.703 2183.250
17.094 2179.000
18.500 2178.750
19.922 2176.000
21.297 2176.500
22.703 2179.250
24.109 2181.250
28.312 2189.750
29.734 2197.250
31.141 2207.250
32.516 2219.750
33.906 2236.250
35.375 2254.500
36.766 2273.750
38.156 2291.250
39.578 2308.000
40.969 2332.500
42.375 2360.750
43.734 2385.500
52.125 2589.000
53.516 2621.000
57.375 898.500
58.828 888.250
60.219 888.500
61.672 899.500
80.859 601.500
82.219 587.500
83.719 577.750
85.078 569.000
86.578 563.000
87.984 559.250
89.391 555.750
90.875 553.500
92.125 552.500
93.531 553.000
94.875 555.000
101.859 581.500
103.156 591.250
104.594 606.750
144.938 1661.250
175.688 224.500
254.000 198.000
270.281 491.500
276.406 1894.750
280.047 932.750
282.688 961.000
285.812 796.250
287.266 786.250
288.609 796.000
311.453 205.250
312.859 203.000
314.266 200.750
334.297 559.000
335.859 557.750
337.078 556.500
340.719 2736.750
346.625 1865.500
347.969 1828.750
349.375 1803.750
350.812 1784.250
352.203 1766.500
353.641 1744.750
355.016 1721.750
356.406 1737.250
8.875 2209.250
10.281 2195.000
11.625 2191.250
17.219 2177.500
18.609 2176.500
20.016 2177.250
21.422 2178.750
22.844 2179.250
24.250 2181.500
28.406 2190.000
29.812 2198.250
31.219 2209.750
32.625 2222.250
33.984 2237.500
35.469 2256.500
36.875 2275.500
38.250 2292.750
39.703 2310.000
41.047 2333.000
42.438 2362.500
43.859 2387.500
52.250 2589.500
53.625 2620.250
57.562 896.000
58.938 890.250
60.422 892.250
61.766 901.000
82.375 586.000
83.812 576.750
85.109 568.250
86.734 562.500
88.031 558.500
89.609 555.250
90.797 553.250
92.406 553.000
93.781 553.250
95.094 554.750
101.938 582.750
103.312 592.000
104.547 606.750
119.672 2305.750
145.141 1656.250
175.234 224.250
252.891 199.250
254.281 200.000
276.688 1891.250
280.344 929.000
281.578 940.750
282.969 964.750
286.234 790.500
287.547 786.000
294.766 2240.500
311.766 205.000
313.172 202.750
333.250 560.250
334.578 558.750
336.234 557.750
341.047 2727.750
342.422 2730.500
346.875 1854.500
348.312 1823.500
349.672 1801.000
351.078 1780.500
352.516 1760.500
353.938 1738.000
355.359 1716.750
3.641 2009.500
9.156 2211.000
11.984 2189.000
16.172 2182.000
17.594 2178.500
18.984 2176.500
20.391 2175.750
21.781 2178.000
23.188 2181.000
24.594 2183.000
28.797 2191.750
30.203 2201.500
31.609 2213.500
32.969 2227.250
34.344 2242.000
35.828 2261.500
37.234 2280.500
38.641 2296.750
40.047 2316.000
41.438 2340.750
42.812 2369.000
44.234 2391.500
52.625 2599.000
57.953 891.750
59.375 887.250
60.703 890.250
81.438 595.250
82.859 582.500
84.203 573.500
85.609 566.500
87.125 561.500
88.312 557.750
89.922 554.750
91.344 553.000
92.688 553.500
94.062 553.750
95.469 558.000
99.703 567.250
100.891 576.250
102.312 584.750
103.688 597.000
105.000 614.250
121.453 2645.750
122.875 2639.750
124.266 2598.000
145.656 1648.500
268.047 486.250
269.438 491.750
275.766 1907.000
277.203 1886.500
280.828 931.500
285.312 802.250
286.656 785.500
288.047 786.500
295.281 2246.500
313.719 200.750
335.328 558.250
336.656 557.250
341.578 2705.250
342.969 2686.500
344.406 2664.250
347.391 1838.250
348.812 1811.750
350.203 1793.000
351.625 1773.250
353.078 1751.750
354.500 1728.250
355.859 1718.000
6.922 2227.000
9.719 2202.750
12.562 2187.000
13.938 2183.000
15.344 2180.500
16.734 2179.000
18.156 2178.750
19.562 2177.750
20.938 2178.750
22.344 2179.750
23.797 2180.000
27.969 2190.000
29.375 2195.750
30.781 2204.000
32.203 2217.000
33.547 2233.750
35.047 2251.500
36.422 2269.500
37.844 2287.000
39.203 2304.000
40.625 2326.000
42.047 2351.000
43.422 2377.250
44.844 2404.250
53.203 2616.250
57.156 904.250
58.484 887.000
59.875 885.250
61.234 895.000
81.828 589.750
83.344 578.250
84.781 570.000
86.203 564.750
87.516 560.750
88.906 556.500
90.453 553.750
91.891 552.750
93.188 553.250
94.719 554.750
101.438 579.250
102.906 588.750
104.109 603.250
146.172 1638.500
175.344 225.000
183.859 196.000
236.203 132.000
253.938 200.750
270.188 491.500
276.422 1895.250
280.094 932.250
282.734 961.250
285.969 796.250
287.344 786.250
310.656 205.250
312.938 202.750
334.422 558.750
335.797 557.500
337.266 556.750
340.797 2729.000
342.203 2730.250
346.641 1860.750
348.078 1826.750
349.469 1803.500
350.938 1783.500
352.281 1764.000
353.750 1742.000
355.109 1720.750
356.531 1737.750
8.984 2210.750
14.609 2187.000
16.016 2179.500
17.391 2179.250
18.844 2177.500
20.234 2177.500
21.641 2178.750
23.016 2180.500
24.406 2182.250
28.625 2191.000
30.047 2199.750
31.438 2212.000
32.828 2226.500
34.250 2241.500
35.672 2259.750
37.047 2278.750
38.422 2295.250
39.859 2313.000
41.234 2337.250
42.641 2365.500
44.062 2388.500
52.406 2596.000
57.781 893.000
59.156 888.500
60.531 891.500
61.906 904.250
82.719 584.250
83.953 574.750
85.422 567.000
86.984 562.000
88.234 558.000
89.672 554.500
91.047 552.750
92.500 553.500
94.016 553.500
95.234 556.000
102.219 583.750
103.609 594.750
104.891 611.250
124.094 2647.000
125.516 2676.000
126.891 2680.500
145.469 1651.000
268.156 487.000
269.609 492.000
275.750 1907.250
277.141 1886.250
280.703 931.250
285.188 803.500
286.703 786.500
288.078 786.500
295.266 2246.500
312.234 204.500
313.641 200.750
335.094 558.250
336.750 557.250
341.547 2706.500
342.969 2688.250
344.375 2664.000
347.438 1838.750
348.828 1811.000
350.250 1791.500
351.719 1773.250
353.109 1751.500
354.500 1728.250
355.906 1720.500
6.969 2226.750
9.797 2203.500
12.578 2187.500
13.953 2182.750
15.391 2180.500
16.766 2178.250
18.203 2178.000
19.609 2178.000
20.984 2179.000
22.375 2180.000
23.797 2181.000
28.000 2190.000
29.438 2195.750
30.812 2205.000
32.188 2218.000
33.578 2234.000
35.031 2251.750
36.422 2269.750
37.812 2287.000
39.219 2304.250
40.641 2326.250
42.016 2351.000
43.406 2377.000
44.797 2404.250
53.172 2613.750
57.047 904.250
58.469 887.000
59.922 885.250
61.328 895.000
81.938 588.750
83.406 578.250
84.812 570.000
86.234 564.500
87.719 560.000
89.031 556.000
90.578 553.750
91.891 552.750
93.469 553.250
94.875 555.000
101.531 580.000
103.047 590.000
104.281 604.000
119.312 2316.250
124.906 2569.250
144.828 1670.000
146.203 1637.000
175.125 224.750
183.938 196.250
276.375 1895.500
280.000 932.250
282.734 961.000
285.875 796.500
287.250 786.250
288.703 795.750
312.875 203.000
314.266 200.750
334.438 559.000
335.734 558.000
337.125 556.750
340.766 2736.000
342.203 2729.500
346.625 1862.500
348.031 1828.000
349.453 1803.250
350.859 1783.250
352.266 1764.250
353.719 1743.250
355.109 1721.750
356.484 1737.750
8.953 2210.500
10.391 2203.250
17.312 2179.000
18.719 2177.000
20.141 2177.750
21.531 2179.750
22.953 2180.500
24.344 2182.000
28.562 2191.500
29.938 2199.750
31.359 2212.500
32.734 2224.250
34.125 2237.250
35.609 2256.500
37.047 2277.000
38.422 2295.250
39.797 2312.750
41.234 2337.000
42.609 2365.500
44.016 2388.500
52.375 2596.500
57.719 893.000
59.125 888.500
60.531 891.250
62.000 904.500
82.531 584.250
84.094 574.750
85.359 567.000
86.953 561.750
88.391 558.000
89.641 554.500
91.109 552.750
92.578 553.500
94.094 553.500
95.422 556.000
102.203 583.750
103.688 594.750
124.109 2647.000
145.531 1649.000
266.875 484.250
268.266 488.500
269.719 492.500
275.891 1904.250
277.250 1886.750
280.797 935.500
282.219 960.750
285.406 802.250
286.812 787.000
288.125 789.250
295.391 2242.750
312.391 205.000
313.797 200.000
334.062 559.750
335.391 558.500
336.906 558.000
343.141 2680.750
347.562 1836.000
348.984 1809.500
350.375 1790.250
351.781 1771.250
353.250 1750.250
354.641 1727.000
356.047 1724.750
7.047 2218.250
9.906 2202.250
11.281 2187.500
12.688 2184.250
14.125 2183.750
15.516 2181.000
16.922 2178.500
18.281 2177.750
19.734 2177.250
21.094 2178.000
22.500 2179.750
23.938 2181.250
28.125 2190.500
29.500 2196.750
30.922 2205.500
32.312 2218.500
33.719 2236.250
35.219 2254.250
36.594 2271.750
38.000 2289.750
39.453 2307.500
40.812 2330.750
42.219 2356.250
43.641 2381.250
52.031 2587.250
53.453 2620.000
57.375 898.750
58.781 887.000
60.203 886.750
61.500 897.000
82.328 587.500
83.703 577.750
84.953 569.250
86.359 563.500
87.984 559.250
89.312 555.750
90.750 553.750
92.062 552.750
93.547 553.000
94.844 555.000
101.859 581.500
103.188 591.250
104.391 605.750
119.609 2305.500
145.141 1656.750
175.875 224.250
267.766 485.250
269.250 491.500
275.500 1919.500
276.875 1890.250
280.484 932.250
281.906 947.500
285.031 803.750
286.344 790.000
287.797 786.750
312.016 204.500
313.422 202.250
335.000 557.250
336.359 557.250
341.328 2729.000
342.750 2721.000
347.156 1848.000
348.547 1819.000
349.953 1795.250
351.375 1776.500
352.828 1757.500
354.250 1734.750
355.594 1714.750
6.672 2220.750
9.453 2202.000
12.312 2189.500
13.719 2184.000
15.109 2181.000
16.531 2180.000
17.938 2178.750
19.297 2177.250
20.688 2177.500
22.125 2179.000
23.547 2181.250
24.938 2161.250
26.328 2162.500
27.734 2187.750
29.141 2195.250
30.531 2203.500
31.938 2214.750
33.328 2230.500
34.766 2247.500
36.203 2267.250
37.562 2285.000
38.969 2301.000
40.375 2322.500
41.812 2348.250
43.219 2375.000
44.625 2399.250
52.969 2609.500
58.281 888.750
59.734 886.750
61.031 892.250
81.609 592.000
83.078 579.750
84.594 571.000
85.938 565.500
87.328 561.500
88.859 557.000
90.281 554.000
91.578 553.000
93.047 553.500
94.594 554.500
101.250 578.250
102.609 587.500
104.109 601.500
146.062 1639.000
174.562 225.750
183.750 195.750
253.922 196.250
276.406 1895.000
280.047 932.250
282.719 961.000
285.812 796.250
287.328 786.250
311.484 205.250
312.891 203.000
314.297 200.750
334.359 559.000
335.703 558.000
337.078 557.000
340.703 2736.000
342.125 2727.500
346.578 1864.750
348.016 1828.000
349.438 1803.000
350.828 1783.500
352.250 1766.000
353.641 1744.250
355.062 1721.500
356.438 1737.750
8.953 2210.000
10.359 2203.750
17.359 2178.750
18.734 2176.750
20.125 2177.750
21.547 2179.750
22.953 2180.250
24.359 2182.000
28.578 2191.500
29.938 2199.750
31.375 2212.250
32.781 2224.250
34.156 2237.500
35.594 2256.500
37.000 2277.000
38.359 2295.250
39.797 2312.500
41.188 2334.500
42.562 2363.250
43.984 2388.750
52.344 2596.250
57.641 895.750
59.016 889.500
60.469 891.500
61.797 904.500
81.094 599.000
82.328 586.000
83.781 576.500
85.484 568.000
86.703 562.000
88.219 558.000
89.531 555.000
90.938 553.250
92.391 553.250
93.781 553.500
95.109 555.750
102.000 583.750
103.547 593.750
124.031 2635.500
125.422 2618.500
145.359 1651.000
174.797 224.250
268.031 486.250
269.453 492.000
275.766 1907.000
277.141 1886.250
280.781 931.000
282.172 952.750
285.250 802.500
286.719 785.250
288.125 786.500
312.250 204.250
313.656 200.750
335.156 558.250
336.469 557.500
341.531 2712.000
342.953 2694.000
344.391 2664.000
347.422 1838.500
348.859 1811.000
350.266 1791.500
351.672 1773.250
353.109 1751.500
354.469 1728.250
355.875 1719.000
6.938 2226.750
9.734 2203.500
12.547 2187.500
13.922 2182.750
15.359 2180.250
16.750 2178.750
18.156 2178.750
19.531 2178.000
20.922 2178.750
22.328 2180.250
23.734 2180.500
27.969 2190.250
29.328 2196.750
30.734 2205.000
32.141 2217.500
33.531 2234.500
34.969 2251.750
36.391 2269.500
37.797 2285.750
39.156 2303.000
40.594 2326.250
41.969 2351.000
43.359 2377.000
44.766 2401.750
53.125 2613.250
57.031 904.250
58.422 887.000
59.938 885.250
61.328 893.250
81.766 589.750
83.219 578.250
84.766 570.000
86.297 564.750
87.719 560.750
89.031 556.500
90.500 553.750
91.891 552.750
93.375 553.250
94.688 554.750
101.578 579.500
102.969 588.750
104.344 603.250
146.109 1639.250
174.109 225.500
183.828 195.750
253.891 196.000
276.453 1895.500
280.094 932.000
282.750 961.000
285.984 795.750
287.375 786.250
288.672 797.000
312.953 203.000
334.656 558.500
335.828 558.000
337.344 557.750
340.891 2724.500
342.281 2734.250
346.781 1861.250
348.172 1826.000
349.609 1801.500
350.984 1782.500
352.391 1764.250
353.828 1742.000
355.219 1718.750
3.578 1988.500
9.109 2211.500
14.672 2188.000
16.062 2181.250
17.453 2179.250
18.859 2177.500
20.234 2177.250
21.656 2179.000
23.062 2180.750
24.469 2182.250
28.641 2191.500
30.047 2200.500
31.469 2212.500
32.844 2227.000
34.219 2241.750
35.719 2259.750
37.094 2278.750
38.500 2295.250
39.891 2312.750
41.312 2337.250
42.719 2366.750
44.125 2391.250
52.500 2598.500
57.828 893.000
59.250 888.000
60.609 890.750
81.141 597.500
82.562 584.000
84.016 574.750
85.484 567.000
87.031 561.750
88.391 557.750
89.812 554.500
91.188 553.000
92.438 553.500
94.062 553.500
95.250 556.000
102.297 583.750
103.656 594.750
124.078 2647.250
125.469 2675.250
126.859 2679.500
145.469 1650.750
268.266 486.250
269.672 491.750
275.703 1907.250
277.141 1884.750
280.766 928.250
285.219 804.000
286.531 786.500
287.938 786.500
295.203 2243.500
310.828 207.000
312.234 203.750
313.656 200.500
335.156 558.250
336.797 557.250
341.641 2705.750
343.062 2686.250
347.500 1837.500
348.906 1810.750
350.312 1790.500
351.703 1772.250
353.125 1751.250
354.547 1728.000
355.922 1719.500
7.000 2225.750
9.797 2203.500
12.594 2187.500
14.000 2182.750
15.375 2180.500
16.828 2178.500
18.219 2178.250
19.625 2178.000
21.000 2179.000
22.391 2180.500
23.812 2181.500
28.016 2190.250
29.438 2196.500
30.828 2205.750
32.203 2218.500
33.625 2234.500
35.125 2252.000
36.500 2269.750
37.906 2287.000
39.312 2305.000
40.734 2329.500
42.109 2356.000
43.500 2380.000
44.953 2375.250
51.906 2585.750
53.328 2617.000
57.172 901.250
58.641 887.250
60.000 886.750
61.422 895.500
80.516 604.250
82.203 588.750
83.641 577.750
84.797 569.750
86.375 564.500
87.688 560.000
89.172 556.000
90.500 553.750
92.062 552.750
93.359 553.250
94.672 555.000
101.672 580.000
103.078 590.000
104.312 605.000
119.391 2315.750
124.938 2570.750
144.953 1663.500
146.391 1642.000
174.953 224.500
270.281 492.500
276.562 1895.000
280.141 931.000
281.531 939.000
282.922 958.500
286.078 793.250
287.406 788.000
288.703 800.250
291.781 2523.750
294.656 2213.250
311.656 205.250
312.656 202.750
334.500 558.750
336.016 558.000
340.969 2729.750
342.375 2734.000
346.797 1857.000
348.234 1825.750
349.656 1801.500
351.047 1781.000
352.438 1760.500
353.875 1739.500
355.312 1718.500
3.594 2011.000
9.141 2211.500
11.984 2189.250
13.406 2181.750
16.188 2179.250
17.594 2178.500
19.031 2176.500
20.438 2175.750
21.844 2177.750
23.219 2180.750
24.641 2183.000
28.828 2193.500
30.250 2202.250
31.625 2213.750
33.031 2227.750
34.438 2244.500
35.953 2263.750
37.344 2281.250
38.750 2298.250
40.156 2319.000
41.578 2343.500
42.969 2369.000
44.375 2393.000
52.766 2604.000
54.156 2639.000
58.109 890.250
59.438 887.250
60.938 890.750
81.625 593.500
82.891 581.000
84.422 572.250
85.672 566.000
87.125 561.500
88.516 557.500
89.953 554.250
91.500 552.750
92.875 553.500
94.422 554.000
95.672 552.500
101.234 577.250
102.656 586.250
103.984 599.250
144.547 1681.500
146.000 1641.500
183.688 196.000
253.906 200.750
276.391 1894.500
280.031 932.000
282.719 961.500
285.906 796.000
287.250 786.250
288.719 796.500
312.938 202.500
334.516 558.500
335.828 558.000
337.266 557.500
340.859 2724.500
342.266 2725.250
346.734 1860.500
348.156 1825.750
349.531 1802.500
350.938 1783.250
352.359 1764.500
353.812 1742.250
355.188 1719.000
3.531 1990.000
9.078 2209.500
16.125 2186.500
17.531 2178.500
18.922 2176.500
20.344 2176.500
21.734 2178.750
23.141 2181.250
24.562 2183.250
28.781 2191.750
30.172 2201.250
31.562 2214.000
32.969 2228.000
34.359 2242.500
35.828 2262.000
37.250 2280.750
38.625 2296.750
40.062 2316.250
41.453 2341.250
42.844 2369.000
44.266 2393.000
52.656 2600.750
58.016 891.750
59.422 887.500
60.750 891.250
81.375 594.000
82.797 582.250
84.406 573.250
85.641 566.500
87.047 561.500
88.688 557.500
90.000 554.500
91.344 553.000
92.766 553.500
94.344 554.000
95.531 555.500
99.828 565.000
101.141 577.250
102.594 586.250
103.828 599.250
121.703 2638.000
144.453 1687.500
145.891 1645.250
183.625 195.750
253.734 196.250
269.969 491.500
276.266 1894.500
279.938 934.250
282.625 959.750
285.844 796.500
287.125 785.750
288.594 795.000
312.797 202.750
314.203 200.750
334.500 558.750
335.875 557.750
337.125 556.750
340.703 2735.750
342.125 2727.000
346.594 1864.250
348.047 1827.500
349.453 1803.000
350.859 1783.500
352.234 1765.750
353.688 1744.000
355.094 1721.250
356.453 1738.500
8.953 2210.250
14.578 2187.000
16.000 2180.000
17.375 2179.750
18.828 2177.750
20.203 2177.500
21.609 2179.000
23.031 2180.250
24.406 2182.250
28.656 2191.250
30.016 2200.000
31.422 2212.250
32.859 2227.000
34.250 2241.750
35.672 2259.750
37.047 2278.500
38.484 2295.250
39.891 2313.000
41.266 2337.500
42.672 2367.250
44.094 2391.250
52.484 2598.000
57.781 892.750
59.125 887.750
60.656 890.750
82.656 582.250
84.188 573.750
85.594 566.750
87.094 561.500
88.547 557.750
89.969 554.750
91.328 553.000
92.703 553.500
94.125 554.000
95.500 558.000
99.797 567.500
101.156 577.000
102.516 585.250
103.875 597.000
121.594 2656.000
145.812 1646.500
183.656 195.750
253.219 196.250
276.281 1895.000
279.859 934.000
282.594 959.750
285.812 796.750
287.266 785.500
312.812 204.250
314.219 200.500
334.359 558.750
335.938 557.750
337.328 556.750
340.750 2735.250
342.172 2725.750
346.609 1862.250
348.062 1827.500
349.453 1803.000
350.891 1783.250
352.312 1764.750
353.734 1742.750
355.156 1721.250
356.531 1738.500
9.016 2210.250
14.609 2187.000
16.000 2180.000
17.391 2180.000
18.828 2177.750
20.188 2177.750
21.625 2179.250
23.031 2180.750
24.406 2182.750
28.609 2191.500
30.047 2200.250
31.453 2212.250
32.812 2227.000
34.234 2241.750
35.688 2259.500
37.094 2278.750
38.500 2295.500
39.875 2313.000
41.297 2337.500
42.688 2367.000
44.109 2391.000
52.484 2599.000
57.875 892.750
59.172 887.750
60.719 890.750
81.406 596.000
82.828 582.500
84.250 573.500
85.656 566.500
87.000 561.500
88.500 557.750
89.953 554.750
91.203 553.000
92.719 553.250
94.047 553.750
95.484 558.000
99.609 567.500
101.000 576.500
102.406 584.750
103.719 597.000
121.516 2647.250
122.938 2650.750
145.812 1646.500
183.656 195.750
253.312 196.250
276.328 1895.250
279.906 934.250
282.641 960.000
285.906 795.750
287.156 784.750
312.859 202.750
334.328 558.750
335.734 557.500
337.312 556.750
340.812 2729.750
342.234 2725.750
346.672 1861.500
348.078 1826.500
349.438 1802.750
350.891 1783.250
352.312 1764.750
353.703 1742.750
355.156 1721.000
356.484 1738.250
9.000 2210.250
10.391 2204.000
14.547 2195.750
15.969 2179.750
17.359 2179.750
18.781 2177.500
20.156 2178.250
21.594 2179.500
22.953 2180.000
24.391 2182.250
28.594 2191.750
29.953 2200.500
31.359 2212.250
32.750 2224.500
34.156 2238.500
35.656 2258.750
37.094 2278.500
38.469 2295.500
39.844 2313.000
41.250 2337.500
42.656 2367.250
44.078 2390.000
52.469 2598.000
57.734 892.750
59.141 887.750
60.609 890.500
81.141 597.000
82.625 584.000
84.109 574.750
85.578 566.750
86.812 561.500
88.328 557.750
89.797 554.500
91.188 552.750
92.469 553.500
93.984 553.750
95.453 557.250
102.266 584.000
103.547 594.750
105.031 611.250
121.406 2644.500
122.797 2639.000
124.203 2599.500
145.641 1648.500
183.500 195.750
253.953 196.750
267.391 483.000
270.125 492.250
276.500 1895.250
280.125 931.250
281.562 938.750
282.891 958.250
285.938 793.250
287.516 787.750
288.859 800.000
291.812 2523.750
294.703 2219.750
311.688 205.500
313.094 203.000
333.203 559.250
334.844 558.750
336.234 557.750
341.125 2728.000
342.531 2731.000
346.953 1852.250
348.312 1823.000
349.781 1799.500
351.188 1779.500
352.594 1760.750
354.047 1738.000
355.422 1715.750
6.422 2223.000
9.266 2205.250
12.062 2188.750
13.469 2182.000
16.281 2180.250
17.672 2179.500
19.109 2176.750
20.516 2176.250
21.906 2178.250
23.312 2180.750
24.719 2182.250
28.922 2193.500
30.312 2202.250
31.688 2214.500
33.109 2229.500
34.500 2245.750
35.984 2264.750
37.406 2281.750
38.797 2298.250
40.188 2319.250
41.594 2344.750
43.000 2370.500
44.391 2393.500
52.797 2605.000
54.188 2639.500
58.078 890.500
59.547 887.250
60.984 891.000
81.453 593.500
82.859 581.000
84.438 572.250
85.875 566.000
87.250 561.500
88.641 557.500
90.172 554.250
91.531 552.750
92.953 553.500
94.188 554.000
95.562 553.000
101.203 577.000
102.594 586.000
103.938 599.250
121.719 2633.750
145.953 1641.500
183.703 196.000
254.156 197.250
276.781 1891.250
280.438 930.750
281.766 944.500
283.156 968.250
286.406 790.000
287.781 786.750
295.000 2240.750
313.438 202.000
335.203 557.500
336.500 557.000
341.422 2705.250
342.859 2694.750
347.219 1845.000
348.672 1815.250
350.109 1794.500
351.500 1776.250
352.938 1757.000
354.312 1733.750
355.719 1719.500
6.766 2220.250
9.594 2200.500
12.453 2187.500
13.844 2184.000
15.234 2181.000
16.672 2178.750
18.047 2178.750
19.484 2178.000
20.891 2177.500
22.281 2179.750
23.688 2181.000
27.906 2190.250
29.328 2196.750
30.688 2205.250
32.094 2218.000
33.531 2235.000
34.953 2252.000
36.359 2269.750
37.750 2286.250
39.188 2303.500
40.594 2326.250
41.969 2350.750
43.375 2377.000
44.766 2402.000
53.156 2614.250
57.094 904.250
58.531 887.000
59.859 885.000
61.266 894.750
81.859 589.750
83.266 578.250
84.641 570.000
86.234 564.500
87.562 560.500
89.188 556.500
90.484 553.750
91.797 552.750
93.297 553.250
94.641 554.750
101.562 579.500
102.922 589.000
104.188 603.250
119.359 2316.000
124.906 2569.250
144.875 1669.000
146.250 1641.000
175.609 224.500
252.844 198.750
254.250 199.750
276.875 1890.500
280.391 932.500
281.828 947.750
283.219 972.500
286.359 790.000
287.797 786.750
295.031 2240.750
309.219 210.000
310.625 208.000
312.047 205.250
313.453 201.750
335.172 557.500
336.562 557.000
341.438 2703.750
342.828 2693.250
347.297 1844.500
348.672 1815.500
350.156 1793.500
351.516 1775.000
352.938 1756.750
354.344 1733.750
355.797 1719.500
6.828 2222.500
9.688 2200.750
12.453 2187.000
13.859 2183.250
15.250 2180.750
16.656 2178.750
18.062 2178.750
19.453 2178.000
20.875 2177.500
22.281 2179.750
23.672 2181.250
27.922 2190.250
29.281 2196.500
30.719 2205.000
32.125 2217.750
33.500 2235.000
34.938 2251.750
36.312 2269.000
37.750 2286.000
39.141 2303.500
40.547 2326.500
41.922 2351.000
43.312 2376.250
44.719 2401.000
53.109 2613.500
57.078 904.250
58.391 887.000
59.812 885.250
61.234 893.250
81.812 589.750
83.344 578.250
84.781 570.000
86.156 564.750
87.656 560.750
89.031 556.500
90.562 553.750
91.844 552.750
93.203 553.250
94.750 554.750
101.469 579.500
102.922 589.000
104.250 603.250
119.328 2316.000
144.781 1669.250
146.219 1637.250
175.188 225.250
254.188 200.500
276.766 1891.000
280.391 930.250
281.688 944.250
283.141 966.750
286.250 790.500
287.641 787.000
294.906 2240.500
311.906 205.000
313.312 202.500
335.000 558.500
336.219 557.500
341.312 2723.000
342.688 2720.750
347.203 1847.250
348.578 1818.750
350.047 1795.250
351.406 1776.000
352.859 1756.750
354.250 1734.250
355.672 1715.000
6.766 2220.500
9.562 2201.750
12.375 2189.000
13.797 2183.750
15.156 2180.750
16.547 2179.750
17.969 2178.500
19.406 2177.250
20.781 2178.000
22.188 2180.000
23.625 2181.750
27.812 2188.500
29.203 2196.500
30.625 2205.250
32.016 2216.250
33.438 2231.000
34.875 2248.000
36.281 2267.750
37.703 2286.000
39.094 2303.500
40.469 2326.250
41.875 2350.250
43.297 2375.500
44.719 2401.000
53.094 2613.500
57.047 904.500
58.422 888.000
59.859 886.000
61.219 893.250
82.031 589.500
83.328 578.250
84.672 570.000
86.125 564.750
87.531 560.750
89.156 556.500
90.438 553.750
92.016 552.750
93.312 553.250
94.734 555.000
101.625 580.000
103.000 589.750
104.406 603.750
119.375 2316.000
124.938 2570.750
144.922 1664.000
146.312 1641.250
175.719 224.500
254.328 200.000
268.016 485.250
276.875 1889.750
280.484 932.500
281.828 947.750
284.891 803.250
286.484 789.750
287.703 786.750
309.234 210.000
312.062 205.500
313.469 201.500
335.109 557.750
336.453 557.000
341.500 2705.250
342.906 2693.750
344.328 2665.250
347.375 1841.250
348.781 1815.250
350.172 1793.250
351.594 1773.500
353.031 1751.750
354.469 1728.250
355.859 1718.000
6.953 2225.750
9.766 2203.500
12.547 2187.500
13.953 2183.000
15.359 2180.750
16.766 2178.750
18.188 2178.500
19.594 2178.250
20.969 2179.250
22.422 2180.250
23.797 2181.000
28.000 2190.500
29.422 2196.500
30.812 2205.750
32.219 2218.750
33.656 2235.250
35.125 2253.250
36.547 2270.750
37.938 2287.500
39.328 2305.250
40.766 2329.250
42.172 2355.750
43.562 2380.750
44.984 2366.500
51.984 2586.750
53.359 2619.750
57.250 900.750
58.688 887.250
60.125 886.750
61.516 897.000
82.188 587.500
83.625 577.500
85.188 569.250
86.609 563.500
87.969 559.250
89.250 555.750
90.734 553.500
92.109 553.000
93.688 553.250
94.906 554.750
101.875 582.000
103.250 591.500
104.609 607.000
119.750 2302.250
123.875 2612.750
145.359 1652.250
269.828 492.000
276.000 1902.000
280.938 936.750
282.328 960.250
285.500 800.750
286.875 785.750
288.250 790.750
312.625 203.000
314.031 200.500
334.281 558.750
335.766 557.750
337.219 555.750
340.656 2736.500
346.578 1864.750
347.906 1828.000
349.359 1805.000
350.766 1785.500
352.172 1766.500
353.609 1744.250
355.031 1721.500
356.391 1733.500
8.922 2209.000
10.328 2203.250
17.328 2179.500
18.766 2177.250
20.141 2178.250
21.547 2180.000
22.938 2180.250
24.359 2182.500
28.594 2191.500
30.000 2200.500
31.391 2212.500
32.781 2226.750
34.188 2241.000
35.703 2258.750
37.141 2278.750
38.500 2296.250
39.922 2314.000
41.312 2338.000
42.734 2367.250
44.141 2391.250
52.594 2599.000
57.844 892.000
59.312 888.000
60.703 890.750
81.422 594.250
82.891 582.500
84.422 573.500
85.547 566.500
87.047 561.500
88.406 557.750
89.922 554.750
91.266 553.000
92.859 553.500
94.281 554.000
95.500 556.750
99.609 566.250
100.984 577.000
102.359 586.000
103.688 598.250
121.688 2648.000
145.938 1641.750
183.688 196.000
253.969 200.750
276.469 1895.500
280.062 930.750
281.422 937.750
282.875 958.250
285.938 793.500
287.375 786.000
288.781 800.000
291.719 2523.750
313.328 202.750
333.359 560.250
334.703 558.750
336.078 557.750
341.047 2727.750
342.469 2731.250
346.906 1854.500
348.359 1823.000
349.766 1799.750
351.156 1779.500
352.609 1760.000
354.016 1737.250
355.453 1715.500
5.062 2209.000
6.484 2223.000
9.281 2204.250
12.156 2189.000
13.547 2183.500
14.969 2179.500
16.375 2179.000
17.797 2179.500
19.203 2176.750
20.609 2176.500
22.031 2179.000
23.422 2181.000
24.828 2182.250
26.250 2183.500
27.656 2187.500
29.047 2195.000
30.469 2203.000
31.844 2214.750
33.250 2229.250
34.734 2245.500
36.172 2265.500
37.562 2284.500
38.938 2301.000
40.391 2322.000
41.797 2348.000
43.188 2375.250
44.562 2399.500
53.016 2613.000
58.344 889.000
59.750 886.750
61.172 893.750
81.859 589.750
83.344 578.500
84.734 570.500
86.234 565.000
87.672 560.750
89.109 556.500
90.453 553.750
91.719 553.000
93.312 553.500
94.547 554.750
101.625 579.250
102.969 589.000
104.203 603.250
119.391 2315.750
144.984 1661.500
175.734 224.500
254.359 200.000
267.781 485.250
269.172 491.500
275.484 1919.250
276.922 1890.000
280.531 932.500
281.859 948.750
285.047 803.250
286.438 789.750
287.797 786.750
295.062 2242.500
310.656 208.750
312.047 204.250
313.469 201.250
335.047 557.750
336.453 557.000
341.422 2702.750
342.781 2694.250
347.312 1844.500
348.672 1815.500
350.141 1793.500
351.500 1774.750
352.953 1756.500
354.359 1734.000
355.766 1719.750
6.844 2222.000
9.625 2200.750
12.484 2187.000
13.906 2183.000
15.281 2180.500
16.703 2178.750
18.125 2179.000
19.547 2178.250
20.906 2178.750
22.359 2180.750
23.734 2181.000
27.953 2190.500
29.344 2196.750
30.766 2205.000
32.203 2217.750
33.594 2235.250
35.016 2252.000
36.375 2269.750
37.812 2287.500
39.219 2304.250
40.625 2326.500
42.000 2351.250
43.406 2377.500
44.797 2405.000
53.203 2616.500
57.062 904.250
58.578 887.250
60.031 885.500
61.312 895.000
82.094 588.750
83.578 577.750
84.891 569.250
86.266 564.250
87.906 560.250
89.312 556.000
90.750 553.750
92.031 552.750
93.438 553.000
94.828 554.750
101.828 581.500
103.172 590.500
104.562 605.000
119.578 2305.250
145.094 1659.500
175.344 224.250
268.125 484.250
269.266 489.500
275.578 1914.000
277.000 1887.000
280.516 929.250
285.125 804.000
286.422 789.000
287.828 786.750
295.094 2242.500
310.156 208.750
312.062 204.250
313.453 201.250
334.859 558.000
336.500 557.500
341.328 2713.000
342.703 2709.500
347.219 1844.750
348.609 1816.250
350.062 1795.500
351.453 1776.000
352.844 1756.500
354.250 1734.250
355.703 1715.500
6.734 2221.500
9.562 2201.750
12.344 2189.000
13.719 2183.750
15.141 2181.000
16.547 2180.000
17.938 2178.500
19.375 2177.250
20.750 2178.000
22.156 2179.250
23.562 2181.250
24.969 2155.250
26.359 2156.500
27.750 2188.500
29.156 2196.000
30.562 2203.750
31.969 2215.000
33.375 2230.500
34.812 2247.500
36.203 2267.750
37.625 2285.750
38.984 2301.250
40.438 2322.250
41.812 2348.250
43.219 2375.250
44.625 2400.500
53.000 2610.250
58.250 889.250
59.734 887.000
61.094 893.500
81.844 590.750
83.328 579.500
84.562 570.750
86.172 565.000
87.672 560.750
89.016 556.500
90.266 553.750
91.828 553.000
93.328 553.500
94.641 554.750
101.609 579.250
102.859 589.000
104.125 603.250
144.828 1664.250
146.281 1640.250
175.984 224.500
237.562 133.250
269.391 489.750
275.578 1914.000
276.953 1887.000
280.578 929.000
285.047 804.250
286.406 789.250
287.875 787.000
295.109 2242.000
312.078 204.250
313.469 201.250
335.125 557.750
336.484 557.250
341.438 2702.250
342.828 2690.750
347.297 1844.250
348.672 1815.750
350.109 1794.000
351.516 1774.750
352.984 1756.500
354.359 1734.250
355.766 1719.750
6.812 2221.250
9.656 2200.500
12.406 2187.750
13.781 2183.750
15.188 2181.000
16.609 2179.250
17.984 2178.000
19.391 2177.250
20.797 2178.000
22.219 2179.500
23.609 2181.250
27.797 2188.750
29.203 2196.500
30.609 2204.250
32.031 2215.250
33.391 2230.500
34.875 2247.750
36.297 2267.750
37.656 2285.750
39.078 2302.750
40.453 2324.250
41.875 2349.000
43.250 2375.500
44.672 2400.500
53.062 2613.000
56.875 906.250
58.297 889.000
59.812 887.000
61.250 893.500
81.750 590.250
83.406 578.500
84.812 570.250
85.984 565.000
87.453 560.750
89.094 556.500
90.297 553.750
91.812 553.000
93.203 553.500
94.688 554.750
101.547 579.250
102.938 589.000
104.156 603.250
144.828 1669.000
146.266 1637.000
175.672 224.500
237.000 133.250
268.094 484.500
269.281 489.750
275.656 1913.750
277.016 1887.000
280.641 925.500
285.109 804.500
286.594 786.750
287.875 786.500
295.188 2242.250
312.172 204.000
313.578 200.750
335.109 558.250
336.547 557.000
341.562 2706.750
342.969 2689.750
344.375 2664.750
347.438 1838.500
348.828 1812.500
350.219 1793.500
351.672 1773.750
353.062 1751.750
354.500 1728.250
355.891 1719.500
6.922 2226.250
9.766 2203.000
12.516 2187.000
13.953 2182.750
15.344 2180.750
16.719 2179.250
18.125 2179.250
19.547 2178.250
20.984 2178.750
22.375 2180.000
23.781 2180.250
27.984 2190.000
29.359 2196.250
30.766 2204.500
32.141 2217.500
33.562 2234.750
35.031 2251.500
36.453 2269.750
37.828 2287.750
39.234 2305.250
40.641 2327.500
42.031 2351.750
43.438 2377.750
44.844 2405.000
53.234 2616.000
57.141 904.000
58.609 887.000
59.984 885.500
61.312 895.250
81.906 588.750
83.516 578.000
84.703 570.000
86.281 564.750
87.703 560.250
89.172 556.000
90.625 553.750
91.859 552.750
93.203 553.250
94.703 555.000
101.594 580.000
103.031 589.500
104.203 603.500
119.344 2315.750
124.922 2569.250
144.938 1665.250
146.344 1639.750
175.234 224.500
254.406 199.750
267.859 484.500
269.172 490.000
275.547 1914.000
276.938 1887.500
280.516 932.000
281.984 948.750
285.078 804.750
286.484 789.500
287.891 788.500
295.109 2242.250
310.750 207.250
312.156 204.000
313.562 200.750
335.188 558.250
336.609 557.250
341.547 2707.500
342.953 2691.250
344.375 2665.000
347.375 1841.250
348.750 1815.250
350.172 1793.500
351.578 1774.000
352.984 1752.500
354.453 1730.750
355.828 1719.250
6.859 2226.250
9.656 2202.500
12.484 2186.750
13.875 2183.250
15.281 2181.000
16.719 2179.250
18.078 2179.250
19.500 2178.250
20.938 2178.500
22.328 2180.250
23.719 2180.750
27.906 2190.000
29.328 2196.250
30.734 2204.500
32.109 2217.250
33.516 2234.750
35.000 2251.750
36.422 2270.250
37.781 2288.000
39.203 2304.000
40.594 2326.250
42.016 2352.000
43.406 2378.000
44.828 2404.750
53.188 2615.500
57.172 904.250
58.516 887.000
59.922 885.500
61.328 895.000
82.016 589.250
83.375 578.500
84.906 570.250
86.078 564.750
87.781 560.750
89.094 556.500
90.594 553.750
91.984 552.500
93.406 553.250
94.562 554.750
101.516 579.500
103.047 589.000
104.234 603.500
119.328 2316.500
124.922 2569.500
144.844 1665.750
146.250 1639.250
175.578 225.250
183.969 196.250
276.781 1890.750
280.328 930.250
281.734 944.500
283.094 968.500
286.266 790.000
287.641 786.750
294.938 2240.750
311.969 204.500
313.375 202.250
335.031 557.750
336.453 557.500
341.328 2715.250
342.719 2711.000
347.156 1847.250
348.578 1818.750
350.000 1795.500
351.438 1776.000
352.828 1757.000
354.250 1734.750
355.656 1716.000
6.719 2221.250
9.516 2201.750
12.359 2189.000
13.734 2183.750
15.141 2181.000
16.547 2180.000
17.969 2178.500
19.375 2177.250
20.781 2178.500
22.156 2179.750
23.594 2181.250
25.016 2153.500
26.391 2155.000
27.781 2188.750
29.188 2196.250
30.609 2204.250
32.016 2215.250
33.406 2230.250
34.812 2247.500
36.203 2268.000
37.641 2286.250
39.031 2301.500
40.406 2322.250
41.812 2348.500
43.250 2375.500
44.609 2400.750
52.984 2610.500
58.344 889.250
59.750 887.000
61.188 893.250
81.844 591.750
83.078 579.500
84.688 570.750
85.953 565.000
87.391 561.000
88.875 556.750
90.203 554.000
91.844 553.000
93.031 553.500
94.453 554.500
101.281 578.750
102.703 587.750
104.125 601.250
144.609 1680.750
145.984 1641.500
183.688 196.000
269.812 492.750
276.250 1901.500
279.891 934.250
282.609 959.750
285.734 797.250
287.078 785.500
288.516 794.750
312.781 202.750
314.188 200.750
315.594 200.750
334.453 558.750
335.672 557.500
337.234 556.250
340.688 2736.750
342.125 2725.250
346.562 1864.750
347.984 1828.000
349.438 1803.250
350.859 1783.750
352.281 1766.000
353.656 1744.250
355.094 1721.500
356.484 1738.250
8.953 2210.250
14.562 2186.750
15.984 2179.750
17.391 2179.500
18.812 2177.500
20.219 2177.750
21.625 2179.250
23.000 2180.250
24.422 2182.250
28.641 2191.500
30.062 2200.750
31.422 2212.500
32.844 2226.750
34.250 2241.500
35.656 2259.500
37.062 2278.750
38.453 2295.750
39.875 2313.250
41.297 2337.750
42.703 2367.250
44.078 2391.500
52.453 2598.250
57.734 893.000
59.141 888.000
60.625 891.000
61.969 904.250
82.578 584.000
83.938 574.750
85.453 567.000
86.797 561.750
88.312 557.750
89.656 554.500
91.109 552.750
92.406 553.500
93.875 553.750
95.453 556.750
102.141 583.750
103.594 594.750
104.844 611.250
124.078 2647.500
125.484 2673.000
126.906 2676.750
145.406 1651.000
268.109 484.500
269.312 489.750
275.625 1914.250
276.984 1887.500
280.609 927.500
285.109 804.750
286.531 789.000
287.812 787.750
295.109 2242.500
312.094 204.500
313.500 200.750
335.047 558.000
336.641 557.000
341.453 2704.000
342.875 2692.000
344.297 2665.250
347.312 1843.750
348.766 1815.000
350.156 1793.250
351.625 1773.750
353.031 1752.500
354.438 1730.250
355.812 1718.750
6.938 2226.750
9.719 2202.250
12.484 2186.750
13.891 2183.000
15.297 2180.750
16.719 2179.250
18.109 2179.000
19.531 2178.000
20.938 2178.250
22.359 2180.250
23.734 2180.750
27.953 2190.000
29.312 2196.500
30.750 2204.750
32.141 2217.750
33.531 2234.750
34.969 2251.500
36.375 2270.000
37.766 2287.000
39.156 2303.250
40.578 2326.500
42.000 2352.250
43.375 2378.000
44.797 2404.750
53.203 2614.250
57.109 904.000
58.500 887.000
59.953 885.250
61.359 895.000
81.938 589.000
83.516 578.000
84.891 570.000
86.312 564.500
87.750 560.250
89.094 556.000
90.453 553.750
91.859 552.750
93.453 553.250
94.656 555.000
101.812 580.000
102.953 590.000
104.453 604.750
119.406 2316.000
124.953 2570.500
144.891 1665.250
146.328 1639.250
174.375 224.500
275.234 1921.250
276.625 1891.500
280.250 931.000
281.594 940.500
283.047 964.750
286.094 791.000
287.547 786.000
294.766 2240.000
313.172 203.000
333.469 559.250
334.703 558.750
336.281 557.500
341.125 2727.500
342.531 2730.250
347.031 1850.000
348.453 1821.000
349.859 1799.500
351.281 1779.250
352.656 1758.000
354.109 1735.000
355.500 1714.750
6.578 2220.750
9.406 2202.000
12.188 2189.000
13.609 2183.500
15.000 2180.750
16.375 2180.250
17.781 2179.750
19.234 2177.000
20.641 2176.250
22.031 2178.500
23.391 2180.750
24.828 2182.250
26.250 2183.500
27.641 2187.500
29.016 2195.250
30.453 2203.000
31.844 2214.500
33.250 2229.500
34.734 2245.750
36.094 2266.000
37.531 2285.000
38.906 2301.250
40.328 2322.000
41.734 2346.500
43.125 2372.750
44.562 2398.500
52.969 2609.500
58.266 889.250
59.719 887.000
61.094 892.500
81.844 591.750
83.250 579.500
84.609 570.750
86.078 565.000
87.391 561.000
88.750 556.750
90.172 554.000
91.688 553.000
93.156 553.500
94.438 554.750
101.484 579.000
102.719 588.000
104.125 601.250
146.203 1639.250
175.500 224.500
183.922 196.250
275.250 1921.500
276.703 1891.500
280.281 930.250
281.594 942.500
283.047 965.000
286.250 790.250
287.594 786.750
294.844 2237.250
313.281 203.250
333.500 560.250
334.828 558.250
336.359 557.250
341.234 2725.750
342.672 2722.250
347.109 1850.000
348.516 1819.500
349.938 1796.000
351.344 1777.250
352.750 1757.750
354.188 1734.750
355.594 1715.500
6.672 2221.500
9.453 2202.250
12.297 2189.250
13.703 2183.750
15.094 2181.000
16.484 2180.000
17.906 2178.500
19.281 2177.250
20.703 2177.500
22.125 2178.750
23.531 2181.000
24.953 2155.000
26.359 2156.250
27.766 2188.000
29.141 2195.500
30.562 2203.750
31.938 2215.000
33.344 2230.250
34.828 2247.250
36.219 2267.250
37.609 2285.750
39.047 2301.500
40.438 2322.000
41.859 2347.500
43.250 2375.000
44.672 2400.750
53.078 2612.750
57.016 905.000
58.422 889.000
59.828 886.750
61.266 893.250
81.953 590.000
83.297 578.500
84.766 570.250
86.062 565.000
87.469 561.000
88.953 556.500
90.328 553.750
91.859 552.500
93.125 553.000
94.641 554.750
101.469 579.500
102.797 589.000
104.156 603.500
119.344 2316.000
126.344 2625.750
144.953 1662.500
175.312 224.500
253.953 199.750
267.875 485.500
269.062 491.500
275.438 1920.000
276.906 1890.250
280.422 932.250
281.781 947.750
284.953 803.750
286.375 789.000
287.781 786.000
294.984 2241.250
310.609 208.750
312.016 204.750
313.422 202.000
335.141 558.000
336.516 557.250
341.375 2714.250
342.797 2705.500
347.234 1844.500
348.641 1816.750
350.062 1796.000
351.453 1776.250
352.922 1756.750
354.297 1733.750
355.719 1718.500
6.734 2220.750
9.594 2200.500
12.391 2187.750
13.812 2183.750
15.172 2181.000
16.609 2179.250
17.984 2178.000
19.406 2177.250
20.781 2178.250
22.219 2179.750
23.594 2180.500
27.812 2188.750
29.250 2196.500
30.625 2205.000
32.016 2216.000
33.438 2230.750
34.891 2247.500
36.297 2267.000
37.688 2285.500
39.094 2302.500
40.484 2326.000
41.891 2350.500
43.281 2375.000
44.688 2400.250
53.094 2612.500
57.047 904.500
58.344 888.000
59.859 886.500
61.188 893.250
81.984 590.000
83.453 578.500
84.859 570.250
86.297 564.750
87.516 560.750
89.047 556.500
90.547 553.750
91.938 552.500
93.375 553.000
94.594 554.750
101.672 579.500
103.000 589.000
104.359 603.500
119.391 2316.250
124.969 2569.750
144.938 1664.250
146.344 1638.500
175.656 224.500
254.281 200.250
276.812 1890.250
280.438 932.500
281.734 947.000
283.156 969.750
286.375 789.750
287.750 786.500
294.984 2241.500
311.984 204.500
312.703 202.500
334.969 558.000
336.516 557.250
341.344 2712.750
342.766 2704.000
347.203 1844.750
348.625 1816.000
350.062 1795.000
351.469 1776.250
352.859 1756.750
354.328 1733.750
355.703 1718.750
6.812 2220.500
9.578 2200.500
12.406 2187.750
13.828 2183.750
15.234 2181.000
16.656 2179.250
18.047 2179.000
19.469 2178.000
20.875 2178.000
22.281 2180.000
23.688 2180.750
27.906 2189.000
29.297 2196.500
30.688 2205.000
32.109 2217.750
33.500 2234.750
34.953 2251.500
36.344 2269.250
37.734 2286.000
39.156 2302.750
40.562 2326.000
41.953 2351.750
43.344 2377.500
44.750 2401.500
53.141 2613.000
57.016 904.500
58.484 887.000
59.969 885.250
61.266 894.750
81.875 589.000
83.344 578.250
84.766 570.250
86.141 564.500
87.734 560.250
89.203 556.000
90.578 553.500
91.906 552.500
93.406 553.000
94.750 555.000
101.734 580.000
103.047 590.000
104.281 604.750
145.047 1661.500
175.094 224.250
268.016 484.500
269.469 490.250
275.656 1909.750
277.078 1886.750
280.719 926.500
285.125 807.000
286.688 786.500
287.953 786.250
295.219 2246.250
312.234 203.750
312.953 200.500
335.125 558.250
336.625 557.250
341.625 2707.250
343.016 2689.000
347.453 1838.000
348.891 1810.500
350.344 1790.500
351.750 1772.500
353.109 1752.250
354.547 1728.750
355.969 1723.500
7.031 2219.500
9.875 2202.750
12.625 2187.750
14.031 2183.500
15.438 2181.000
16.844 2178.750
18.250 2177.750
19.656 2177.000
21.047 2177.750
22.484 2179.750
23.859 2181.500
28.078 2190.250
29.469 2196.500
30.891 2205.750
32.312 2218.250
33.688 2235.750
35.156 2254.000
36.562 2271.500
37.984 2288.500
39.375 2305.250
40.781 2329.250
42.156 2355.750
43.594 2381.000
44.969 2363.250
51.984 2586.750
53.344 2616.750
57.281 900.250
58.750 887.250
60.109 886.750
61.547 897.000
82.266 587.500
83.750 577.500
85.031 569.250
86.500 563.500
87.906 559.500
89.438 555.750
90.719 553.500
92.141 552.500
93.594 553.000
95.078 555.000
101.922 581.500
103.188 591.500
104.562 606.750
145.125 1659.250
175.922 224.500
267.922 484.250
269.406 489.750
275.578 1913.750
277.000 1887.000
280.625 928.250
285.156 805.250
286.516 788.250
287.875 786.000
295.109 2242.750
310.719 207.500
312.141 204.250
313.531 200.750
335.109 558.000
336.672 557.000
341.516 2713.000
342.922 2701.250
344.328 2665.250
347.312 1841.500
348.734 1815.500
350.156 1793.500
351.578 1773.750
353.031 1753.000
354.422 1731.000
355.844 1718.750
6.875 2227.250
9.703 2202.750
12.484 2187.000
13.859 2183.500
15.281 2181.000
16.703 2179.250
18.078 2179.000
19.516 2177.750
20.922 2177.750
22.312 2180.000
23.688 2181.000
27.938 2190.000
29.328 2196.500
30.719 2205.250
32.109 2218.000
33.516 2234.500
34.984 2251.250
36.359 2269.750
37.781 2286.750
39.203 2303.000
40.578 2326.500
42.000 2352.250
43.359 2377.500
44.766 2402.250
53.188 2614.000
57.109 904.250
58.531 887.000
59.984 885.000
61.406 894.750
82.016 589.000
83.344 578.250
84.844 570.250
86.359 564.500
87.562 560.250
89.219 556.000
90.438 553.750
92.031 552.500
93.359 553.000
94.656 555.000
101.703 580.000
102.984 590.000
104.344 604.000
119.406 2316.000
124.953 2570.250
144.938 1664.000
146.359 1639.000
175.672 224.500
252.844 199.250
254.266 200.000
276.750 1891.750
280.328 930.000
281.688 944.250
283.047 966.750
286.203 790.000
287.703 786.750
294.875 2241.500
313.312 203.000
334.922 558.250
336.312 557.250
341.281 2727.000
342.703 2723.500
347.109 1847.500
348.531 1819.500
349.938 1796.250
351.328 1777.500
352.797 1757.500
354.172 1734.750
355.625 1715.250
6.656 2220.750
9.453 2202.250
12.281 2189.000
13.688 2183.750
15.062 2181.000
16.469 2180.000
17.891 2178.750
19.281 2176.250
20.688 2176.250
22.109 2178.500
23.500 2181.000
24.922 2170.750
26.328 2171.750
27.703 2187.500
29.094 2195.250
30.516 2203.500
31.891 2215.000
33.328 2229.000
34.781 2246.250
36.203 2266.750
37.562 2284.750
38.984 2301.250
40.391 2322.000
41.781 2347.500
43.219 2375.000
44.609 2399.750
53.000 2610.500
58.250 889.000
59.688 886.750
61.156 893.250
81.797 590.750
83.172 579.500
84.656 570.750
86.031 565.000
87.547 560.750
88.859 556.750
90.281 554.000
91.781 553.000
93.031 553.500
94.484 554.750
101.547 579.250
102.891 589.000
104.141 602.250
146.219 1636.500
175.516 224.500
183.922 196.250
275.266 1921.250
276.656 1891.500
280.281 928.500
281.609 940.750
282.969 965.000
286.250 790.000
287.594 785.500
294.828 2240.750
311.859 205.500
313.266 203.000
333.453 560.250
334.797 558.250
336.219 557.000
341.219 2726.250
342.656 2723.000
347.125 1849.750
348.531 1819.750
349.906 1796.250
351.375 1777.500
352.812 1757.250
354.156 1734.500
355.578 1715.250
6.688 2220.500
9.500 2201.750
12.312 2189.250
13.703 2183.750
15.109 2181.250
16.516 2180.000
17.938 2179.000
19.312 2177.500
20.734 2178.250
22.141 2179.250
23.531 2180.750
24.938 2160.750
26.359 2162.500
27.781 2188.750
29.188 2196.250
30.562 2203.750
31.969 2214.750
33.359 2230.000
34.797 2247.250
36.219 2268.000
37.625 2286.000
39.016 2301.500
40.406 2322.000
41.844 2347.750
43.203 2375.250
44.609 2401.000
53.031 2612.750
56.953 906.250
58.266 889.000
59.844 886.750
61.172 893.000
81.734 590.000
83.281 578.500
84.750 570.250
86.016 565.000
87.578 560.750
89.078 556.500
90.266 553.750
91.719 552.750
93.125 553.500
94.500 554.750
101.422 579.250
102.766 589.000
104.219 603.250
119.312 2317.000
144.891 1666.500
146.266 1639.250
175.672 224.500
267.984 484.500
269.203 489.750
275.594 1914.000
277.000 1887.250
280.578 927.750
285.172 805.250
286.531 786.500
287.938 784.500
295.156 2243.250
313.609 200.750
335.281 558.000
336.703 557.000
341.594 2708.250
342.984 2690.000
347.469 1838.750
348.891 1811.000
350.328 1790.500
351.734 1772.750
353.125 1752.750
354.531 1729.000
355.953 1723.250
7.016 2219.500
9.844 2203.000
11.250 2186.750
12.688 2184.250
14.094 2183.750
15.500 2181.000
16.906 2178.500
18.312 2177.750
19.719 2177.000
21.094 2178.000
22.531 2180.250
23.906 2182.000
28.172 2190.500
29.547 2197.500
30.953 2207.000
32.344 2218.750
33.781 2236.500
35.203 2254.500
36.594 2271.500
38.047 2289.000
39.438 2306.750
40.797 2330.250
42.234 2356.250
43.656 2381.250
52.031 2586.750
53.422 2619.250
57.391 899.250
58.750 887.250
60.172 886.750
61.594 897.000
82.172 587.500
83.656 577.500
85.016 568.750
86.516 563.000
87.984 559.250
89.531 555.750
90.922 553.500
92.328 552.750
93.594 553.250
95.172 554.750
101.891 582.750
103.375 592.250
104.531 607.000
119.766 2302.000
123.891 2613.250
145.312 1651.500
174.781 224.250
266.984 485.000
268.391 489.250
269.609 492.500
275.984 1902.250
280.969 936.500
282.281 959.750
285.438 800.750
286.953 785.500
288.312 790.500
312.609 203.000
314.016 200.250
334.125 559.000
335.594 557.750
336.969 555.500
340.578 2737.000
346.484 1865.500
347.922 1829.500
349.328 1806.000
350.719 1785.250
352.172 1766.500
353.578 1744.500
355.016 1721.750
356.391 1734.000
8.906 2209.250
10.281 2203.000
11.703 2200.750
17.312 2179.000
18.750 2177.000
20.156 2178.500
21.531 2180.250
22.969 2180.250
24.344 2182.000
28.594 2191.750
29.969 2200.500
31.406 2212.500
32.797 2226.250
34.203 2240.250
35.656 2257.500
37.031 2277.500
38.438 2295.750
39.859 2313.000
41.266 2337.500
42.641 2367.000
44.062 2390.000
52.469 2597.750
57.781 892.750
59.219 888.000
60.641 890.750
81.297 596.000
82.750 582.500
84.094 573.500
85.547 566.500
87.000 561.500
88.469 557.750
89.906 554.750
91.312 552.750
92.750 553.500
94.109 553.750
95.516 558.750
99.672 568.500
101.125 576.500
102.438 584.750
103.734 597.250
105.125 614.500
121.500 2647.250
122.922 2651.250
145.781 1646.750
183.578 195.500
253.391 196.250
269.953 491.250
276.359 1896.000
279.969 933.250
282.734 960.000
285.766 795.750
287.266 785.500
288.531 796.000
311.062 205.500
312.891 202.750
314.297 200.500
334.625 558.750
335.953 558.000
337.266 557.750
340.859 2726.000
342.281 2735.000
346.781 1861.500
348.156 1826.250
349.609 1802.000
350.969 1782.750
352.391 1764.750
353.828 1742.250
355.219 1719.000
3.562 1989.250
9.109 2211.500
16.078 2186.750
17.516 2178.500
18.938 2176.750
20.312 2177.500
21.703 2179.250
23.109 2181.000
24.547 2183.750
28.750 2191.750
30.141 2201.500
31.547 2214.000
32.953 2227.000
34.328 2241.500
35.797 2260.000
37.203 2279.000
38.578 2296.750
40.000 2316.750
41.391 2341.500
42.828 2368.750
44.234 2391.750
52.609 2599.250
57.922 892.000
59.391 887.500
60.750 891.250
81.438 594.250
82.938 582.250
84.422 573.500
85.703 566.500
87.141 561.500
88.562 557.750
89.844 554.750
91.250 552.750
92.844 553.500
94.156 554.000
95.578 556.750
99.656 566.250
101.031 577.000
102.547 586.000
103.875 598.250
121.625 2650.000
145.844 1647.000
183.578 195.500
269.953 492.750
276.266 1901.750
279.781 934.250
282.562 959.750
285.656 797.250
287.141 785.500
288.484 794.500
311.938 202.750
314.172 200.750
315.578 200.500
334.469 559.000
335.781 557.500
337.219 556.250
340.703 2736.500
346.594 1865.500
348.000 1828.250
349.391 1803.500
350.812 1784.000
352.188 1766.500
353.609 1744.750
355.062 1721.500
356.438 1737.500
8.875 2209.500
10.312 2202.750
17.328 2178.750
18.719 2177.000
20.141 2178.250
21.531 2180.250
22.953 2180.500
24.359 2182.250
28.547 2191.750
29.984 2200.750
31.359 2212.500
32.750 2224.500
34.172 2239.000
35.641 2259.250
37.062 2279.000
38.453 2295.750
39.828 2313.000
41.234 2337.500
42.656 2367.250
44.062 2390.750
52.453 2598.000
57.797 892.750
59.156 888.000
60.641 890.750
81.172 596.750
82.734 584.000
84.234 574.750
85.609 567.000
86.812 561.750
88.219 557.750
89.734 554.500
91.188 552.750
92.453 553.500
94.109 553.750
95.484 557.000
102.312 584.000
103.562 595.000
104.891 611.500
121.375 2644.500
122.812 2638.000
124.219 2599.500
145.609 1648.750
183.391 195.250
269.781 492.500
276.016 1902.000
281.062 936.250
282.406 959.500
285.547 800.750
287.016 785.250
288.312 790.500
312.625 203.000
313.281 200.750
334.328 559.500
335.594 557.750
336.953 555.750
346.453 1867.500
347.828 1831.000
349.234 1806.250
350.672 1785.750
352.078 1767.750
353.469 1747.750
354.922 1723.500
356.266 1733.750
5.969 2222.000
8.750 2213.250
10.172 2199.500
11.609 2191.500
15.797 2183.500
17.219 2177.750
18.625 2176.750
20.016 2177.750
21.438 2179.000
22.844 2179.500
24.250 2181.750
28.469 2190.750
29.875 2198.250
31.266 2210.000
32.672 2223.250
34.094 2238.750
35.516 2258.000
36.938 2277.500
38.312 2294.000
39.750 2310.250
41.125 2333.500
42.531 2363.500
43.953 2389.750
52.375 2596.250
57.625 895.500
59.062 889.500
60.578 891.500
61.875 904.500
82.703 584.250
84.047 574.750
85.344 567.000
86.828 561.750
88.172 557.750
89.688 554.500
91.141 552.750
92.578 553.250
93.812 553.500
95.188 556.750
102.297 583.750
103.484 595.000
104.984 611.500
121.422 2643.750
122.828 2637.500
124.250 2600.250
145.656 1648.500
183.406 195.750
269.953 493.750
276.203 1903.250
279.875 934.250
282.594 959.250
285.625 797.500
287.141 785.500
288.562 794.250
312.797 202.750
314.203 200.500
314.781 200.500
334.406 559.000
335.922 557.250
337.219 556.250
340.766 2736.000
346.625 1862.750
348.062 1827.750
349.484 1803.250
350.906 1783.750
352.328 1764.750
353.734 1742.500
355.172 1720.750
356.547 1738.000
9.031 2210.250
16.078 2187.000
17.500 2178.500
18.938 2176.750
20.312 2177.000
21.734 2179.000
23.125 2181.000
24.562 2183.750
28.781 2191.750
30.141 2201.750
31.562 2214.000
32.969 2228.000
34.391 2242.500
35.797 2260.250
37.219 2279.250
38.594 2296.750
39.984 2316.500
41.422 2341.250
42.812 2369.250
44.203 2392.500
52.594 2600.000
57.922 892.000
59.375 887.250
60.719 891.250
81.453 594.250
82.953 582.250
84.281 573.250
85.656 566.500
87.281 561.500
88.594 557.500
90.156 554.500
91.312 552.750
92.891 553.500
94.141 554.000
95.625 555.250
99.844 564.750
101.062 577.000
102.438 586.000
103.953 599.000
121.719 2647.250
145.922 1641.750
183.703 195.750
253.953 200.750
267.625 482.000
276.500 1895.500
280.094 931.000
281.484 938.750
282.859 958.250
286.062 793.500
287.531 786.250
288.781 800.500
311.703 205.250
313.125 203.000
333.359 560.250
334.797 558.750
336.281 557.500
341.125 2727.000
342.562 2729.500
347.000 1849.750
348.453 1821.250
349.844 1799.250
351.266 1779.250
352.688 1757.500
354.172 1734.750
355.578 1715.000
6.625 2220.500
9.469 2201.750
12.281 2189.250
13.688 2183.750
15.094 2181.250
16.531 2180.000
17.938 2178.750
19.312 2177.750
20.719 2178.500
22.172 2179.500
23.578 2180.750
25.016 2159.000
26.375 2160.500
27.797 2188.500
29.188 2196.250
30.578 2204.000
32.016 2214.750
33.406 2230.000
34.828 2247.750
36.281 2268.000
37.641 2286.000
39.062 2302.500
40.453 2323.250
41.875 2348.000
43.281 2375.000
44.703 2400.750
53.109 2613.500
56.938 904.500
58.469 887.000
59.844 885.000
61.203 893.000
81.922 589.250
83.500 578.500
84.938 570.250
86.297 564.500
87.797 560.250
89.125 556.000
90.531 553.500
92.016 552.500
93.453 553.000
94.844 555.000
101.625 580.250
103.109 590.000
104.266 604.750
119.469 2313.250
145.078 1661.000
184.375 201.750
266.938 483.250
268.141 487.250
269.594 492.250
275.875 1904.000
277.250 1886.750
280.891 935.250
282.203 960.750
285.281 802.500
286.812 787.250
295.406 2242.500
311.000 206.750
312.422 204.250
313.812 200.500
333.969 559.500
335.375 558.000
336.859 557.500
346.281 1865.000
347.688 1836.750
349.141 1808.500
350.516 1787.250
351.938 1769.000
353.391 1747.750
354.781 1725.000
356.203 1731.250
5.859 2206.250
10.094 2206.000
11.469 2187.000
12.891 2186.250
14.266 2185.500
15.703 2182.250
17.078 2180.250
18.469 2179.000
19.922 2176.750
21.297 2176.750
22.688 2179.750
24.141 2182.000
28.312 2190.250
29.750 2198.500
31.141 2208.250
32.547 2219.750
33.953 2237.000
35.406 2255.250
36.797 2274.000
38.203 2293.000
39.625 2310.250
41.016 2333.250
42.438 2361.000
43.797 2386.250
52.250 2589.750
53.656 2620.250
57.578 896.000
58.906 890.500
60.469 892.250
61.734 904.250
82.578 584.500
84.047 575.000
85.438 567.250
86.781 561.750
88.312 557.750
89.562 554.500
91.062 553.000
92.609 553.250
93.812 553.500
95.328 556.500
102.109 583.750
103.562 594.750
105.000 611.250
122.766 2637.750
124.156 2621.250
145.641 1648.500
184.891 203.250
236.219 138.000
269.969 491.000
276.375 1895.250
279.906 933.000
282.688 961.000
285.938 795.250
287.203 785.250
288.625 796.500
312.984 202.500
333.094 560.250
334.562 558.750
336.172 557.750
341.016 2727.250
342.422 2731.500
346.891 1854.750
348.266 1823.750
349.703 1801.500
351.094 1780.750
352.500 1760.500
353.984 1737.750
355.375 1715.750
3.656 2022.750
6.422 2221.750
9.266 2204.250
12.047 2189.000
13.422 2182.250
16.281 2180.250
17.703 2179.250
19.078 2177.000
20.500 2176.500
21.891 2178.500
23.281 2180.500
24.703 2182.250
28.938 2193.250
30.297 2202.000
31.703 2214.500
33.109 2229.250
34.516 2245.750
36.000 2265.250
37.391 2282.250
38.797 2298.500
40.234 2319.500
41.641 2345.000
43.016 2373.000
44.438 2396.250
52.844 2607.750
54.219 2641.500
58.094 890.250
59.594 887.250
61.016 892.250
81.562 592.000
83.172 579.750
84.438 571.000
85.859 565.500
87.234 561.250
88.656 557.000
90.250 554.250
91.516 553.000
92.922 553.500
94.422 554.500
101.219 578.250
102.734 587.500
104.109 601.250
105.297 619.250
146.172 1639.000
157.062 292.750
176.906 228.500
236.406 137.000
276.766 1891.000
280.344 930.000
281.672 944.000
283.094 966.750
286.281 790.000
287.594 786.750
294.859 2241.250
312.781 202.750
334.938 558.000
336.469 557.000
341.359 2729.000
342.781 2720.500
347.188 1847.750
348.609 1819.500
350.047 1796.500
351.422 1776.750
352.875 1756.750
354.312 1733.750
355.672 1717.250
6.750 2220.500
9.578 2201.500
12.391 2189.000
13.766 2183.750
15.188 2181.000
16.594 2180.000
18.016 2179.000
19.406 2177.750
20.812 2178.750
22.219 2180.500
23.641 2181.000
27.859 2188.750
29.203 2196.500
30.641 2205.250
32.047 2216.250
33.422 2231.000
34.938 2248.500
36.344 2268.000
37.766 2286.000
39.141 2302.750
40.516 2326.000
41.922 2351.500
43.328 2376.500
44.766 2400.750
53.156 2613.500
57.016 904.500
58.500 887.000
59.906 884.750
61.219 894.500
81.812 590.000
83.281 578.500
84.812 570.250
86.344 564.500
87.766 560.250
89.094 556.000
90.562 553.750
91.984 552.500
93.234 553.000
94.781 555.000
101.641 580.000
102.859 590.000
104.391 604.000
119.484 2314.750
145.062 1661.000
183.859 200.000
268.000 484.500
269.328 490.500
275.703 1908.000
277.141 1884.750
280.656 929.500
285.266 805.250
286.688 786.500
288.109 786.500
295.281 2246.750
311.734 203.750
313.703 200.500
335.406 558.000
336.672 557.250
341.656 2707.750
343.047 2688.000
347.484 1837.750
348.922 1810.750
350.344 1790.500
351.797 1771.500
353.203 1750.500
354.609 1727.750
356.016 1723.500
7.047 2218.250
9.906 2201.750
11.312 2187.250
12.734 2184.250
14.141 2183.500
15.500 2181.500
16.922 2179.250
18.328 2178.000
19.750 2177.250
21.188 2178.500
22.578 2181.000
23.969 2182.250
28.188 2190.750
29.594 2197.500
30.969 2206.750
32.391 2219.250
33.781 2236.750
35.250 2254.750
36.656 2272.250
38.016 2289.750
39.453 2307.000
40.844 2332.000
42.266 2358.250
43.672 2382.000
52.047 2586.750
53.438 2619.250
57.391 899.500
58.797 887.250
60.250 886.750
61.547 897.000
82.250 587.500
83.688 577.500
85.062 569.250
86.516 563.500
87.984 559.250
89.297 555.750
90.844 553.500
92.203 552.750
93.625 553.250
94.938 555.000
101.922 581.500
103.219 591.500
104.500 607.000
119.719 2303.000
123.828 2615.500
126.656 2670.000
145.234 1655.750
184.406 200.000
253.266 200.250
266.984 483.000
268.156 487.000
269.453 491.500
275.891 1907.250
277.266 1886.750
280.797 935.500
282.156 960.500
285.375 802.500
286.781 787.250
295.438 2242.250
310.016 206.750
312.688 204.250
313.844 200.750
334.141 559.500
335.562 558.000
336.781 557.250
347.688 1837.250
349.078 1808.750
350.516 1787.500
