# angle_deg distance_mm
229.812 172.250
231.250 171.250
232.688 169.750
234.109 169.000
235.266 168.750
236.953 168.500
238.391 168.250
239.812 167.500
241.250 167.750
242.688 168.750
244.109 168.750
245.547 168.750
246.969 169.500
248.406 170.000
249.844 170.500
251.281 171.000
252.703 171.500
253.641 172.500
255.078 173.750
256.500 174.000
281.328 291.500
292.047 235.750
295.062 230.000
296.469 225.000
330.219 527.500
331.500 534.500
333.125 544.750
334.453 552.500
340.391 293.500
341.797 284.750
343.594 277.750
344.656 273.000
345.891 271.750
347.516 273.750
356.484 470.000
357.844 472.500
6.422 477.500
8.016 473.250
9.312 471.500
10.672 473.000
12.016 478.500
26.609 835.250
28.016 836.000
29.500 831.500
30.859 826.250
32.359 825.750
33.703 831.500
35.188 839.500
36.719 841.000
38.125 842.750
39.594 845.500
41.031 850.000
46.719 916.750
48.125 896.250
49.641 877.250
51.141 860.000
52.609 843.250
54.109 827.750
55.578 814.500
56.969 800.750
58.453 787.750
60.047 776.000
61.391 765.500
62.906 755.750
64.375 746.750
65.938 738.500
67.312 730.250
68.781 724.000
70.172 717.500
71.797 711.250
73.203 704.750
74.547 699.000
76.172 694.750
77.469 691.000
78.938 687.750
80.391 684.000
81.859 682.250
83.312 681.250
84.641 678.000
86.188 675.750
87.719 674.250
89.062 673.000
90.562 673.500
92.047 673.000
93.266 673.750
94.875 675.500
96.203 676.000
97.609 677.750
99.156 681.000
100.531 683.500
101.875 686.500
103.375 690.000
104.875 693.250
106.266 697.750
107.656 702.500
109.078 708.000
110.516 713.750
111.859 720.750
113.266 728.500
114.750 735.750
116.094 744.250
117.562 753.250
118.969 762.750
120.422 773.250
121.859 782.750
123.281 793.750
124.547 807.000
126.031 820.250
127.422 834.500
128.875 851.250
130.172 868.500
131.734 885.750
133.141 904.250
134.500 924.000
135.891 946.750
137.281 969.500
140.375 891.750
145.672 1142.750
175.312 2023.750
181.000 2235.500
182.406 2219.750
183.891 2203.750
185.312 2191.000
186.750 2181.500
188.172 2169.250
193.828 2620.250
195.250 2620.000
196.703 2620.250
198.141 2628.500
199.578 2626.000
201.016 2615.000
202.438 2631.250
203.906 2654.000
205.359 2632.250
206.766 2621.000
224.078 187.000
230.344 171.250
231.781 168.500
233.219 166.000
234.656 164.750
236.094 163.500
237.516 163.000
238.953 163.000
240.406 163.250
241.828 164.000
243.281 164.500
244.703 165.500
246.141 166.500
247.578 167.250
249.031 168.250
250.453 169.250
251.906 170.250
253.344 171.000
254.266 172.000
255.703 173.500
257.141 174.750
258.547 175.750
277.125 325.750
281.438 289.250
293.141 233.500
329.625 518.750
330.891 527.750
332.281 540.000
333.734 551.000
341.141 287.250
342.188 280.000
344.734 274.250
345.031 271.250
346.688 271.750
348.594 274.500
355.703 470.250
357.109 469.750
358.453 471.500
0.031 477.500
1.344 489.250
2.672 499.000
5.797 481.000
7.250 474.500
8.641 470.250
10.125 470.000
11.359 472.750
12.734 481.000
25.922 838.000
27.344 835.250
28.797 833.000
30.297 827.750
31.703 828.500
33.125 835.250
34.516 841.000
36.078 840.750
37.516 842.500
38.922 846.500
40.375 848.250
46.000 936.250
47.438 915.750
48.906 895.500
50.484 876.750
51.984 859.500
53.422 843.000
54.891 828.000
56.234 815.250
57.828 801.750
59.172 788.500
60.797 777.750
62.125 767.250
63.688 758.000
65.047 750.000
66.625 740.250
67.984 731.750
69.406 726.500
71.031 720.000
72.516 712.000
73.922 706.250
75.281 701.250
76.828 696.000
78.297 691.500
79.625 687.500
81.062 685.750
82.562 684.250
84.141 680.750
85.547 678.250
86.797 677.250
88.406 674.000
89.812 673.250
91.281 675.500
92.547 675.500
94.172 675.750
95.578 676.750
96.875 678.750
98.453 679.750
99.781 681.500
101.344 684.250
102.719 686.500
104.109 690.000
105.594 694.250
106.984 699.500
108.438 705.000
109.703 710.250
111.281 716.500
112.672 723.750
114.094 730.750
115.391 737.750
116.891 746.000
118.312 755.000
119.625 764.250
121.078 774.750
122.484 786.500
123.891 798.750
125.391 811.250
126.719 824.250
128.125 839.000
129.531 856.500
131.016 873.000
132.375 889.500
133.719 909.500
135.094 929.750
136.516 951.000
137.906 974.750
140.953 891.000
175.844 2023.000
181.578 2232.500
183.016 2214.750
184.469 2197.750
185.906 2186.750
187.312 2175.500
188.734 2160.750
192.938 2611.750
194.406 2620.750
195.828 2622.750
197.266 2622.000
198.672 2625.000
200.125 2633.250
203.047 2645.500
204.516 2627.750
205.938 2610.000
224.703 185.750
229.531 171.500
230.969 170.250
232.406 167.250
233.844 165.250
235.281 163.750
236.719 162.750
238.156 162.000
239.578 162.250
243.906 163.750
245.344 165.000
246.781 166.000
248.219 167.000
249.672 168.000
251.109 169.500
252.531 170.500
253.984 171.250
254.922 172.750
256.359 174.500
257.812 175.750
259.250 176.250
277.828 327.750
282.172 290.000
293.750 234.500
294.562 230.000
330.469 523.500
331.953 531.750
333.328 542.500
334.797 551.000
339.922 292.750
341.859 284.500
343.266 277.500
344.828 272.750
347.031 271.500
348.109 273.250
348.750 277.000
356.688 469.000
358.203 471.500
6.906 477.250
8.266 473.250
9.469 471.500
11.188 473.000
12.438 478.250
25.516 843.250
27.062 834.250
28.391 837.500
29.953 832.250
31.375 827.000
32.703 830.000
34.141 835.000
35.625 839.250
37.047 840.500
38.469 841.500
39.984 843.500
45.625 933.500
47.094 912.000
48.516 890.750
50.016 872.250
51.453 855.750
53.031 838.500
54.500 824.500
56.000 810.000
57.422 796.000
58.844 783.750
60.391 772.000
61.906 762.250
63.359 752.500
64.844 742.500
66.203 734.750
67.609 728.250
69.062 720.750
70.672 713.000
72.047 706.750
73.484 701.250
75.062 696.000
76.391 691.500
77.812 688.000
79.406 684.750
80.906 681.250
82.312 678.000
83.719 675.750
85.172 673.250
86.516 671.250
88.016 670.000
89.562 669.000
90.969 668.750
92.375 668.500
93.781 669.750
95.234 671.250
96.734 672.500
98.016 675.000
99.594 676.750
100.922 679.000
102.469 683.250
103.766 687.000
105.234 690.750
106.781 695.000
108.109 700.000
109.562 704.750
110.953 711.000
112.297 717.500
113.859 724.750
115.266 733.000
116.578 741.000
118.125 750.000
119.500 760.000
120.766 771.000
122.250 781.000
123.734 792.000
125.047 806.000
126.438 819.250
127.875 833.250
129.297 849.250
130.719 866.000
132.016 882.500
133.500 901.250
134.875 921.500
136.219 943.500
137.703 965.750
140.609 893.000
175.625 2021.750
181.297 2232.750
182.766 2219.750
184.172 2203.500
185.641 2189.000
187.062 2178.000
188.531 2161.250
194.125 2620.750
195.578 2618.750
196.984 2622.500
198.422 2627.750
199.859 2633.500
201.312 2641.500
202.734 2647.000
204.172 2654.000
205.609 2636.000
224.359 184.000
230.609 168.000
232.047 165.500
233.469 163.500
234.922 162.000
236.359 160.750
237.781 159.500
239.234 158.750
240.656 158.250
242.094 158.500
243.531 159.750
244.953 161.250
246.406 162.750
247.844 163.750
249.266 165.500
253.578 168.500
255.031 171.000
255.953 172.250
257.391 174.000
258.891 175.500
260.344 176.750
277.312 324.750
280.578 288.250
282.188 285.500
293.312 230.250
330.266 517.750
331.609 527.000
332.938 539.750
334.453 550.750
340.016 293.250
342.125 284.500
342.906 276.750
344.312 272.000
345.547 270.250
348.125 271.250
349.031 274.750
356.625 470.000
357.906 472.250
359.391 475.000
4.938 488.500
6.531 480.500
7.906 474.750
9.391 472.500
11.031 473.750
12.109 477.250
26.828 834.500
28.219 836.500
29.641 832.750
31.078 827.000
32.641 827.750
34.047 832.500
35.391 839.250
36.891 840.750
38.281 842.000
39.734 845.750
41.234 851.500
45.391 936.000
46.891 912.000
48.297 890.750
49.750 874.750
51.266 856.250
52.828 838.750
54.250 825.000
55.766 809.750
57.234 795.000
58.719 782.500
60.188 772.250
61.750 762.250
63.109 752.500
64.547 743.250
66.094 734.000
67.578 726.250
68.938 719.000
70.453 711.750
71.859 705.750
73.469 700.250
74.828 695.500
76.250 691.750
77.766 687.000
79.219 682.750
80.562 679.500
82.156 677.000
83.500 673.750
84.906 670.500
86.422 669.000
87.938 667.750
89.250 667.500
90.844 667.250
92.234 666.500
93.547 666.500
94.984 667.500
96.422 668.500
97.906 671.250
99.312 674.750
100.906 677.500
102.156 680.000
103.781 683.250
105.188 687.000
106.609 690.500
108.047 695.750
109.250 701.000
110.672 706.750
112.203 713.750
113.594 720.750
115.047 728.250
116.422 736.500
117.875 744.750
119.250 754.500
120.750 764.500
122.031 774.250
123.531 785.500
124.891 798.500
126.281 812.250
127.703 826.500
129.203 842.500
130.453 859.000
131.859 876.500
133.312 894.000
134.672 914.000
136.094 934.750
137.422 956.000
140.469 892.250
145.828 1128.000
175.438 2012.500
181.094 2232.250
182.531 2219.000
184.000 2203.500
185.438 2189.750
186.859 2171.250
188.281 2158.250
193.938 2620.750
195.375 2620.500
196.828 2620.500
198.219 2627.750
199.672 2626.750
201.078 2632.000
202.547 2647.000
203.969 2654.250
205.391 2633.500
212.734 431.250
230.359 166.750
231.797 164.250
233.234 162.500
234.672 160.750
236.109 159.000
237.547 157.750
238.969 157.000
240.406 156.250
241.844 156.250
243.281 156.750
244.719 157.500
255.688 171.750
257.125 173.500
258.625 175.250
260.078 177.000
261.500 177.500
277.391 323.250
278.453 328.000
281.641 287.750
292.953 231.250
313.000 452.250
321.688 467.250
322.969 473.750
328.453 508.250
330.000 516.500
331.516 525.750
332.703 539.250
334.234 552.250
340.891 282.500
342.859 275.250
344.375 270.500
345.531 269.000
346.938 270.500
349.219 273.500
356.344 471.500
357.656 473.250
359.141 477.000
3.234 486.500
5.047 489.500
6.188 482.000
7.969 478.250
9.109 475.750
10.672 476.000
11.984 479.750
26.641 835.000
28.000 836.250
29.531 831.500
31.047 825.500
32.375 829.000
33.859 832.750
35.359 836.750
36.750 837.500
38.172 837.250
39.672 841.250
45.219 916.500
48.250 868.250
49.672 855.500
51.234 838.000
52.672 822.250
54.188 807.500
55.672 792.500
57.016 779.500
58.625 767.750
60.109 755.500
61.516 744.750
62.953 735.750
64.562 727.250
65.922 719.750
67.516 712.000
68.859 704.250
70.391 698.250
71.812 692.000
73.297 686.250
74.656 681.250
76.281 676.250
80.547 664.000
82.000 661.000
83.469 659.250
84.953 656.500
86.250 656.000
87.844 655.250
89.297 652.750
90.609 652.750
92.094 653.750
93.547 654.250
95.078 655.000
96.406 656.000
97.844 657.750
99.266 659.500
100.703 661.750
102.234 665.250
103.672 668.500
105.094 672.500
106.500 676.500
107.938 681.250
109.188 687.750
110.719 693.250
112.078 698.750
113.547 706.000
114.812 714.750
116.250 723.000
117.797 730.500
119.156 738.500
120.500 748.500
122.047 760.250
123.375 771.500
124.766 782.750
126.156 795.500
127.594 810.500
129.016 825.250
130.344 840.750
131.812 858.000
133.219 876.500
134.547 895.000
135.984 916.000
137.375 938.500
140.344 894.500
147.156 1144.000
179.516 2245.500
180.922 2234.500
182.344 2217.500
183.812 2198.250
185.234 2187.250
186.688 2173.000
188.125 2156.750
193.719 2616.750
195.141 2618.750
196.578 2615.000
198.016 2622.500
199.453 2628.250
200.875 2629.500
202.297 2642.750
203.750 2655.000
205.188 2633.000
212.250 430.250
231.547 163.000
232.984 161.000
234.422 159.000
235.844 157.750
237.281 157.000
238.703 156.250
240.141 155.500
241.578 155.250
243.000 155.250
244.438 155.250
245.859 155.500
247.297 156.500
278.094 325.250
312.438 451.750
314.078 454.750
315.281 455.750
316.953 456.250
318.125 457.750
319.625 461.750
320.953 467.250
322.312 473.500
323.734 479.500
325.234 486.500
326.797 492.750
328.156 500.750
329.453 511.500
330.828 518.500
332.281 528.250
333.703 541.500
341.266 281.000
343.109 273.500
343.922 268.500
345.156 267.250
346.375 267.500
355.750 471.250
357.234 473.250
358.688 476.750
4.234 497.250
5.641 486.500
7.328 478.250
8.672 474.750
10.000 475.250
11.422 477.750
25.938 835.250
27.359 835.750
28.938 830.000
30.297 823.750
31.734 827.750
33.203 831.750
34.547 837.500
36.062 840.250
37.562 842.250
39.062 845.750
40.500 848.000
46.141 923.750
47.562 903.500
49.062 883.750
50.547 865.250
52.047 848.250
53.438 831.750
54.891 817.250
56.344 803.500
57.906 789.750
59.328 778.250
60.875 767.500
62.328 756.500
63.844 747.250
65.328 738.250
66.719 730.500
68.172 724.250
69.797 717.500
71.250 709.500
72.562 702.750
74.016 698.250
78.469 689.750
80.047 681.250
81.469 678.500
82.875 676.500
84.156 672.750
85.703 670.000
87.234 667.000
88.578 666.500
90.078 667.250
91.469 666.000
93.000 666.500
94.406 668.000
95.812 669.500
97.188 670.250
98.766 671.750
100.062 674.750
101.641 677.500
102.984 681.500
104.500 685.000
105.875 688.250
107.250 694.000
108.578 698.750
109.938 703.500
111.438 710.500
112.953 717.750
114.281 725.000
115.766 732.250
117.172 739.000
118.500 748.500
119.859 759.500
121.406 769.750
122.688 780.750
124.141 792.250
125.500 805.750
126.922 819.500
128.328 833.500
129.734 849.750
131.156 865.750
132.531 882.000
134.000 902.000
135.359 922.500
136.734 944.000
139.719 894.750
146.609 1145.250
180.391 2239.250
181.828 2222.000
183.250 2206.500
184.703 2189.750
186.156 2177.250
187.562 2163.750
193.203 2605.750
194.625 2619.250
196.062 2620.750
197.516 2621.750
198.938 2613.750
203.250 2630.000
204.656 2658.000
206.125 2643.250
223.375 182.500
231.047 164.000
232.500 161.250
233.922 159.500
235.344 158.000
236.781 157.250
238.203 156.500
239.641 155.500
241.062 155.250
242.500 155.000
244.562 155.000
245.359 155.250
246.797 155.500
248.234 156.250
276.328 321.500
277.750 324.000
278.703 327.750
282.750 288.250
313.328 454.500
314.734 455.750
316.281 457.000
317.625 458.000
319.000 460.500
320.438 464.750
321.938 470.250
323.312 476.750
324.547 483.500
325.984 490.000
327.562 496.250
328.875 506.250
330.250 516.250
331.562 526.500
332.875 539.250
339.797 282.250
341.547 274.250
343.891 268.000
344.453 265.000
345.594 264.500
347.000 266.500
356.234 474.000
357.781 475.750
5.031 489.500
6.453 481.750
7.844 477.000
9.344 474.500
10.766 476.000
12.078 481.250
25.156 841.000
26.516 833.000
28.062 836.000
29.531 831.500
30.891 825.750
32.281 829.000
33.719 835.500
35.156 839.500
36.734 840.500
38.266 843.250
39.594 844.250
45.203 945.250
46.734 923.250
48.250 901.500
49.750 882.500
51.219 868.000
52.672 850.750
54.031 832.750
55.531 819.500
57.062 806.250
58.609 791.500
60.031 780.500
61.453 771.250
63.016 761.750
64.469 752.500
66.000 743.250
67.469 735.750
68.938 729.250
70.375 723.250
71.875 717.500
73.344 711.500
77.688 701.500
79.016 692.750
80.641 688.500
82.016 685.750
83.469 684.250
84.766 682.750
86.312 681.500
87.750 678.000
89.203 677.000
90.641 678.750
92.125 679.500
93.469 679.500
94.891 679.250
96.406 681.500
97.906 683.000
99.172 684.500
100.781 687.000
102.047 689.250
103.594 692.000
105.047 696.750
106.344 701.750
107.750 706.250
109.203 711.750
110.625 718.500
112.156 725.000
113.469 731.500
115.000 738.500
116.281 747.000
117.688 757.250
119.172 765.750
120.578 774.250
122.062 786.000
123.453 798.250
124.844 810.500
126.266 823.000
127.609 836.750
129.078 853.250
130.438 869.750
131.891 886.500
133.297 905.250
134.594 925.250
136.078 946.750
137.516 968.750
140.422 894.000
145.844 1140.250
179.609 2244.000
181.016 2233.250
182.484 2218.250
183.922 2203.250
185.344 2189.750
186.797 2171.750
188.203 2158.000
193.844 2618.750
195.250 2620.000
196.703 2619.250
200.969 2629.750
202.438 2644.500
203.859 2654.000
205.297 2632.500
212.312 432.250
222.578 182.250
230.250 164.000
231.688 162.000
233.109 160.000
234.531 158.000
235.953 157.250
237.391 156.250
238.828 155.250
240.250 155.000
241.688 155.000
243.125 155.000
244.547 154.750
245.984 154.750
247.406 155.000
248.828 156.000
250.266 156.750
276.375 323.000
278.062 325.250
279.594 329.000
283.484 285.250
312.484 453.000
314.188 454.750
315.453 456.250
317.078 457.750
318.312 458.750
319.578 462.000
321.016 466.750
322.531 471.750
323.812 479.000
325.250 487.250
326.562 492.000
327.953 499.500
329.516 510.250
330.812 517.750
332.250 526.250
333.547 539.750
341.516 275.250
343.219 268.250
344.578 264.000
345.281 262.750
346.641 263.500
348.500 265.500
356.984 475.000
358.359 478.250
359.797 484.000
0.953 494.500
2.562 503.500
5.625 484.000
7.062 479.500
8.516 476.000
9.688 475.750
11.344 478.500
25.719 838.000
27.172 835.500
28.578 827.500
30.141 819.500
31.438 821.000
32.906 826.250
34.422 831.750
35.953 833.500
37.344 835.250
38.688 838.500
40.219 842.000
45.781 934.750
47.266 914.250
48.797 893.250
50.203 874.500
51.672 859.250
53.234 842.250
54.750 827.000
56.141 814.000
57.578 800.500
59.109 787.500
60.500 776.250
62.016 766.250
63.453 756.500
64.984 748.250
66.453 740.500
67.969 733.500
69.391 726.500
70.797 719.250
72.281 713.500
73.672 707.500
75.250 701.750
76.594 697.250
78.188 693.500
79.656 690.500
81.016 688.250
82.547 686.250
83.875 683.750
85.328 682.000
86.781 680.500
88.266 677.750
89.672 678.250
91.094 678.750
92.531 678.500
94.000 681.000
95.422 682.250
96.891 682.750
98.234 685.000
99.844 687.250
101.250 689.750
102.578 693.500
104.047 697.750
105.578 701.750
107.000 706.750
108.375 712.000
109.656 718.250
111.062 725.750
112.641 731.500
113.906 738.250
115.453 746.500
116.844 755.500
118.219 764.750
119.656 774.000
121.000 784.500
122.547 796.250
123.891 809.000
125.297 821.250
126.656 834.250
128.078 851.500
129.578 868.250
130.984 883.500
132.266 903.000
133.719 922.250
135.078 941.750
136.453 963.750
140.938 891.000
169.000 1435.250
175.859 2040.000
180.125 2243.000
181.547 2231.500
182.984 2214.500
184.438 2197.250
185.875 2185.500
187.297 2174.000
188.766 2158.750
194.359 2620.500
195.797 2621.250
197.219 2622.500
198.688 2624.250
200.078 2632.500
201.547 2643.000
202.953 2650.000
204.422 2657.750
205.844 2640.750
230.797 161.750
232.219 159.250
233.656 157.500
235.406 156.250
236.500 155.250
237.922 155.000
239.359 154.750
240.766 154.500
242.234 153.750
243.641 153.500
245.062 154.000
246.531 154.000
247.953 154.500
249.391 155.000
250.828 155.750
252.500 157.000
277.578 323.750
278.359 324.500
280.297 328.500
313.000 454.750
314.469 455.750
316.172 456.750
317.328 457.750
318.906 460.250
320.094 463.250
321.766 467.000
323.141 472.000
324.391 480.000
325.703 485.250
327.281 490.500
328.625 500.000
330.109 510.000
331.359 519.000
332.672 529.000
340.219 274.750
341.047 267.500
343.000 262.000
345.469 259.750
345.812 259.750
348.078 260.750
355.938 477.500
357.312 478.500
358.812 483.000
3.141 491.000
4.562 494.500
6.203 486.250
7.562 477.750
8.953 476.250
10.281 478.000
11.766 481.750
26.203 837.500
27.734 828.250
29.172 818.500
30.609 819.000
32.031 822.250
33.547 824.500
34.859 821.750
36.453 819.750
37.938 823.500
39.234 828.500
44.812 947.750
46.359 933.250
47.750 912.500
49.312 892.500
50.750 873.500
52.234 857.000
53.734 844.000
55.094 829.500
56.672 815.250
58.141 801.000
59.547 788.000
61.078 778.750
62.500 769.250
64.016 759.750
65.406 751.250
66.969 742.250
68.453 735.000
69.812 729.000
71.219 723.000
72.828 717.250
77.109 707.750
78.594 698.750
79.984 695.250
81.484 692.500
83.016 689.750
84.297 687.500
85.812 686.250
87.156 685.250
88.688 684.500
90.188 684.500
91.547 684.250
92.953 684.750
94.375 685.750
95.984 686.500
97.328 688.000
98.844 689.500
100.172 691.250
101.609 694.500
103.094 698.250
104.547 701.750
105.922 706.750
107.328 712.000
108.781 717.500
110.062 724.750
111.562 731.000
113.000 737.000
114.438 744.500
115.859 753.000
117.156 762.250
118.609 771.000
120.000 780.750
121.500 792.000
122.859 804.500
124.219 818.000
125.766 830.500
127.078 844.500
128.531 861.250
129.922 877.500
131.391 894.250
132.734 913.750
134.109 932.750
135.422 953.000
136.938 977.500
139.891 894.250
145.266 1151.750
180.531 2238.250
182.000 2222.000
183.438 2206.250
184.844 2191.500
186.312 2176.750
187.734 2159.250
193.391 2607.000
194.781 2618.500
196.234 2624.250
197.703 2616.000
199.109 2620.000
200.516 2638.250
201.969 2644.500
203.422 2651.250
204.875 2660.250
206.297 2648.000
212.203 437.500
222.141 181.750
226.938 162.500
228.375 164.000
229.812 162.750
231.250 160.500
232.688 158.500
234.125 157.000
235.500 155.750
236.938 155.000
238.375 154.500
240.422 154.500
241.203 154.250
242.656 153.500
244.062 153.000
245.500 153.250
246.953 153.750
248.375 154.500
249.812 155.000
251.250 156.000
252.672 157.250
277.375 323.750
279.156 325.750
303.391 245.500
313.734 455.750
315.203 456.250
316.562 457.000
318.016 459.250
319.219 461.500
320.641 464.500
322.078 470.000
323.406 477.000
324.969 481.750
326.234 486.250
327.750 493.000
329.016 503.250
330.516 514.000
331.781 521.000
340.875 272.000
342.250 265.250
343.562 261.000
344.781 259.750
347.312 260.250
347.531 261.750
356.641 477.000
357.766 479.250
4.984 488.250
6.484 481.500
8.016 477.750
9.562 476.750
11.031 477.250
12.203 483.500
23.938 841.250
25.297 829.500
26.828 818.750
28.281 814.750
29.609 817.000
31.125 824.500
32.547 830.250
34.031 824.000
35.469 816.000
36.828 816.750
38.422 810.750
43.859 952.750
45.266 951.000
46.750 931.750
48.219 912.250
49.672 891.250
51.141 874.250
52.656 857.250
54.172 839.000
55.656 825.250
57.156 812.500
58.594 799.750
60.156 787.750
61.469 777.500
62.953 768.250
64.500 759.000
66.000 750.250
67.312 741.500
68.828 734.000
70.375 728.000
71.766 721.250
73.281 715.000
74.688 709.750
76.234 705.750
77.625 701.000
79.109 694.750
80.547 691.750
82.078 690.750
83.375 688.750
84.875 686.500
86.188 684.000
87.797 683.500
89.250 683.500
90.656 682.500
92.125 682.500
93.500 683.000
94.953 684.500
96.406 686.250
97.734 687.500
99.203 688.500
100.641 690.750
102.031 694.500
103.469 698.000
104.938 701.750
106.328 705.250
107.875 710.250
109.188 717.000
110.484 723.500
112.062 730.500
113.469 737.000
114.875 744.500
116.312 753.000
117.750 761.000
119.109 770.250
120.484 780.250
121.953 791.000
123.297 802.500
124.797 815.750
126.109 829.000
127.609 843.000
128.922 860.000
130.406 875.500
131.656 892.250
133.078 912.750
134.531 931.500
135.969 951.250
137.328 974.750
140.281 893.750
145.719 1145.250
179.500 2242.750
180.938 2233.000
182.375 2217.500
183.812 2202.250
185.234 2190.000
186.672 2174.000
188.125 2157.000
193.719 2615.500
195.188 2619.000
196.609 2617.000
200.906 2624.500
202.312 2642.000
203.766 2655.000
205.188 2661.500
222.438 179.750
230.109 161.750
231.547 159.250
232.984 157.500
234.406 156.000
235.844 155.250
237.281 155.000
238.703 154.000
240.141 153.250
241.531 152.750
242.969 152.250
244.812 152.250
245.578 152.750
247.297 153.000
248.734 154.000
250.156 155.000
251.578 155.500
253.016 156.750
276.297 326.000
277.859 325.000
279.672 325.250
304.984 244.750
313.625 455.750
315.250 456.250
316.844 457.250
318.016 459.000
319.469 461.000
320.938 465.250
322.422 471.000
323.719 477.500
325.078 481.500
326.328 485.750
327.891 493.500
329.062 504.250
330.500 515.000
331.953 524.500
341.516 270.250
342.828 263.500
344.234 260.000
344.859 259.000
346.812 259.750
348.203 262.000
356.547 476.750
357.953 479.250
5.125 486.750
6.594 481.750
8.297 477.000
9.641 476.250
11.047 478.000
12.406 484.500
21.078 837.500
22.625 826.000
24.016 817.250
25.375 818.750
26.812 825.000
32.344 963.000
33.703 958.500
35.250 955.750
36.625 960.000
38.141 962.750
39.625 955.250
41.078 948.250
42.453 945.500
43.844 950.000
45.375 950.500
46.797 934.500
48.266 914.500
49.703 895.500
51.250 876.500
52.688 857.750
54.188 841.500
55.656 827.750
57.141 814.750
58.500 802.250
60.016 789.250
61.469 780.000
63.062 770.000
64.547 759.250
65.891 750.500
67.391 741.750
68.938 734.500
70.328 728.500
71.734 721.750
73.141 715.500
74.750 710.000
76.109 705.750
77.562 701.000
79.078 697.250
80.438 694.250
81.859 691.000
83.375 688.750
84.828 686.500
86.297 684.000
87.688 684.000
89.125 684.250
90.578 682.750
92.016 682.750
93.375 683.250
94.828 684.500
96.250 686.250
97.656 687.500
99.109 688.750
100.562 690.750
101.953 694.500
103.406 697.750
104.781 701.500
106.312 705.500
107.594 710.500
109.031 717.000
110.562 723.250
111.875 730.250
113.375 736.750
114.672 744.250
116.203 752.500
117.500 760.750
118.938 769.750
120.375 778.750
121.781 789.500
123.141 801.000
124.516 814.000
125.984 827.250
127.391 841.250
128.844 857.750
130.250 872.750
131.672 889.750
132.938 908.500
134.438 926.250
135.812 946.750
137.203 970.000
140.234 893.000
145.484 1141.000
180.734 2234.750
182.156 2218.750
183.578 2200.750
185.016 2188.500
186.438 2173.500
187.922 2156.250
194.922 2616.750
196.359 2614.250
202.078 2632.000
203.500 2652.500
204.922 2661.000
206.375 2665.000
222.188 180.000
228.422 162.000
229.859 161.250
231.297 158.750
233.141 157.250
234.781 156.000
235.594 155.000
237.016 154.000
238.422 153.000
239.844 152.750
241.281 152.500
242.719 152.000
244.141 151.750
245.562 152.000
247.016 153.000
248.797 153.750
249.906 154.000
251.328 155.000
252.750 156.250
277.469 327.500
279.047 325.750
284.125 290.000
305.172 244.750
306.891 248.500
312.016 452.750
313.453 455.750
314.812 456.250
316.500 456.750
317.719 459.000
319.391 461.500
320.609 464.500
321.922 470.000
323.266 477.000
324.938 483.500
326.359 489.000
327.562 494.250
328.844 503.500
330.219 514.250
331.625 524.750
332.922 538.250
340.078 274.000
342.141 266.750
343.688 262.000
344.500 260.500
346.750 260.750
348.016 262.250
356.391 474.250
357.938 476.500
4.891 489.750
6.328 481.500
7.734 477.750
9.375 475.250
10.578 476.000
12.156 481.250
17.922 828.250
19.359 815.250
20.766 811.250
30.547 979.750
32.016 965.500
33.484 958.500
34.844 954.500
36.359 960.500
37.875 965.500
39.281 958.250
40.750 950.000
42.141 945.750
43.562 946.750
44.984 946.000
46.453 932.750
48.016 912.750
49.391 893.750
50.969 875.000
52.312 856.250
53.859 839.000
55.375 825.000
56.797 812.250
58.328 798.250
59.766 785.250
61.281 774.250
62.750 764.500
64.141 754.500
65.578 745.000
67.000 737.250
68.469 730.250
70.062 723.500
71.500 716.750
72.875 710.250
74.453 703.750
75.781 699.000
77.188 694.500
78.812 690.500
80.203 688.250
81.625 684.250
83.078 681.000
84.438 679.250
85.844 677.000
87.359 675.750
88.766 674.000
90.297 672.250
91.703 672.000
93.094 672.750
94.438 673.500
95.906 674.250
97.359 675.250
98.828 677.250
100.203 680.500
101.766 683.500
103.156 686.000
104.469 689.000
106.031 692.750
107.375 698.250
108.656 704.000
110.078 709.250
111.641 716.000
112.969 723.500
114.469 730.000
115.750 736.500
117.266 744.250
118.719 754.000
119.984 763.750
121.531 773.750
122.812 783.000
124.312 795.250
125.641 810.250
127.094 821.500
128.453 834.000
129.906 852.750
131.328 870.750
132.688 887.000
134.000 906.000
135.438 926.000
136.812 947.500
139.781 894.250
146.531 1145.250
180.266 2240.000
181.688 2224.750
183.141 2209.500
184.562 2192.000
186.016 2178.250
187.484 2164.250
188.891 2161.500
194.500 2619.000
195.922 2621.000
197.328 2621.750
198.766 2624.250
201.625 2635.750
203.094 2649.250
204.547 2657.250
205.938 2664.000
230.875 161.000
232.438 159.000
233.750 157.250
235.172 156.000
236.594 155.250
238.031 154.500
239.438 154.000
240.891 153.750
242.297 153.250
243.719 152.750
245.141 152.750
246.625 153.000
248.047 154.000
249.469 155.000
250.906 155.750
252.344 156.750
253.781 157.750
277.328 324.750
278.484 324.500
280.031 322.250
283.344 290.750
311.719 451.000
312.969 455.000
314.438 456.000
316.094 457.000
317.312 458.000
318.875 460.500
319.969 464.000
321.719 468.250
323.094 474.000
324.203 481.750
325.812 486.250
327.172 492.500
328.344 503.000
329.766 513.500
331.141 521.500
332.672 529.250
339.641 277.750
341.500 270.250
342.516 264.000
344.094 261.500
345.594 261.000
347.875 261.500
355.781 474.250
357.438 475.500
358.828 479.750
4.484 493.500
5.984 484.000
7.344 477.500
8.922 475.000
10.141 475.500
11.641 478.000
16.000 813.250
17.453 803.000
18.906 794.250
31.484 968.500
32.891 961.250
34.328 958.500
35.891 962.250
37.297 966.500
38.750 960.000
40.188 950.500
41.672 945.750
43.062 945.500
44.469 946.250
45.969 936.000
47.391 915.750
48.844 895.250
50.344 876.250
51.750 859.000
53.375 841.750
54.766 826.250
56.297 812.000
57.609 798.500
59.188 786.750
60.578 774.250
62.203 763.250
63.516 754.000
65.016 743.250
66.469 734.000
67.984 727.000
69.406 719.250
70.828 711.750
72.328 705.250
73.750 699.750
75.266 694.000
76.672 689.500
78.156 685.500
79.688 681.000
81.062 677.250
82.453 674.500
83.984 671.250
85.297 668.000
86.797 667.000
88.234 666.000
89.609 664.250
91.109 663.750
92.453 664.750
93.859 665.500
95.438 665.500
96.859 666.250
98.281 667.250
99.625 670.000
101.094 673.000
102.438 675.250
103.922 679.500
105.438 683.500
106.859 685.500
108.281 689.000
109.562 695.000
110.953 702.250
112.422 708.500
113.922 715.250
115.266 722.500
116.656 729.250
118.156 737.000
119.484 747.250
120.906 757.250
122.328 767.250
123.703 778.000
125.141 790.000
126.547 802.250
127.984 815.250
129.312 829.500
130.750 845.000
132.125 862.750
133.453 880.750
134.922 898.750
136.344 919.000
137.625 940.250
140.656 893.000
179.656 2244.500
181.078 2233.000
182.500 2218.000
183.938 2202.500
185.375 2189.250
186.797 2171.500
188.250 2157.000
195.250 2619.500
196.672 2619.500
198.109 2612.250
199.547 2615.750
200.953 2629.000
202.391 2641.000
203.844 2655.000
205.250 2661.750
206.703 2647.250
231.594 160.750
233.016 159.000
234.438 157.750
235.859 156.500
237.297 155.000
238.734 154.500
240.156 154.750
241.578 154.500
243.000 153.750
245.062 153.750
245.875 154.250
247.297 154.750
248.719 154.750
250.156 155.500
251.578 156.750
253.000 157.750
254.438 159.250
279.250 328.000
303.484 247.000
313.672 455.750
315.156 457.250
316.719 458.250
317.859 459.250
319.453 462.500
320.719 466.500
322.047 471.250
323.547 479.250
324.875 488.250
326.391 493.500
327.625 500.500
329.078 511.250
330.391 519.250
331.766 528.250
333.031 540.750
341.109 275.000
342.109 268.000
343.844 263.500
345.156 261.750
347.062 262.000
347.359 264.500
356.516 475.000
358.016 477.750
359.281 482.750
0.594 493.500
2.047 506.250
5.109 485.500
6.688 481.000
7.844 476.250
9.406 475.750
10.672 477.500
15.250 801.250
30.672 979.250
32.125 965.250
33.625 960.000
35.062 963.250
36.469 967.500
37.938 963.250
39.359 953.250
40.812 947.000
42.219 945.750
43.703 941.250
45.172 926.750
46.688 905.000
48.188 883.000
49.609 864.000
51.078 847.000
52.484 829.250
54.031 814.750
55.484 799.750
56.938 784.500
58.406 772.750
59.969 761.250
61.422 749.250
62.875 739.250
64.281 730.750
65.844 722.250
67.312 714.000
68.656 706.500
70.250 699.250
71.656 693.000
73.109 687.000
74.531 681.500
75.984 677.000
78.781 654.500
80.328 663.250
81.797 660.500
83.297 657.250
84.562 655.750
86.031 655.750
87.547 654.500
88.922 652.000
90.438 651.250
91.750 652.500
93.297 652.250
94.703 652.000
96.172 652.750
97.500 654.250
99.031 655.500
100.312 657.250
101.922 659.750
103.172 663.250
104.672 667.000
106.094 669.000
107.578 673.750
108.984 680.750
110.375 686.500
111.641 692.250
113.062 698.000
114.562 704.250
115.938 712.750
117.469 721.250
118.844 729.500
120.250 738.500
121.625 747.500
122.984 758.500
124.453 770.500
125.766 782.000
127.250 794.250
128.656 808.500
129.969 823.000
131.484 838.500
132.750 857.250
134.188 875.250
135.562 893.750
136.969 915.000
139.812 894.750
145.250 1071.000
180.328 2239.000
181.750 2224.250
183.188 2208.500
184.609 2191.250
186.016 2178.500
187.516 2164.000
194.516 2618.500
195.938 2621.000
197.344 2623.500
198.797 2627.750
200.219 2634.500
201.672 2641.000
203.094 2649.000
204.531 2657.250
205.938 2644.500
230.828 160.500
232.266 158.750
233.703 156.750
235.125 155.250
236.547 155.000
237.984 154.000
239.406 153.250
240.797 153.250
242.234 153.000
243.656 152.750
245.109 152.750
246.547 153.000
247.984 154.000
249.656 154.750
250.844 155.500
252.266 156.750
276.891 323.750
278.375 326.000
279.922 330.250
283.922 288.000
311.531 451.000
312.875 454.750
314.469 456.000
315.734 457.000
317.266 458.000
318.672 460.750
320.078 465.250
321.391 471.000
322.969 477.500
324.219 483.750
325.672 489.750
327.078 496.000
328.375 506.250
329.656 516.750
331.062 526.250
332.453 539.000
340.375 278.500
341.281 270.750
342.750 265.000
343.734 262.500
346.250 262.000
346.672 263.500
355.797 474.250
357.203 475.500
358.828 479.750
4.375 489.250
5.922 481.750
7.516 477.250
8.719 474.750
10.188 476.500
11.438 481.500
14.672 799.500
30.031 983.750
31.578 967.750
32.938 960.500
34.344 957.250
35.828 961.250
37.375 966.000
38.719 959.500
40.281 950.500
41.703 946.000
43.078 946.000
44.547 944.000
46.016 930.000
47.531 908.000
48.953 886.250
50.438 868.750
51.828 851.000
53.406 831.750
54.922 817.000
56.328 803.250
57.719 789.250
59.266 777.750
60.797 767.250
62.266 755.500
63.703 744.750
65.078 736.750
66.562 729.000
67.984 720.250
69.500 712.500
70.953 706.000
72.531 699.000
73.953 692.000
75.391 687.000
76.766 682.500
78.172 678.000
79.766 673.500
81.156 669.000
82.688 666.000
84.031 664.000
85.422 662.250
86.984 660.750
88.375 659.000
89.797 657.500
91.188 657.250
92.719 657.000
94.188 657.000
95.500 658.500
97.016 659.750
98.359 661.500
99.734 664.000
101.172 666.750
102.578 668.750
104.047 671.000
105.547 674.500
106.922 677.500
108.312 682.500
109.734 688.250
111.125 694.000
112.531 700.500
114.000 706.500
115.484 714.250
116.750 722.750
118.188 730.000
119.578 738.250
121.094 748.750
122.531 759.000
123.797 769.500
125.203 780.000
126.703 792.000
128.141 806.500
129.438 821.250
130.844 835.250
132.156 853.250
133.625 871.000
135.047 888.000
136.406 909.000
139.375 908.500
146.172 1088.000
168.516 1865.750
179.875 2240.000
181.297 2229.250
182.734 2216.000
184.156 2201.000
185.609 2184.500
187.047 2165.750
195.500 2617.000
196.922 2620.750
198.344 2625.750
201.203 2635.000
202.656 2646.750
204.094 2654.500
205.484 2660.000
227.547 160.000
228.984 161.250
230.438 160.500
231.859 158.500
233.297 156.750
234.719 155.500
236.156 155.000
237.578 154.250
238.984 153.250
240.406 153.000
241.844 152.750
243.266 152.500
244.703 152.500
246.141 153.000
247.594 153.750
249.016 154.500
250.453 155.250
251.891 156.250
253.641 157.500
254.750 159.000
256.172 160.500
276.844 326.250
278.094 325.000
279.938 329.000
283.125 290.250
312.641 454.750
313.953 456.250
315.609 457.750
316.984 458.000
318.250 461.500
319.703 466.250
321.172 470.250
322.672 475.750
323.891 482.750
325.453 488.750
326.812 495.750
328.000 506.250
329.609 516.000
330.938 525.500
332.094 537.000
339.219 282.250
340.750 273.750
342.078 267.250
344.547 263.500
345.062 262.250
346.641 263.250
355.688 473.500
357.094 474.750
358.266 478.250
3.984 492.000
5.422 482.250
7.094 476.500
8.516 474.500
9.719 474.250
11.422 477.000
31.219 967.750
32.594 959.750
34.031 957.500
35.516 961.250
37.000 964.250
38.453 958.750
39.828 950.500
41.391 946.000
42.797 945.250
44.141 945.500
45.609 933.750
47.125 912.250
48.578 890.750
50.109 872.000
51.469 855.250
52.969 836.250
54.484 820.250
55.891 805.250
57.344 790.250
58.922 777.750
60.438 766.250
61.828 753.750
63.406 742.500
64.750 735.000
66.250 727.250
67.766 717.500
69.203 710.500
70.641 703.250
72.078 694.750
73.672 688.500
75.141 683.750
79.406 670.250
80.891 666.750
82.312 663.000
83.797 659.750
85.281 657.250
86.625 655.000
88.094 653.750
89.484 653.250
90.875 652.000
92.422 651.250
93.734 653.000
95.219 653.250
96.750 653.250
98.062 654.750
99.469 656.250
100.875 658.000
102.406 660.250
103.781 663.000
105.297 666.000
106.688 668.750
108.000 674.000
109.406 681.000
110.938 685.500
112.266 690.750
113.781 696.500
115.156 702.500
116.453 710.750
117.938 719.750
119.359 728.000
120.688 736.500
122.188 746.500
123.484 756.750
124.938 767.750
126.375 780.000
127.766 792.750
129.234 806.750
130.516 821.500
131.922 838.000
133.281 855.250
134.766 872.500
136.141 890.750
137.453 911.500
139.000 908.750
144.422 1036.750
145.812 1066.500
171.188 1552.500
179.453 2244.250
180.859 2226.500
182.312 2212.000
183.766 2197.500
185.172 2185.750
186.625 2171.500
188.047 2155.000
195.047 2617.250
196.484 2616.500
197.938 2612.500
199.375 2616.500
200.797 2630.500
202.219 2641.500
203.641 2652.250
222.328 179.250
229.969 161.750
231.406 158.750
232.828 157.000
234.281 155.750
235.703 155.000
237.125 154.000
238.891 153.250
239.953 153.000
241.391 152.250
242.828 152.000
244.250 152.000
245.672 152.500
247.141 153.000
248.562 153.500
250.000 154.250
251.422 155.500
252.859 156.750
276.375 325.750
277.766 325.250
278.875 327.750
303.625 246.500
313.531 455.750
315.016 457.750
316.406 458.250
317.781 460.000
318.969 463.750
320.375 468.750
321.781 474.500
323.281 481.250
324.578 490.250
326.031 495.250
327.578 501.750
328.844 512.000
330.297 519.250
331.484 529.250
332.828 542.000
340.328 277.750
342.578 270.500
343.484 265.500
344.250 263.250
346.656 263.500
347.812 265.750
356.203 473.500
357.844 477.500
4.719 486.500
6.266 479.250
7.688 475.750
9.203 476.250
10.562 477.750
11.984 485.000
30.469 972.750
31.875 963.000
33.281 958.250
34.719 960.750
36.297 966.750
37.750 963.500
39.203 953.750
40.609 947.250
42.031 945.750
43.500 948.750
44.953 940.750
46.453 917.500
47.891 895.750
49.312 875.750
50.859 856.250
52.219 838.500
53.828 822.250
55.266 806.750
56.688 791.750
58.219 778.250
59.578 766.750
61.219 755.500
62.656 745.250
64.141 736.250
65.609 727.500
66.969 718.250
68.531 710.500
69.859 703.000
71.469 695.500
72.922 690.000
74.312 685.250
75.672 679.750
80.109 669.250
81.594 661.250
83.109 658.750
84.531 654.000
85.875 651.750
87.297 652.750
88.719 651.750
90.281 650.750
91.688 649.750
93.031 649.750
94.406 650.500
95.969 650.250
97.359 650.500
98.797 652.250
100.172 654.500
101.703 656.750
103.094 659.750
104.391 663.000
105.859 665.000
107.391 669.500
108.750 675.500
110.078 680.500
111.578 686.250
112.875 691.750
114.328 697.500
115.812 704.500
117.109 713.000
118.562 721.500
120.031 729.750
121.516 739.000
122.875 748.750
124.234 759.250
125.609 771.000
127.109 782.500
128.484 796.000
129.938 810.750
131.328 824.000
132.594 840.500
134.047 859.000
135.344 877.250
136.734 896.750
138.203 902.500
143.734 1014.750
145.109 1044.500
146.562 1076.500
170.359 1556.250
178.672 2250.500
180.109 2240.000
181.547 2220.500
183.000 2203.000
184.406 2193.500
185.828 2172.500
187.281 2151.750
195.703 2614.250
197.141 2607.500
198.578 2613.250
200.000 2627.750
201.422 2636.250
202.859 2648.000
230.641 155.000
232.031 153.500
233.469 152.000
235.141 151.000
236.328 150.250
237.766 149.500
239.188 149.000
240.609 148.750
242.047 148.750
243.469 148.750
244.891 148.750
246.328 149.250
247.766 150.000
249.188 150.750
250.609 151.750
252.078 153.000
276.828 326.250
278.547 324.750
281.781 301.500
302.344 243.000
312.688 455.000
314.203 456.500
315.688 457.250
317.172 458.750
318.500 462.250
320.000 465.750
321.078 470.250
322.734 477.000
323.922 484.000
325.359 489.750
326.859 496.500
328.281 506.250
329.547 516.000
330.875 525.500
332.188 538.500
339.109 279.750
342.766 264.500
344.797 261.500
345.016 261.500
347.547 262.500
355.406 473.500
357.047 474.750
358.391 478.500
2.609 486.750
3.953 489.250
5.562 482.000
7.125 476.500
8.406 474.250
9.984 474.250
11.250 478.000
15.984 2207.750
17.406 2208.500
29.781 969.500
31.094 959.500
32.531 957.000
34.078 952.500
35.516 951.500
36.969 959.000
38.375 958.500
39.812 950.250
41.281 946.000
42.703 953.250
44.141 963.000
45.625 953.750
47.062 932.250
48.625 909.250
50.047 887.250
51.547 868.000
53.047 849.500
54.391 832.000
55.984 817.750
57.391 804.250
58.891 789.250
60.453 776.750
61.891 764.750
63.391 752.250
64.766 741.750
66.312 733.000
67.734 726.000
69.156 718.000
70.562 709.500
72.000 701.750
73.625 695.750
77.828 680.250
79.297 676.250
80.797 671.750
82.328 666.750
83.703 664.500
85.062 659.750
86.469 657.250
87.984 658.250
89.500 657.000
90.906 655.750
92.391 655.250
93.656 654.750
95.125 655.250
96.594 656.250
97.969 656.000
99.562 657.250
100.984 659.750
102.328 662.500
103.734 664.750
105.234 666.500
106.703 671.000
108.078 676.750
109.359 681.250
110.812 685.500
112.344 690.750
113.734 696.250
115.109 702.500
116.594 710.250
117.875 719.250
119.391 727.750
120.672 736.250
122.094 746.000
123.656 756.250
124.984 765.500
126.375 775.250
127.797 788.250
129.125 802.500
130.625 817.000
132.016 832.750
133.375 848.750
134.797 864.750
136.172 882.250
137.516 901.250
139.016 903.250
141.672 967.500
143.078 995.750
144.578 1022.000
147.297 1083.250
172.688 1459.500
179.531 2241.250
180.938 2222.000
182.375 2205.250
183.797 2194.750
185.234 2183.250
186.672 2168.250
196.547 2615.250
197.984 2622.500
199.375 2627.750
200.844 2630.250
202.266 2641.750
203.703 2654.500
205.125 2661.500
220.969 195.500
231.500 157.000
232.922 154.500
234.297 152.500
235.719 152.000
237.141 151.500
238.578 150.750
240.000 150.500
241.422 150.250
242.859 150.000
244.281 150.000
245.719 150.250
247.141 150.750
248.578 151.500
252.875 154.000
276.547 329.000
277.875 328.250
303.734 243.750
304.594 247.000
310.594 451.250
312.266 455.500
313.547 456.000
314.844 457.750
316.312 459.500
318.000 462.000
319.047 466.000
320.625 470.500
321.922 476.750
323.250 483.750
324.703 489.750
326.094 497.000
327.531 507.250
328.859 516.500
330.359 526.250
331.688 537.750
333.047 549.500
341.203 274.250
342.328 267.750
343.125 263.250
345.906 261.250
347.172 261.750
347.734 264.250
356.375 473.250
357.688 476.500
3.391 494.250
5.109 482.500
6.438 476.250
7.750 473.500
9.250 473.500
10.578 476.250
15.406 2209.000
16.875 2204.250
27.812 958.000
29.188 948.000
30.656 941.750
32.016 940.500
33.500 938.000
34.984 935.000
36.531 932.250
37.891 929.000
39.375 930.500
40.766 931.250
43.531 989.500
45.078 964.500
46.547 942.000
48.000 919.000
49.453 897.500
51.000 878.250
52.359 860.250
53.906 841.500
55.281 825.750
56.781 811.500
58.359 796.500
59.812 783.500
61.219 772.750
62.703 762.000
64.141 751.250
65.766 742.000
67.188 732.750
68.656 725.250
70.016 718.500
71.609 710.000
72.953 702.750
77.312 692.000
78.750 681.750
80.266 678.000
81.781 675.500
83.172 671.500
84.562 667.750
86.047 664.500
87.516 662.500
88.969 661.750
90.391 660.500
91.844 660.500
93.250 660.500
94.750 659.750
96.156 661.000
97.484 661.750
98.906 662.500
100.281 665.000
101.781 667.250
103.281 669.250
104.656 673.000
106.172 675.500
107.453 679.750
108.938 686.000
110.266 690.250
111.750 695.250
113.188 701.000
114.609 708.000
115.984 715.000
117.344 721.500
118.703 729.750
120.219 738.500
121.562 747.750
122.953 758.750
124.500 770.000
125.812 781.500
127.203 793.750
128.641 805.500
130.031 819.750
131.406 836.250
132.719 851.750
134.141 868.000
135.594 884.750
137.016 904.250
138.438 905.250
143.891 1022.750
146.734 1084.500
169.141 1569.750
170.594 1554.750
178.906 2245.000
180.344 2235.500
181.812 2220.500
183.219 2204.250
184.672 2187.500
186.078 2166.000
187.547 2152.750
195.984 2587.250
197.391 2605.250
198.828 2614.250
200.250 2620.750
201.719 2637.250
203.156 2648.250
216.578 231.750
232.344 156.750
233.734 154.000
235.125 151.500
236.562 151.000
238.859 150.750
239.406 150.250
240.844 150.000
242.281 150.000
243.703 149.750
245.125 150.000
246.547 150.250
247.984 150.750
249.391 151.500
253.719 154.000
277.359 331.250
278.594 330.000
281.656 305.750
303.312 247.750
312.969 458.500
314.406 459.750
315.797 460.750
317.484 462.750
318.562 466.000
320.062 472.000
321.406 478.000
322.781 483.500
324.250 489.750
325.531 496.250
327.156 504.750
328.531 514.500
329.703 522.750
331.297 532.000
332.453 544.000
339.484 278.000
340.984 270.250
343.359 264.000
344.594 261.500
346.219 261.250
347.312 263.250
355.797 473.250
357.203 475.500
4.438 483.500
6.031 477.250
7.453 475.000
8.891 474.500
10.125 475.250
11.531 480.500
16.469 2207.750
17.891 2213.000
27.422 949.250
28.844 941.250
30.312 940.500
31.656 937.500
33.141 933.250
34.594 929.250
35.969 925.500
37.484 925.750
43.125 1010.750
44.562 984.750
46.031 960.000
47.453 937.250
48.938 916.000
50.469 894.500
51.891 875.250
53.406 857.500
54.906 840.000
56.234 823.750
57.812 809.750
59.188 796.000
60.812 783.500
62.312 772.500
63.766 761.250
65.156 751.000
66.688 742.000
68.031 734.500
69.531 727.750
71.031 719.750
72.406 712.500
76.953 699.750
78.234 688.750
79.859 685.250
81.312 680.750
82.625 677.000
84.141 674.500
85.484 671.000
87.062 668.500
88.328 667.250
89.953 664.750
91.234 663.750
92.641 663.500
94.156 662.750
95.656 663.500
96.984 665.250
98.500 666.250
99.844 668.000
101.312 669.500
102.766 671.500
104.203 675.250
105.578 678.750
107.078 683.250
108.484 687.750
109.766 691.500
111.219 696.500
112.641 702.500
114.016 709.250
115.484 715.500
116.922 722.750
118.375 730.000
119.703 738.250
121.250 748.500
122.547 758.500
123.922 769.000
125.375 779.750
126.812 790.000
128.156 803.000
129.609 817.750
130.906 833.250
132.297 849.000
133.703 864.250
135.141 881.000
136.578 899.500
137.984 901.500
139.438 893.250
143.453 1015.000
144.891 1042.750
146.266 1072.500
170.141 1550.000
179.891 2237.750
181.312 2220.750
182.750 2198.250
184.219 2178.750
185.656 2163.750
187.047 2150.000
199.812 2614.000
201.234 2627.500
202.641 2644.250
204.078 2653.750
205.484 2660.000
206.906 2669.500
221.312 185.750
226.094 165.500
230.391 157.500
231.812 158.000
233.250 156.750
234.688 155.250
236.109 154.750
237.531 154.000
238.688 153.000
240.359 152.500
241.781 152.000
243.219 151.750
244.641 151.750
246.062 152.000
247.500 152.500
248.953 153.000
250.391 153.750
251.812 154.750
253.234 156.000
254.672 157.500
256.094 159.000
278.156 330.250
279.703 329.000
284.344 292.250
303.891 251.000
305.734 255.500
312.406 458.000
313.859 460.000
315.344 462.000
316.891 462.750
318.109 465.250
319.609 470.500
321.016 475.000
322.172 480.750
323.578 488.000
325.078 494.500
326.562 501.750
327.938 512.000
329.172 520.500
330.719 530.000
331.891 544.000
340.328 272.250
342.266 266.000
343.875 262.500
345.219 261.500
346.078 262.250
355.156 472.750
356.609 475.250
358.203 477.500
3.969 491.250
5.188 480.750
6.766 475.500
8.203 472.750
9.500 471.750
10.891 475.000
15.750 2210.750
17.188 2205.000
25.156 971.500
26.672 954.250
28.094 946.250
29.469 945.500
31.000 943.500
32.328 939.750
33.797 932.750
35.203 927.000
36.812 926.000
42.344 1031.500
43.906 1002.750
45.312 975.000
46.812 950.750
48.297 929.500
49.703 907.500
51.203 885.750
52.641 867.250
54.188 850.000
55.594 833.250
57.109 818.000
58.516 804.000
60.125 790.750
61.562 778.000
63.094 767.750
64.453 758.750
65.891 749.750
67.484 741.000
68.906 731.750
70.250 724.250
71.875 717.500
73.234 709.500
74.641 702.250
76.188 696.250
77.672 691.500
78.984 687.250
80.578 682.250
82.062 678.750
83.500 676.750
84.891 673.250
86.172 669.000
87.766 666.500
89.141 665.500
90.531 664.750
91.953 664.250
93.469 664.000
94.797 664.500
96.234 664.750
97.797 665.000
99.188 666.000
100.516 668.250
101.969 670.750
103.562 673.750
104.984 677.500
106.266 678.750
107.703 682.000
109.172 688.750
110.516 693.750
111.875 698.500
113.281 705.000
114.781 710.750
116.078 717.500
117.656 725.250
118.922 732.750
120.359 741.000
121.828 751.500
123.219 762.250
124.641 772.500
126.078 782.750
127.375 794.500
128.859 808.500
130.266 824.000
131.578 837.750
133.047 853.750
134.422 871.000
135.750 888.000
137.219 907.750
138.672 905.750
144.156 1026.750
145.531 1056.500
146.922 1086.750
170.906 1550.250
179.156 2242.250
180.578 2224.000
182.000 2208.000
183.469 2198.250
184.922 2174.500
186.328 2153.250
187.781 2147.500
196.188 2612.000
197.672 2615.000
199.078 2618.750
200.484 2634.750
201.938 2641.750
203.375 2649.500
206.203 2660.750
211.750 458.250
220.625 190.000
232.562 156.750
233.984 155.250
235.422 154.250
236.828 153.250
238.250 152.250
239.688 151.750
241.109 151.250
242.531 151.000
243.984 151.250
245.734 151.500
246.828 151.500
248.266 152.000
249.719 153.000
251.156 154.000
252.578 155.000
254.016 156.250
277.266 331.250
278.906 329.250
282.016 303.750
304.234 248.750
305.953 252.500
311.812 455.750
313.312 458.250
314.766 459.750
316.016 461.000
317.719 463.000
319.047 466.750
320.547 471.500
321.781 477.500
323.281 484.000
324.703 491.250
325.812 499.250
327.453 508.500
328.672 517.250
330.156 526.500
331.625 533.500
332.828 542.000
339.688 272.500
341.297 265.750
342.797 261.500
344.797 260.000
345.953 260.500
346.953 263.000
356.312 472.250
357.719 474.000
4.875 481.000
6.219 475.000
7.609 472.250
9.219 471.000
10.469 472.250
11.844 479.250
18.062 2208.500
23.234 971.500
24.625 959.500
26.078 953.500
27.484 945.250
28.922 944.750
30.422 944.500
31.875 952.250
33.297 951.500
34.719 936.000
36.281 929.000
41.891 1053.500
44.766 995.500
46.297 972.000
47.672 949.250
49.141 926.500
50.750 903.750
52.156 883.750
53.594 868.000
55.156 851.500
56.609 833.750
57.953 819.500
59.422 806.000
61.125 792.000
62.453 781.000
63.969 771.250
65.500 760.500
66.984 750.250
68.422 740.500
69.875 733.000
71.281 727.000
75.656 713.750
77.078 700.250
78.625 695.500
80.156 691.750
81.484 687.750
82.984 685.000
84.328 682.500
85.797 680.000
87.203 673.750
88.703 671.750
90.109 674.500
91.547 672.500
92.938 670.250
94.359 670.000
95.766 671.250
97.328 671.750
98.781 673.500
100.094 675.750
101.594 677.500
103.094 679.750
104.531 682.750
105.812 685.750
107.312 688.750
108.625 693.000
110.047 697.750
111.484 702.000
112.938 707.250
114.359 714.250
115.750 721.250
117.203 728.250
118.625 735.000
120.000 743.250
121.469 753.250
122.812 763.000
124.266 772.750
125.562 781.500
126.953 793.750
128.453 808.500
129.922 821.250
131.250 833.250
132.688 849.500
134.094 866.500
135.484 882.500
136.797 901.000
138.344 902.500
139.766 892.750
143.750 1014.500
145.250 1041.250
146.547 1070.750
148.000 1103.750
180.188 2236.250
181.641 2219.000
183.062 2201.250
184.516 2191.250
185.922 2171.000
187.391 2150.250
193.078 2118.250
197.266 2599.500
198.641 2613.500
201.547 2634.250
202.969 2646.750
204.391 2628.000
205.812 2637.000
223.078 197.250
232.172 158.250
233.594 157.500
235.016 156.250
236.453 155.500
237.875 155.250
239.297 155.000
241.062 154.750
242.156 154.000
243.562 153.500
245.016 153.500
246.438 153.500
247.875 153.500
249.312 154.250
250.734 155.500
252.156 156.500
259.328 165.000
276.844 331.500
278.125 330.250
279.797 328.000
312.812 458.500
314.297 459.500
315.578 460.750
316.984 462.750
318.516 466.750
320.062 473.000
321.422 479.000
322.797 484.250
324.250 491.500
325.609 499.000
326.953 506.000
328.250 515.500
329.750 525.750
331.031 534.750
332.453 540.000
340.406 273.000
341.703 265.500
342.734 260.000
343.938 258.000
345.688 258.500
346.531 260.500
355.547 470.000
357.156 471.000
2.875 479.500
4.125 481.000
5.672 472.500
7.172 469.250
8.609 468.000
10.000 467.750
11.562 472.250
16.094 2202.000
17.562 2205.000
18.969 2210.500
25.578 953.500
27.016 950.000
28.469 943.500
29.828 943.250
31.266 944.750
32.719 945.000
34.234 938.750
35.688 929.500
37.203 926.750
42.750 1022.250
44.234 992.750
45.734 966.000
47.156 942.250
48.672 919.250
50.141 895.250
51.594 874.500
53.125 855.500
54.625 836.500
55.984 820.000
57.469 804.500
58.953 789.250
60.438 776.500
62.016 764.750
63.359 752.250
64.828 741.750
66.266 732.750
67.719 723.750
69.297 715.750
70.750 707.000
72.094 698.000
73.531 692.250
75.203 680.250
76.547 674.000
78.016 673.250
79.406 667.500
80.938 664.000
82.375 660.250
83.859 656.250
85.250 652.500
86.516 650.250
88.000 648.750
89.438 647.250
90.891 646.250
92.469 644.250
93.750 642.750
95.156 643.250
96.578 644.000
97.984 644.500
99.484 646.250
100.828 647.250
102.344 649.000
103.734 651.500
105.172 654.000
106.641 656.750
107.969 660.250
109.359 664.750
110.953 669.500
112.328 675.000
113.781 681.250
115.203 686.750
116.484 692.500
117.922 699.000
119.406 707.000
120.719 715.750
122.234 725.000
123.594 733.250
124.922 743.000
126.391 754.750
127.875 766.000
129.172 777.750
130.562 790.250
132.000 805.000
133.297 820.000
134.734 836.000
136.188 853.750
137.609 870.250
143.156 956.000
144.438 981.750
145.859 1008.750
147.281 1037.750
148.703 1067.500
173.953 1475.000
180.719 2222.500
182.156 2207.500
183.594 2196.500
185.000 2174.250
186.469 2160.000
187.906 2154.000
197.734 2608.500
199.188 2615.750
200.578 2631.500
202.000 2639.750
203.484 2648.500
206.344 2660.250
221.453 203.250
223.562 199.000
234.062 160.000
235.469 158.500
237.219 157.500
238.312 156.750
239.750 155.750
241.172 155.500
242.594 155.250
244.266 155.250
245.453 155.250
246.875 155.250
248.297 155.750
249.719 156.500
251.156 157.750
277.156 332.750
278.953 332.000
283.219 296.750
313.047 459.000
314.359 460.500
315.922 462.250
317.266 464.250
318.859 468.500
320.297 474.250
321.484 480.500
322.906 486.500
324.141 493.250
325.562 501.500
326.891 511.500
328.391 519.750
329.828 529.000
331.078 541.500
339.547 266.500
342.188 260.250
342.938 255.750
345.453 253.750
346.281 255.250
348.266 258.000
356.109 466.250
357.297 467.250
4.391 476.000
5.875 469.500
7.422 466.250
8.656 464.000
10.094 464.750
11.641 469.250
16.297 2199.500
17.766 2201.000
19.172 2207.500
22.953 970.000
24.359 955.250
25.828 950.250
27.172 946.750
28.609 950.000
30.000 959.500
31.422 971.250
34.281 967.750
35.922 949.500
41.391 1081.500
44.328 1017.250
45.797 989.750
47.328 964.000
48.719 941.500
50.297 920.000
51.672 898.250
53.266 877.250
54.703 856.500
56.109 838.250
57.641 824.000
59.016 810.000
60.578 793.500
62.000 780.250
63.516 771.250
64.906 759.000
66.422 747.250
67.875 738.500
69.312 730.500
70.812 722.500
72.250 713.750
76.594 698.750
78.188 686.000
79.562 681.250
81.000 677.000
82.375 673.750
83.969 670.750
85.359 666.250
86.828 661.250
88.297 658.500
89.734 657.250
91.172 655.500
92.453 655.500
93.922 655.000
95.359 654.000
96.906 654.250
98.250 654.000
99.734 654.750
101.125 657.000
102.469 659.500
103.922 660.500
105.484 660.750
106.812 662.500
108.234 666.500
109.641 672.000
111.031 676.750
112.422 681.750
113.984 685.750
115.359 690.250
116.672 696.750
118.266 703.750
119.625 711.250
120.953 720.250
122.344 728.500
123.891 736.750
125.188 747.000
126.562 757.250
128.031 767.250
129.438 778.250
130.922 791.250
132.141 805.250
133.562 819.500
134.922 835.250
136.359 852.000
137.781 868.750
139.109 885.750
143.344 951.250
144.750 976.250
146.141 1003.000
147.531 1029.750
148.906 1058.500
150.281 1091.500
151.672 1126.500
174.281 1464.750
175.672 1453.000
181.047 2223.250
182.516 2209.500
183.922 2200.250
185.359 2186.000
186.812 2169.000
188.250 2154.750
198.109 2598.250
199.531 2612.250
200.984 2629.750
202.375 2640.250
203.828 2652.250
206.656 2666.250
219.234 235.750
223.906 204.250
231.547 163.750
232.984 166.000
234.375 165.500
235.781 164.250
237.219 163.000
238.641 162.000
240.062 161.000
241.500 160.500
242.922 160.250
244.344 159.750
245.766 159.750
247.203 160.500
248.609 161.000
250.047 161.500
251.469 162.750
252.891 164.000
254.312 165.250
255.750 166.750
277.734 334.500
279.172 338.000
312.281 458.750
313.422 460.500
315.016 462.000
316.500 464.000
317.781 467.000
319.203 471.750
320.500 478.250
321.984 484.250
323.234 490.000
324.625 497.750
325.969 507.500
327.516 516.000
328.797 524.500
330.328 534.000
331.531 545.250
339.844 271.500
340.344 264.000
342.266 257.000
343.125 253.750
346.609 253.500
346.531 255.500
356.516 465.500
357.969 467.250
5.016 471.250
6.562 465.750
7.875 463.500
9.297 463.250
10.625 466.750
11.953 474.250
16.844 2202.500
18.266 2204.250
19.703 2204.000
23.453 964.750
24.891 951.750
26.344 946.750
27.688 941.750
29.125 941.750
30.578 945.750
32.078 940.000
33.422 940.500
34.938 939.500
36.422 928.000
44.891 987.250
46.453 960.750
47.797 937.500
49.391 912.000
50.766 886.750
52.219 867.000
53.719 847.500
55.281 828.250
56.781 812.500
58.094 795.250
59.719 779.750
61.156 768.250
62.578 754.500
64.078 741.000
65.469 730.750
67.000 721.000
68.531 711.500
69.938 702.250
71.391 693.750
72.797 687.000
74.344 680.750
75.750 673.250
80.172 661.500
81.516 651.750
82.969 648.000
84.406 642.000
85.953 637.500
87.484 635.250
88.812 632.000
90.156 630.500
91.703 629.500
93.234 627.750
94.531 626.750
96.078 626.500
97.531 625.750
98.906 626.000
100.203 627.500
101.766 628.000
103.172 628.750
104.547 630.750
106.109 632.500
107.562 635.000
108.875 638.500
110.266 642.000
111.750 646.000
113.125 650.250
114.500 655.250
115.922 661.250
117.406 666.250
118.703 672.500
120.094 679.750
121.500 686.500
122.969 694.250
124.312 702.250
125.750 711.000
127.125 721.000
128.656 730.750
130.016 741.500
131.484 753.500
132.719 765.500
134.094 778.000
135.562 792.500
136.984 809.250
138.234 825.250
139.625 842.250
141.094 861.500
142.438 881.000
143.828 902.500
145.281 926.000
146.625 950.750
148.047 977.500
149.422 1006.000
150.812 1035.250
152.203 1066.000
161.922 1314.750
176.172 1444.250
181.531 2220.250
182.953 2202.750
184.391 2191.250
185.812 2172.000
187.266 2152.250
198.609 2600.500
200.047 2615.500
201.438 2634.750
202.828 2646.500
204.250 2653.000
205.719 2619.000
236.250 165.750
237.688 163.500
239.109 162.500
240.531 162.250
241.953 161.750
243.391 161.500
244.812 161.500
246.234 161.500
247.672 161.500
249.094 161.750
250.516 162.250
251.938 163.250
253.375 165.000
254.797 166.250
256.219 167.750
257.641 169.500
258.625 171.500
279.719 341.500
311.156 458.000
312.516 460.500
313.797 461.750
315.219 464.750
316.875 468.250
318.141 472.750
319.375 477.500
320.828 483.250
322.219 490.500
323.656 499.000
325.156 506.500
326.531 514.750
327.906 522.000
329.219 531.000
330.625 543.750
331.922 557.000
339.094 266.750
340.922 260.000
343.203 255.250
343.703 253.000
345.281 253.500
346.812 255.500
355.562 464.250
356.938 465.000
358.125 469.500
2.578 478.000
4.031 477.750
5.484 469.500
6.953 465.000
8.172 463.500
9.750 464.000
11.109 468.000
17.188 2200.000
18.609 2206.250
25.250 950.000
26.641 944.750
28.094 938.000
29.547 935.750
30.906 943.750
33.844 943.250
35.203 929.500
36.703 922.000
45.312 961.750
46.812 934.750
48.281 909.750
49.797 885.000
51.281 861.000
52.656 840.500
54.109 821.750
55.594 803.250
57.156 786.250
58.547 771.250
60.141 756.500
61.500 742.750
63.031 731.250
64.484 719.250
65.984 707.750
67.375 698.500
68.953 689.750
70.453 681.500
71.844 671.750
73.344 663.000
74.719 656.750
76.312 650.500
77.734 644.000
79.219 638.250
80.656 633.750
82.125 629.500
83.578 624.250
84.984 619.750
86.422 616.000
87.797 613.250
89.312 611.000
90.797 608.750
92.094 606.750
93.594 605.500
94.938 605.500
96.484 605.500
98.000 605.000
99.344 605.000
100.750 605.250
102.172 606.250
103.703 608.000
104.953 609.000
106.500 611.000
107.766 613.750
109.328 616.000
110.547 619.000
112.000 622.750
113.500 626.500
114.812 630.500
116.344 634.500
117.656 640.250
119.250 646.750
120.484 654.000
121.891 660.750
123.375 667.500
124.781 676.500
126.266 684.750
127.516 692.750
129.000 701.750
130.328 713.250
131.844 725.000
133.062 735.750
134.562 748.250
135.984 762.000
137.234 776.250
138.625 791.750
140.156 807.750
141.422 824.750
142.906 844.750
144.219 865.250
145.703 886.250
147.078 910.750
148.375 936.250
149.766 962.000
151.234 989.250
152.625 1018.750
176.516 1422.250
181.859 2220.500
183.297 2203.750
184.703 2186.750
186.156 2165.750
187.578 2151.500
198.906 2604.000
200.281 2619.000
208.953 2318.250
237.578 174.750
239.016 173.250
240.438 173.000
242.375 171.000
243.797 166.250
245.234 162.000
246.672 160.750
248.094 161.500
249.531 162.000
250.953 162.500
252.375 163.500
253.812 165.000
255.250 166.750
277.500 340.750
278.375 341.000
283.078 304.500
302.391 261.250
311.500 462.000
312.984 464.750
314.219 469.000
315.906 472.250
317.250 475.250
318.547 479.500
320.047 485.250
321.359 492.500
322.672 501.750
324.031 510.000
325.391 516.750
326.984 523.250
328.406 532.750
329.562 544.750
331.109 557.750
338.156 267.750
340.609 260.500
342.562 254.500
342.656 252.000
346.125 251.750
345.562 253.000
359.953 507.750
3.016 480.000
4.531 469.000
5.828 464.000
7.375 462.250
8.938 462.500
10.344 464.750
11.609 471.250
14.828 2222.000
16.266 2200.750
17.703 2201.000
25.688 945.750
27.203 945.250
28.531 955.000
44.344 1016.750
47.281 959.500
50.297 902.250
51.797 880.000
53.266 858.750
54.672 838.000
56.156 819.750
57.719 802.500
59.250 785.750
60.625 769.750
62.141 754.500
63.531 741.250
65.062 730.000
66.500 718.750
68.031 708.000
69.469 698.750
70.891 689.000
72.484 680.250
73.969 671.250
75.281 662.750
76.766 656.000
81.266 637.750
82.719 627.000
84.156 622.750
85.578 624.750
86.984 621.250
88.422 617.250
89.844 614.500
91.281 612.750
92.656 611.000
94.219 609.500
95.641 608.250
97.078 606.750
98.562 605.750
99.953 605.000
101.344 604.750
102.797 606.750
104.266 608.000
105.625 608.750
107.156 610.500
108.453 612.500
109.906 615.000
111.438 617.250
112.828 620.250
114.141 624.250
115.703 628.000
116.938 632.000
118.406 637.500
119.953 643.250
121.203 649.000
122.609 655.000
124.000 661.750
125.547 669.000
127.000 678.000
128.328 686.750
129.766 694.250
131.141 704.500
132.547 716.500
133.891 727.500
135.391 738.250
136.703 750.750
138.062 765.000
139.578 778.500
140.891 794.000
142.359 812.000
143.672 828.000
145.047 847.250
146.531 868.250
147.797 888.500
149.188 913.000
150.578 940.000
151.969 966.750
153.453 993.000
154.828 1022.500
182.625 2204.000
184.047 2198.250
185.469 2182.250
186.922 2163.500
192.594 2135.250
198.203 2601.250
199.641 2613.750
205.359 2653.250
209.703 2327.000
215.125 461.750
238.344 181.250
239.781 181.000
241.203 179.750
242.641 180.000
244.062 179.250
245.500 178.500
248.859 170.750
250.297 169.500
251.719 170.750
253.156 171.250
254.078 172.500
255.500 174.250
256.938 176.000
279.078 352.250
310.953 470.000
312.094 472.000
313.828 475.250
314.969 478.750
316.562 482.000
317.906 485.750
319.422 491.500
320.547 499.000
321.891 508.250
323.516 516.250
324.969 522.750
326.234 528.750
327.594 538.500
329.062 549.750
338.672 269.000
341.797 254.000
343.906 250.500
343.922 250.000
346.688 251.000
357.766 506.750
359.328 507.500
0.859 493.750
3.859 467.750
5.266 462.500
6.578 460.000
8.094 459.000
9.656 461.000
11.016 466.500
15.609 2206.500
17.047 2201.250
18.438 2196.750
23.594 945.000
25.016 942.750
26.453 942.000
27.859 945.250
46.672 973.250
48.156 945.250
49.578 918.500
51.094 892.750
52.578 870.000
53.969 848.250
55.578 825.750
57.000 805.750
58.438 787.250
59.938 772.000
61.547 757.500
62.906 743.000
64.469 731.250
65.844 719.750
67.344 708.500
68.891 698.250
70.234 688.000
71.766 678.500
73.234 669.750
74.766 660.000
76.188 652.500
80.406 641.250
81.891 629.250
83.438 620.750
84.922 615.250
86.234 614.000
87.734 610.250
89.047 608.250
90.672 606.500
92.000 604.000
93.547 602.000
94.844 599.750
96.297 598.750
97.891 597.500
99.156 596.500
100.703 596.250
102.000 596.750
103.562 597.500
105.047 597.750
106.297 599.000
107.703 601.000
109.297 603.250
110.719 605.500
112.094 607.750
113.484 610.500
114.844 614.000
116.234 618.000
117.750 622.750
119.172 628.000
120.469 632.500
121.938 639.000
123.406 645.000
124.906 651.250
126.188 659.000
127.594 666.500
128.953 676.000
130.375 685.000
131.859 694.000
133.266 704.000
134.625 715.000
136.016 728.000
137.297 740.000
138.766 752.750
140.250 767.250
141.578 782.500
142.891 799.750
144.312 816.750
145.672 833.750
147.078 855.250
148.469 878.250
149.875 901.000
151.312 925.500
152.734 952.500
154.062 980.500
155.359 1009.750
158.172 1077.750
174.688 1978.750
184.562 2188.250
186.016 2178.000
187.438 2164.250
188.875 2149.000
198.734 2594.500
200.141 2613.500
207.328 2651.750
210.297 2329.750
216.922 469.500
240.312 191.250
241.500 192.250
243.172 190.250
246.031 179.250
247.453 179.000
248.875 179.500
250.312 179.500
251.734 180.500
253.172 181.500
254.594 182.500
256.016 184.250
279.641 366.000
282.656 322.500
308.656 472.500
310.000 478.500
311.328 479.250
312.797 478.750
314.047 481.750
315.406 488.000
316.953 492.500
318.297 495.500
319.703 503.000
321.219 514.250
322.500 523.250
323.875 529.750
325.422 535.250
326.766 545.000
328.078 556.750
329.359 565.750
340.156 251.750
342.422 247.750
343.812 246.750
344.078 248.000
346.266 250.250
354.219 483.750
355.594 494.750
356.859 506.500
358.422 507.000
359.750 495.750
3.016 469.000
4.484 463.500
5.734 460.000
7.422 458.750
8.812 460.250
9.984 465.250
14.766 2195.000
17.656 2204.000
22.891 945.750
24.203 941.500
25.766 938.750
27.141 940.750
45.859 970.000
47.297 941.500
50.406 884.250
51.812 861.000
53.297 839.000
54.703 818.500
56.234 798.250
57.828 779.250
59.188 764.500
60.719 748.500
62.141 734.000
63.641 720.250
65.078 706.500
66.531 695.000
68.125 685.250
69.594 676.500
70.969 666.500
72.453 657.250
73.859 648.500
75.438 640.000
76.891 632.750
78.266 621.500
81.328 596.750
82.750 597.000
84.219 599.000
85.641 602.250
87.016 598.250
88.375 594.000
89.938 590.750
91.391 589.250
92.719 587.500
94.328 584.500
95.750 583.000
97.031 582.750
98.594 582.750
100.109 582.000
101.312 580.750
102.906 581.250
104.219 582.750
105.750 583.500
107.219 584.500
108.641 586.500
109.875 588.500
111.531 590.500
112.859 593.500
114.312 597.000
115.578 600.750
117.016 605.250
118.406 609.500
119.938 614.250
121.234 620.250
122.766 626.000
124.094 632.000
125.594 638.750
126.922 646.500
128.375 654.500
129.859 662.000
131.234 671.500
132.484 682.000
133.922 692.500
135.266 703.500
136.656 715.250
138.156 727.500
139.531 740.000
140.828 755.500
142.219 771.000
143.750 786.250
145.125 804.250
146.406 822.500
147.906 843.000
149.188 865.250
150.656 888.500
152.016 915.000
153.438 941.250
154.750 969.250
185.312 2188.750
186.781 2180.250
188.188 2165.750
189.625 2150.250
205.328 2275.000
211.016 2334.750
213.797 2745.000
219.297 474.750
220.562 470.750
232.906 228.500
235.266 225.000
243.859 192.250
245.281 192.500
246.719 192.250
248.125 192.000
249.562 191.750
250.984 191.750
252.422 192.000
253.844 192.500
255.250 193.000
256.688 194.250
258.125 196.250
259.547 198.250
260.984 200.500
278.719 376.750
290.953 278.500
293.016 278.250
321.594 531.750
323.125 541.500
324.484 546.250
325.766 555.500
327.203 566.250
328.672 568.500
329.859 575.000
340.406 252.000
341.359 246.250
342.719 244.500
345.250 244.750
345.562 246.500
354.719 495.250
356.078 506.500
1.984 469.500
3.406 463.500
4.969 460.750
6.500 459.250
7.719 459.250
9.156 461.750
13.938 2213.250
15.344 2207.250
16.797 2202.500
18.203 2202.500
22.031 945.750
23.469 938.250
24.812 935.000
26.328 934.750
27.688 944.250
47.844 953.250
49.266 926.250
50.797 900.750
52.188 876.500
53.734 853.000
55.250 830.500
56.625 812.500
58.141 795.000
59.703 776.750
61.109 761.500
62.641 747.250
64.125 734.750
65.562 723.750
66.969 710.000
68.484 697.500
70.047 689.250
71.453 679.750
72.984 670.250
74.266 661.250
75.734 653.750
77.312 646.750
78.828 640.500
80.250 635.000
81.594 629.250
83.062 624.750
84.672 619.500
86.109 614.500
87.547 612.000
88.844 609.250
90.406 606.750
91.766 604.250
93.281 602.000
94.828 600.250
96.062 598.750
97.547 597.500
99.094 596.750
100.422 597.000
101.969 597.000
103.312 597.500
104.828 598.750
106.172 600.250
107.516 602.000
109.125 603.500
110.469 605.250
111.875 608.000
113.250 612.250
114.656 616.250
116.156 619.250
117.547 623.250
118.984 628.000
120.375 633.500
121.766 640.000
123.219 646.500
124.641 653.750
126.078 661.750
127.516 668.750
128.844 677.250
130.234 687.250
131.578 695.750
132.906 705.500
134.391 717.750
135.812 729.000
137.078 740.750
138.609 755.500
139.938 770.250
141.250 784.250
142.641 800.250
144.109 817.750
145.547 834.750
146.891 855.250
148.281 877.000
149.672 899.500
151.078 923.750
152.406 950.000
153.828 978.750
155.219 1008.250
164.844 1296.250
177.328 2032.500
185.875 2202.750
187.328 2190.000
188.750 2167.500
190.203 2152.750
205.859 2346.750
208.625 2657.250
211.547 2383.250
212.969 2354.750
215.750 2761.750
221.156 483.000
222.734 481.500
231.656 265.000
247.281 207.250
248.719 206.500
250.141 205.750
251.562 205.500
253.000 205.500
253.797 206.000
255.844 207.000
257.281 207.500
258.750 208.250
259.172 210.000
261.609 212.500
263.031 215.250
264.453 218.250
278.812 392.500
280.281 396.250
291.609 298.500
320.781 537.750
322.250 546.750
323.594 555.250
325.094 563.750
326.297 572.250
327.891 579.000
339.938 246.000
341.094 243.500
344.016 243.250
344.844 243.750
346.953 246.500
354.156 494.000
355.469 508.000
1.562 469.000
2.938 462.750
4.422 459.250
5.688 458.250
7.328 458.250
8.594 460.250
10.047 469.000
13.203 2214.250
14.656 2209.250
16.062 2202.750
17.516 2201.750
21.234 952.750
22.766 936.500
24.062 937.250
25.578 936.500
47.000 1011.250
48.469 981.500
51.438 925.250
52.969 902.000
54.422 878.750
55.938 856.000
57.344 835.000
58.891 817.500
60.453 799.750
61.922 782.250
63.281 768.000
64.766 755.250
66.266 743.000
67.656 732.000
69.281 719.750
70.766 707.250
72.234 698.250
73.609 690.000
75.125 682.000
76.625 674.750
78.031 666.750
79.469 659.500
80.969 654.000
82.438 647.750
83.766 641.500
85.188 636.750
86.703 633.000
88.172 629.500
89.766 626.250
91.109 623.250
92.562 620.500
93.938 620.000
95.391 619.250
96.828 617.250
98.375 616.750
99.719 616.000
101.188 615.500
102.562 615.250
104.047 615.500
105.500 617.250
106.984 619.500
108.453 621.500
109.625 624.000
111.125 626.500
112.609 628.750
114.062 631.500
115.438 635.250
116.766 639.250
118.328 644.500
119.656 651.250
121.031 656.750
122.422 662.250
123.844 669.250
125.234 677.250
126.797 684.500
128.156 691.500
129.547 699.750
131.031 709.500
132.312 720.250
133.641 731.250
135.156 742.250
136.500 754.000
137.812 767.250
139.234 781.000
140.688 796.750
142.109 814.500
143.484 830.250
144.797 847.000
146.359 852.750
150.469 935.750
151.750 960.000
153.141 985.750
154.641 1013.250
157.438 1079.500
178.250 2011.750
181.375 1439.000
186.750 2211.750
188.203 2196.250
189.594 2182.500
191.047 2165.750
192.484 2155.250
208.109 2318.250
213.766 2347.250
216.531 2760.250
217.969 2760.750
223.234 492.500
226.594 454.250
227.641 455.000
237.719 250.250
240.203 244.750
240.562 240.500
243.297 235.500
249.953 223.750
251.438 222.750
252.312 222.250
255.203 222.250
256.625 222.500
258.062 223.500
259.500 224.250
259.344 225.250
279.375 405.250
281.094 410.750
292.109 311.000
293.422 303.500
294.984 297.500
321.234 549.000
322.656 558.500
323.969 563.750
325.469 571.250
327.000 580.250
328.172 588.750
339.172 246.500
340.797 241.500
343.609 239.500
344.000 240.750
346.469 242.750
354.500 504.250
355.719 516.500
357.156 526.250
0.516 473.000
1.922 463.750
3.297 459.250
4.625 456.750
6.172 456.000
7.516 456.750
8.938 460.500
15.000 2203.500
16.453 2206.750
21.672 947.000
23.016 933.250
24.469 936.250
25.859 935.750
27.344 927.250
50.234 984.250
51.672 956.750
53.234 933.250
54.656 911.500
56.109 887.000
57.578 866.750
59.062 848.250
60.672 829.750
62.188 814.500
63.500 799.000
65.078 784.750
66.469 771.500
68.031 758.250
69.484 747.750
70.844 738.250
72.438 728.500
73.781 718.750
75.266 709.250
76.766 702.500
78.312 695.000
79.625 686.750
81.188 681.000
82.625 676.500
84.094 670.750
85.406 663.750
86.844 659.500
88.375 656.000
89.719 652.750
91.125 650.250
92.703 647.750
94.031 645.500
95.516 644.250
96.922 642.750
98.469 640.750
99.875 640.250
101.219 640.500
102.688 640.500
104.125 641.000
105.609 642.250
107.031 643.500
108.344 646.000
109.688 649.500
111.281 652.500
112.562 655.000
114.047 657.500
115.438 661.000
116.812 665.250
118.188 670.000
119.641 675.250
121.156 681.000
122.484 687.000
123.969 693.500
125.422 700.250
126.672 708.500
128.094 717.500
129.562 726.750
130.875 736.000
132.422 745.750
133.703 757.250
135.188 769.750
136.516 782.000
137.969 795.500
139.359 811.000
140.719 825.500
142.219 840.500
143.578 858.500
145.000 876.250
147.953 836.250
153.328 1017.500
156.078 1080.000
186.828 2214.250
188.234 2198.750
189.688 2185.000
191.125 2169.000
192.531 2158.500
193.953 2151.500
205.234 2637.000
208.094 2656.000
209.562 2666.000
210.953 2675.250
212.359 2687.750
215.297 2359.000
218.078 2772.250
219.500 2771.500
224.953 500.000
228.016 461.250
229.500 458.750
230.625 464.750
239.344 266.250
240.797 258.500
242.797 253.500
243.703 249.500
244.891 246.250
252.500 236.750
253.719 234.250
255.578 233.500
258.219 234.250
258.328 236.500
259.906 238.250
261.625 238.750
262.219 241.000
263.500 244.750
268.969 265.750
271.125 270.250
284.359 386.250
292.469 322.500
293.906 314.000
295.422 308.000
320.062 548.750
321.391 559.000
322.859 564.500
324.312 569.250
325.625 576.500
327.125 585.500
328.391 593.750
339.484 240.000
341.375 236.500
343.250 236.250
345.297 236.750
346.734 239.500
354.594 509.750
355.906 523.750
0.719 467.000
2.156 460.750
3.438 456.500
5.141 455.250
6.516 454.000
7.828 454.750
9.359 461.000
15.266 2206.500
16.688 2209.250
21.859 932.000
23.234 928.000
26.203 927.000
48.953 1082.750
51.906 1018.750
53.422 994.250
54.891 970.250
56.312 946.500
57.891 923.500
59.328 904.250
60.766 884.750
62.266 866.250
63.781 850.000
65.172 833.750
66.688 820.250
68.094 806.750
69.625 793.750
71.094 782.000
72.562 773.250
74.016 763.000
75.578 750.500
76.875 741.250
78.406 734.000
79.812 726.750
81.281 720.000
82.766 713.500
84.109 706.000
85.578 700.500
87.156 695.500
88.547 690.000
89.969 687.000
91.359 684.750
92.750 682.500
94.219 679.250
95.750 676.250
97.125 673.750
98.531 671.250
100.141 669.750
101.453 668.750
102.812 668.000
104.375 669.500
105.828 671.500
107.109 672.250
108.625 673.500
110.078 676.000
111.500 678.750
112.922 681.750
114.359 683.750
115.672 686.750
117.141 691.250
118.578 695.750
120.016 700.250
121.359 706.000
122.797 711.500
124.188 717.750
125.719 725.000
127.016 732.250
128.500 740.000
129.859 748.750
131.297 758.500
132.656 769.750
134.031 780.750
135.516 792.000
136.859 804.750
138.297 818.500
139.609 832.250
141.156 846.750
142.469 864.000
143.844 880.750
145.344 898.500
146.641 919.000
149.766 825.750
155.047 1066.750
157.797 1135.250
183.219 1451.500
188.609 2216.000
190.047 2204.500
191.484 2191.500
192.938 2177.250
194.375 2164.250
205.750 2622.500
207.188 2646.250
210.125 2334.500
215.859 2358.000
218.656 2768.250
220.062 2766.750
221.531 2745.500
226.781 508.250
229.859 471.250
231.125 468.000
232.656 471.500
241.125 283.000
244.422 268.000
245.297 263.750
246.703 259.500
249.906 255.750
255.062 251.250
257.656 248.250
258.172 248.250
258.328 248.500
259.797 250.250
260.938 252.250
263.156 253.000
264.547 255.500
269.672 276.250
270.844 280.750
271.812 284.250
282.844 428.250
292.625 335.250
294.328 326.250
295.938 318.000
319.266 551.250
320.906 561.750
322.281 567.500
323.594 571.750
325.031 576.750
326.484 585.500
327.766 594.250
340.953 236.500
343.172 235.750
344.594 236.000
353.969 506.250
355.156 519.750
356.750 533.500
359.812 470.000
1.344 462.000
2.891 457.250
4.469 455.000
5.922 454.250
7.219 454.500
8.469 458.750
11.188 466.000
14.609 2206.750
16.047 2201.250
17.469 2200.250
21.219 940.250
22.750 930.750
24.156 925.500
26.906 923.500
49.828 1062.250
51.375 1031.250
52.750 1002.250
54.297 976.000
55.812 953.000
57.266 930.250
58.734 907.500
60.219 886.000
61.609 866.750
63.156 848.750
64.562 832.000
66.062 817.750
67.453 802.750
69.062 787.500
70.438 775.000
71.906 765.500
73.406 754.750
74.844 743.000
76.297 734.250
77.766 726.000
79.156 717.500
80.766 709.000
82.219 701.000
83.625 694.750
85.078 689.250
86.375 683.750
87.969 679.500
89.266 673.750
90.859 667.250
92.297 664.500
93.781 663.500
95.094 660.750
96.453 657.750
97.984 656.000
99.516 654.750
100.812 654.250
102.250 652.000
103.688 651.250
105.062 653.750
106.547 654.000
108.062 653.750
109.438 655.500
110.797 657.500
112.297 658.750
113.750 661.000
115.078 665.250
116.594 668.250
117.984 672.500
119.484 677.000
120.875 682.000
122.328 687.250
123.625 692.250
125.141 698.750
126.469 705.500
127.906 712.750
129.281 721.000
130.703 729.250
132.094 737.500
133.438 747.250
134.797 758.750
136.203 770.250
137.688 782.500
139.062 795.250
140.469 809.250
141.797 823.500
143.188 838.000
144.609 855.750
146.109 873.000
147.406 892.000
148.750 914.750
151.875 819.000
157.109 1065.750
159.875 1137.750
185.281 1450.500
190.656 2212.000
192.047 2201.750
193.484 2191.000
194.922 2175.750
196.375 2162.250
207.703 2645.750
210.562 2657.250
211.984 2666.250
213.422 2642.000
217.766 2372.750
220.516 2776.750
221.953 2764.250
223.391 2746.000
231.594 481.250
233.062 476.500
234.344 477.750
235.938 489.250
243.438 291.000
245.562 284.500
247.234 279.000
248.734 273.250
250.031 269.500
255.328 266.000
260.109 263.000
261.125 263.000
262.516 263.750
264.547 264.500
265.703 267.000
270.953 289.250
271.906 294.750
281.969 445.500
283.219 445.750
291.203 348.500
292.875 348.750
294.047 340.500
319.641 561.000
321.016 568.500
322.438 573.500
324.000 577.500
325.406 583.250
326.703 593.000
328.250 601.500
340.406 237.750
340.375 234.250
342.109 233.250
343.438 234.750
354.156 512.000
355.516 525.500
0.344 464.000
1.672 458.250
3.188 455.250
4.797 453.250
6.250 451.250
7.500 452.500
8.797 459.250
13.562 2202.000
14.969 2202.500
16.438 2193.500
17.844 2192.500
21.688 933.000
24.453 925.750
27.859 2196.250
30.797 2042.500
53.094 1024.250
54.500 996.750
56.016 969.750
57.500 945.250
58.875 921.750
60.438 900.250
61.922 880.500
63.375 860.750
64.844 843.250
66.281 828.000
67.766 813.250
69.125 799.000
70.734 785.500
72.141 773.500
73.609 761.750
75.125 750.250
76.500 740.000
78.031 730.750
79.344 723.500
80.891 715.250
82.250 707.000
83.688 700.250
85.250 694.750
86.578 688.750
88.031 683.000
89.516 678.500
91.109 673.500
92.484 668.000
93.969 664.000
95.391 662.500
96.688 659.500
98.125 657.000
99.688 656.250
101.188 655.250
102.469 654.000
103.922 652.750
105.469 652.500
106.812 649.750
108.203 651.250
109.734 655.500
111.062 656.500
112.547 658.750
113.969 661.000
115.359 662.750
116.672 665.500
118.125 670.250
119.672 675.000
121.047 680.250
122.500 685.250
123.953 689.250
125.203 694.500
126.656 702.000
128.078 709.250
129.562 716.750
130.797 725.500
132.234 734.000
133.641 742.500
135.000 752.750
136.328 764.500
137.781 775.500
139.188 786.750
140.609 800.250
142.016 815.250
143.406 830.000
144.844 846.500
146.188 862.750
147.547 879.250
148.875 900.000
150.344 921.500
153.375 813.000
158.641 1076.000
190.797 2220.250
192.219 2213.000
193.625 2199.500
195.047 2187.500
196.500 2177.000
197.922 2163.750
207.797 2646.500
209.234 2658.500
213.484 2684.750
214.922 2703.750
219.281 2375.750
222.016 2790.000
223.453 2770.000
226.281 2890.000
231.516 523.500
234.531 485.500
235.844 489.000
237.328 500.500
245.359 303.750
246.562 295.500
248.672 288.750
249.406 285.000
251.297 281.750
252.281 279.500
263.094 271.750
264.922 273.750
265.906 275.750
266.469 278.000
268.094 281.500
273.156 308.750
274.688 314.500
284.531 458.500
312.109 293.500
313.172 298.750
314.672 304.500
318.281 559.000
319.703 566.250
321.156 571.750
322.375 578.500
323.906 584.250
325.266 588.500
326.656 597.000
328.141 606.250
338.875 234.750
341.281 233.000
343.500 232.750
344.938 234.250
354.391 518.250
355.562 531.000
359.016 469.750
0.344 461.250
1.766 456.750
3.328 453.250
4.609 452.250
6.203 451.000
13.594 2202.500
15.016 2201.000
17.922 2195.500
21.609 927.500
23.109 919.500
52.984 1067.750
54.484 1038.000
55.875 1009.750
57.422 982.750
58.812 958.500
60.422 936.250
61.922 914.250
63.297 894.750
64.844 875.750
66.203 858.000
67.766 842.500
69.125 827.750
70.656 811.750
72.141 796.250
73.562 785.000
74.953 774.750
76.547 763.750
77.969 753.500
79.406 744.750
80.844 737.250
82.297 729.750
83.766 722.000
85.328 714.000
86.797 708.500
88.109 702.500
89.641 697.000
91.094 692.500
92.547 687.250
93.984 682.500
95.484 679.750
96.781 678.500
98.375 675.500
99.828 671.500
101.125 669.750
102.688 670.000
104.047 669.000
105.547 668.250
106.844 668.250
108.344 668.500
109.625 669.500
111.203 670.500
112.578 669.000
114.000 671.750
115.391 676.500
116.781 679.500
118.297 683.500
119.672 687.500
121.000 691.750
122.547 695.250
123.906 700.000
125.266 705.250
126.641 710.750
128.047 717.750
129.469 726.500
130.953 735.500
132.219 742.500
133.750 751.000
135.062 761.750
136.562 771.750
137.891 782.250
139.234 794.500
140.625 808.000
142.031 822.000
143.406 836.000
144.906 852.000
146.203 868.500
147.562 885.000
148.984 903.250
150.359 924.250
151.781 948.250
154.938 805.500
156.375 807.500
161.531 1148.500
172.547 1585.500
186.875 1471.250
192.266 2223.500
193.672 2213.250
195.141 2198.500
196.562 2180.250
197.969 2175.250
199.406 2177.000
209.266 2644.750
210.688 2619.750
219.328 2419.500
220.750 2393.500
223.484 2812.500
224.953 2788.250
232.906 533.500
235.750 495.750
237.328 497.000
238.766 507.250
248.250 314.000
249.578 306.750
251.141 301.000
252.344 296.500
253.547 292.500
260.719 288.000
262.703 285.500
263.625 286.000
265.000 287.750
266.391 289.500
268.469 291.750
269.812 296.500
271.172 303.000
271.812 309.750
273.375 317.250
274.797 324.500
283.234 469.250
284.406 468.250
293.859 370.500
312.188 306.250
313.688 311.500
318.109 568.500
319.609 574.250
321.078 581.500
322.500 587.250
323.844 592.750
325.281 597.250
326.734 603.750
328.000 614.250
340.609 234.750
342.031 232.750
343.453 232.500
343.938 234.250
354.297 522.000
355.547 529.000
358.984 467.250
0.391 459.500
1.906 454.750
3.094 452.500
4.672 450.000
6.188 449.000
7.703 452.250
13.484 2208.000
14.938 2204.750
16.375 2200.000
17.812 2190.250
19.250 2183.000
22.938 925.000
24.391 923.250
27.812 2192.500
29.203 2189.500
32.141 2058.250
54.344 1049.250
55.797 1020.500
57.328 995.250
58.750 970.750
60.328 947.000
61.750 925.500
63.328 905.000
64.766 883.000
66.156 866.500
67.719 852.000
69.094 833.750
70.703 819.750
72.094 808.000
73.516 794.500
74.969 782.000
76.453 771.000
78.031 760.750
79.469 751.500
80.812 743.500
82.391 735.500
83.750 728.250
85.250 722.000
86.609 712.750
88.031 705.500
89.625 702.000
90.969 697.000
92.547 692.250
93.859 688.750
95.312 685.750
96.797 681.000
98.172 678.250
99.688 677.750
101.031 676.000
102.562 674.250
104.016 674.000
105.422 675.000
106.906 674.750
108.234 673.750
109.594 674.750
111.078 676.000
112.453 677.500
113.812 679.750
115.234 681.250
116.781 679.250
118.250 683.250
119.625 690.000
121.031 693.750
122.312 699.250
123.859 703.500
125.297 709.500
126.562 716.500
128.078 723.000
129.438 729.000
130.812 736.250
132.203 745.250
133.594 753.500
135.109 762.000
136.422 772.250
137.891 782.750
139.266 796.250
140.641 811.000
141.984 824.250
143.406 838.500
144.766 854.000
146.125 869.000
147.625 885.500
148.953 906.000
150.344 927.000
151.812 948.000
153.125 970.750
157.812 796.250
188.234 1475.750
193.625 2221.500
195.062 2209.750
196.484 2201.500
197.891 2188.250
199.312 2177.500
200.766 2171.000
211.969 2659.500
217.672 2697.000
223.344 2772.750
224.750 2817.250
226.219 2799.500
237.094 508.000
238.531 503.250
240.016 506.000
249.156 331.250
250.500 322.750
251.672 316.250
253.172 311.000
255.266 306.750
256.344 305.000
259.141 296.500
260.984 301.500
263.531 294.750
265.469 298.250
265.969 299.000
267.578 301.250
268.984 304.750
270.500 309.500
271.609 315.250
273.078 322.000
274.328 329.000
275.609 334.500
284.125 480.750
285.688 480.250
311.719 315.250
313.047 319.750
317.953 573.500
319.406 579.500
320.656 584.750
322.094 590.500
323.547 597.250
325.125 602.500
326.359 609.250
327.844 617.250
340.406 233.750
341.844 231.500
342.594 231.000
344.703 233.250
354.047 527.750
355.562 527.500
358.547 468.250
0.125 461.000
1.422 456.000
2.859 453.000
4.531 450.000
5.953 449.500
7.219 454.250
13.250 2212.750
14.688 2206.000
16.141 2200.500
18.969 2195.500
22.734 915.000
28.984 2184.250
54.047 1112.750
55.562 1080.750
57.031 1052.500
58.453 1025.250
60.062 999.750
63.031 947.500
64.438 937.250
65.891 917.500
67.422 897.500
68.797 879.250
70.375 863.000
71.703 847.500
73.266 834.750
74.766 824.000
76.109 811.750
77.609 799.500
79.062 789.500
80.562 780.750
82.047 772.500
83.453 764.500
84.859 756.750
86.281 748.750
87.734 742.250
89.172 737.500
90.672 733.250
92.094 727.750
93.594 723.250
95.016 719.750
96.375 715.750
97.797 712.250
99.203 710.750
100.750 709.250
102.172 706.000
103.516 705.000
105.016 705.250
106.453 705.000
107.969 705.250
109.328 704.750
110.766 706.500
112.172 708.500
113.469 709.750
114.984 712.250
116.375 715.250
117.859 719.250
119.188 723.000
120.734 726.000
122.109 730.500
123.453 735.750
124.922 741.500
126.312 747.250
127.719 754.000
129.062 762.250
130.578 769.750
131.891 778.250
133.359 787.000
134.656 797.250
136.172 808.750
137.578 819.750
138.922 831.750
140.312 845.500
141.656 859.750
143.047 873.750
144.500 889.500
145.906 907.250
147.359 925.000
148.719 943.500
150.094 963.500
151.484 984.750
152.906 1008.500
154.250 1032.000
155.656 1058.750
160.297 811.250
189.406 1472.750
193.391 2235.250
194.812 2222.250
196.219 2208.750
197.641 2198.750
199.047 2189.750
200.500 2181.750
211.797 2646.750
216.141 2303.750
224.609 2789.000
226.016 2799.000
228.844 2896.500
230.266 2931.000
236.656 547.500
239.594 511.000
241.125 515.500
250.203 340.000
251.688 331.750
253.328 325.500
254.391 320.250
255.812 316.000
257.094 312.000
262.156 308.000
266.062 306.500
267.031 307.500
268.828 308.750
270.594 311.500
271.172 316.500
272.953 323.000
286.719 490.000
293.391 394.750
294.844 393.250
296.391 384.250
306.172 306.750
312.438 329.250
313.922 335.500
317.828 578.250
319.000 583.750
320.406 589.000
321.891 595.000
323.312 600.250
324.672 606.000
326.078 612.750
327.516 620.500
339.000 234.250
341.531 231.500
341.172 231.000
342.891 233.250
353.719 528.750
358.234 468.000
359.641 461.250
1.062 456.500
2.516 453.000
3.953 450.000
5.406 449.250
6.797 453.750
17.219 2202.000
18.656 2202.500
22.453 914.500
23.891 917.500
25.312 922.750
28.672 2181.000
30.078 2185.000
34.406 2040.250
50.812 1227.750
55.312 1116.500
56.703 1085.500
58.219 1058.750
59.703 1033.250
61.234 1008.500
64.234 908.250
65.688 915.250
67.125 922.500
68.609 908.500
70.016 891.000
71.469 875.500
72.984 863.750
74.359 850.500
75.969 835.750
77.281 824.500
78.859 814.750
80.297 805.250
81.734 796.750
83.219 787.500
84.578 778.500
86.094 771.750
87.469 766.250
88.938 761.000
90.359 753.750
91.797 747.750
93.297 743.750
94.719 739.500
96.141 735.750
97.641 733.250
99.031 731.250
100.469 729.500
101.828 727.000
103.406 725.250
104.859 724.500
106.266 724.250
107.750 725.500
109.078 726.250
110.484 726.500
111.891 727.500
113.266 729.250
114.672 732.000
116.203 734.250
117.625 737.000
119.016 734.750
120.453 738.250
121.891 749.250
123.156 755.000
124.656 761.000
126.078 766.000
127.453 771.750
128.953 779.000
130.359 786.500
131.750 796.000
133.047 805.750
134.578 816.250
135.875 826.750
137.297 836.750
138.766 849.750
140.203 863.750
141.500 876.750
142.891 891.500
144.328 910.250
145.688 927.750
147.125 945.000
148.516 963.500
149.938 982.250
151.312 1003.750
152.766 1026.750
154.141 1051.250
155.438 1077.000
156.891 1106.500
158.234 1136.750
173.984 1049.000
194.641 2235.000
196.031 2218.750
197.500 2206.750
198.922 2201.250
200.344 2189.750
201.750 2183.500
213.125 2664.000
216.016 2393.750
225.922 2812.500
227.328 2795.750
238.047 555.250
241.062 519.750
242.266 525.750
252.828 343.250
253.969 335.750
255.312 330.750
257.188 326.500
258.547 323.250
262.875 318.750
265.578 316.500
267.062 318.500
268.297 320.250
270.266 322.000
271.062 324.500
272.656 328.250
288.203 486.250
294.328 401.750
295.750 401.250
311.219 334.000
316.250 581.250
317.703 586.000
319.047 589.750
320.484 593.250
321.812 598.000
323.156 604.000
324.703 611.750
326.016 617.750
327.406 625.750
340.047 232.000
341.469 230.000
341.875 230.250
342.828 232.250
353.469 533.250
358.234 464.750
359.688 458.500
1.125 454.250
2.719 450.500
4.234 447.250
5.406 448.000
6.734 454.000
15.781 2197.750
17.203 2199.250
22.406 909.750
23.828 907.250
25.188 917.000
28.641 2178.000
30.062 2182.000
34.312 2189.000
53.625 1246.250
55.094 1211.000
58.031 1139.000
59.516 1109.500
61.000 1081.500
64.125 895.500
65.516 888.250
67.062 890.250
69.797 949.750
71.281 937.000
72.797 921.500
74.234 904.750
75.703 888.500
77.172 874.750
78.562 863.250
80.016 853.000
81.453 839.250
82.984 828.750
84.453 823.500
85.828 816.250
87.312 807.250
88.750 799.250
90.266 791.750
91.672 785.250
93.141 780.500
94.547 776.750
95.938 772.250
97.516 767.000
98.969 762.000
101.875 720.250
103.484 707.250
104.828 699.750
106.344 695.250
107.812 693.250
109.172 693.500
110.594 695.500
111.969 700.250
113.328 707.250
114.812 718.250
117.641 758.000
118.953 764.750
120.406 768.250
121.844 772.000
123.250 776.500
124.750 781.750
126.016 786.250
127.547 792.250
128.969 801.250
130.359 809.000
131.828 815.250
133.078 823.750
134.625 833.250
136.047 843.750
137.375 856.750
138.750 868.250
140.250 880.000
141.609 894.500
143.047 911.000
144.391 926.750
145.797 943.500
147.219 960.250
148.672 976.250
149.984 995.750
151.406 1014.750
152.828 1038.000
154.281 1063.750
155.609 1086.750
157.000 1114.500
159.875 1137.250
175.750 1041.500
196.453 2233.500
197.875 2225.750
199.297 2212.250
200.734 2199.000
202.203 2193.750
203.609 2185.000
217.875 2334.750
227.688 2823.250
229.156 2805.000
231.969 2948.750
233.375 2999.250
239.703 565.250
242.766 535.250
244.250 541.000
252.797 365.750
254.375 356.750
255.516 350.250
257.422 344.000
258.781 338.500
260.516 335.000
267.453 331.000
268.859 330.000
269.922 332.500
271.516 334.000
288.453 507.250
311.172 346.500
312.578 352.250
315.016 589.250
316.469 593.000
317.938 596.000
319.344 599.000
320.672 604.250
322.188 609.500
323.516 614.000
324.828 621.250
326.375 626.750
337.797 234.250
340.078 230.500
341.422 230.000
342.062 230.250
352.375 527.750
353.859 538.250
357.234 469.250
358.672 460.500
0.141 455.750
1.391 451.000
3.109 447.750
4.188 446.750
5.750 449.000
6.969 457.250
10.016 790.000
13.125 2212.000
14.594 2208.000
17.469 2195.250
18.875 2190.500
22.734 903.250
24.078 902.750
27.438 2179.750
28.828 2181.750
30.250 2180.500
34.672 2186.000
36.094 2191.500
55.172 1267.250
58.125 1191.500
59.688 1158.500
61.156 1128.250
64.375 884.750
65.781 874.500
67.297 875.250
72.891 951.250
74.281 934.250
75.750 919.750
77.312 904.750
78.641 889.000
80.125 876.000
81.594 866.250
83.125 855.000
84.578 843.750
85.906 835.250
87.484 827.250
88.812 819.500
90.391 812.750
91.766 806.000
93.203 799.500
94.672 793.500
96.156 787.750
97.562 783.750
100.609 723.750
102.188 707.250
103.547 694.750
105.094 687.500
106.531 682.250
107.969 678.000
109.203 677.000
110.719 678.500
112.188 681.250
113.562 686.750
114.969 693.750
116.406 703.750
117.750 718.000
120.375 771.500
121.859 779.250
123.281 783.500
124.766 788.750
126.125 794.250
127.500 797.500
128.969 803.500
130.359 812.500
131.766 819.500
133.172 826.250
134.547 833.750
135.953 844.250
137.312 856.750
138.734 868.000
140.156 879.750
141.656 894.000
143.016 908.750
144.344 924.750
145.781 940.500
147.141 957.000
148.625 973.250
149.984 990.250
151.406 1009.750
152.844 1028.500
154.203 1052.250
155.609 1078.250
157.031 1103.750
158.406 1130.250
159.812 1142.250
161.250 1141.250
177.078 1037.000
197.844 2232.500
199.266 2221.500
200.672 2213.250
202.109 2204.750
203.562 2189.750
205.000 2188.500
214.875 2674.250
219.250 2257.250
223.453 2757.250
224.875 2777.500
226.297 2794.750
227.656 2816.500
229.109 2794.750
241.078 574.000
242.469 573.000
243.984 568.500
245.375 568.000
246.750 576.000
255.797 366.500
257.000 360.000
258.438 354.750
260.344 350.000
261.250 346.000
268.859 342.750
269.875 342.500
271.641 345.000
272.766 348.000
274.297 351.500
275.625 355.250
276.891 360.500
288.391 526.500
290.031 532.000
301.938 437.750
311.094 357.500
315.188 601.750
316.688 602.250
318.078 603.500
319.562 606.250
321.031 611.500
322.469 616.250
323.719 621.000
325.266 628.250
326.578 632.250
338.562 232.750
339.844 229.750
341.609 229.500
343.281 230.000
352.688 529.750
357.656 464.250
359.047 457.750
0.469 452.250
1.984 447.750
3.234 444.000
4.906 443.250
6.219 447.000
7.391 456.750
10.469 790.250
13.469 2211.250
14.938 2206.250
17.781 2194.000
23.000 895.500
24.516 896.000
27.797 2161.000
29.234 2156.000
30.641 2161.750
32.047 2173.250
33.500 2175.750
35.000 2179.250
36.422 2184.000
37.859 2188.500
39.250 2195.500
56.922 1326.000
59.922 1241.000
61.344 1208.750
64.719 876.000
66.094 861.000
67.547 858.750
68.922 867.500
74.484 989.250
75.938 972.500
77.375 955.750
78.891 941.000
80.312 927.250
81.781 913.000
83.266 898.750
84.656 885.750
86.172 875.000
87.562 867.750
89.047 859.750
90.547 851.250
91.891 843.500
93.406 836.000
94.766 830.500
96.297 825.750
100.891 718.250
102.391 700.250
103.891 686.000
105.344 676.250
106.812 670.250
108.094 666.500
109.531 663.500
111.000 662.000
112.328 663.250
113.797 666.500
115.250 670.750
116.688 676.750
117.906 685.250
119.469 696.250
120.703 711.750
126.266 817.750
127.703 822.000
129.047 826.750
130.438 833.500
131.891 840.500
133.188 849.500
134.656 858.000
136.016 865.750
137.406 875.500
138.938 886.250
140.297 898.500
141.734 911.750
143.016 926.500
144.531 941.000
145.891 955.750
147.297 971.000
148.703 988.000
150.125 1006.500
151.484 1022.250
152.859 1040.750
154.219 1064.500
155.625 1086.000
157.016 1111.000
158.438 1138.000
159.812 1166.750
162.766 1137.500
178.562 1033.500
197.734 2245.250
199.141 2225.000
200.578 2217.250
202.000 2208.500
203.391 2206.750
204.812 2206.250
206.281 2196.000
216.141 2639.750
224.609 2798.000
226.031 2809.500
227.484 2800.250
228.891 2836.250
230.344 2822.500
243.812 585.750
245.203 583.750
246.562 584.750
248.078 588.000
249.453 592.500
256.438 385.250
258.203 376.750
259.812 369.750
261.172 365.000
262.375 361.250
264.234 358.500
265.359 355.000
267.016 351.750
268.453 355.750
270.859 353.500
272.781 359.000
273.844 361.250
275.406 364.250
276.688 369.000
277.672 375.250
289.375 543.000
298.516 443.500
299.922 445.500
301.391 448.750
310.656 367.000
314.906 613.500
316.344 611.750
317.734 611.500
319.062 614.750
320.484 619.750
321.844 623.250
323.328 625.750
324.719 630.250
326.172 636.250
338.844 233.750
340.281 230.000
341.703 229.250
343.125 229.750
343.031 232.000
357.016 462.250
358.719 455.750
0.125 450.250
1.562 444.250
2.891 439.750
4.375 438.500
5.922 441.500
7.125 449.250
9.922 782.250
15.922 2207.750
18.750 2199.250
22.625 892.500
24.000 886.250
25.453 894.500
28.781 2148.250
30.219 2149.750
31.609 2152.000
33.047 2123.250
35.984 2172.250
37.375 2178.000
38.828 2184.000
40.266 2188.250
41.688 2195.500
60.797 1327.750
65.656 856.000
67.172 843.750
68.516 843.750
69.953 853.250
75.375 1049.000
76.844 1031.250
78.328 1014.000
79.781 996.750
81.188 981.750
82.688 969.000
84.078 956.750
85.500 944.000
86.953 932.250
88.422 921.250
89.953 910.750
91.359 902.750
92.844 894.000
94.141 886.750
95.719 879.750
97.094 873.250
103.297 687.250
104.781 673.000
106.172 663.500
107.719 656.500
109.141 650.250
110.438 647.500
112.000 647.250
113.266 647.250
114.734 648.000
116.094 651.000
117.562 655.750
119.047 662.500
120.297 671.750
121.719 685.000
123.109 703.000
129.859 871.500
131.234 877.250
132.688 884.750
134.078 894.500
135.469 904.000
136.891 913.250
138.266 924.750
139.766 936.500
141.062 947.750
142.547 959.500
143.859 972.500
145.359 987.500
146.750 1004.000
148.125 1018.750
149.562 1034.000
150.938 1052.500
152.344 1071.500
153.688 1090.000
155.188 1113.000
156.516 1137.500
157.922 1163.000
159.312 1192.750
160.734 1220.000
165.109 1132.000
180.828 1030.250
199.984 2249.750
201.422 2239.000
202.859 2231.250
204.234 2221.250
205.719 2211.500
207.094 2203.250
216.938 2679.500
225.484 2759.750
226.875 2802.250
228.312 2818.250
229.734 2828.500
231.141 2866.750
232.562 2873.250
244.422 596.500
245.812 594.750
247.281 595.000
248.609 598.000
250.172 601.750
258.516 393.250
260.188 386.000
261.609 380.250
263.156 376.000
264.500 376.500
267.672 368.000
271.766 369.750
273.188 370.000
274.516 373.750
275.891 377.250
277.109 382.000
278.672 387.500
290.062 552.250
300.562 456.000
308.719 370.000
309.859 374.750
314.172 623.250
315.672 622.000
316.938 620.000
318.469 620.500
319.859 623.000
321.156 627.750
322.594 631.250
323.922 634.500
325.359 640.750
326.844 644.750
339.531 232.000
340.953 229.750
341.750 229.500
342.594 230.500
352.891 532.500
356.453 463.750
357.812 456.250
359.094 451.500
0.609 445.250
2.047 438.500
3.438 436.750
5.078 439.000
6.375 444.250
10.531 789.500
13.734 2219.500
15.141 2208.000
16.578 2195.750
18.031 2186.500
19.406 2191.000
23.297 883.500
24.641 884.500
30.844 2143.250
32.281 2146.250
38.078 2173.250
39.484 2181.250
40.891 2187.000
42.328 2193.500
43.766 2203.500
62.891 1391.500
66.391 838.250
67.781 831.750
69.203 834.000
70.641 847.000
73.062 1174.750
74.562 1150.250
75.969 1129.000
77.438 1109.000
78.938 1089.500
80.406 1073.000
81.766 1057.250
83.297 1039.750
84.625 1025.750
86.047 1014.250
87.562 1001.250
88.953 990.000
90.406 980.500
91.828 970.750
93.344 962.250
94.812 954.500
96.141 946.500
97.641 938.500
103.984 673.000
105.406 659.750
106.984 650.250
108.484 642.250
109.922 636.750
111.250 633.000
112.703 632.500
114.141 632.500
115.672 633.250
116.969 636.500
118.328 641.250
119.766 649.750
121.109 659.750
122.578 670.500
123.906 687.250
130.531 936.500
131.922 943.500
133.328 951.750
134.812 960.000
136.156 968.500
137.641 976.750
138.984 987.250
140.375 1000.250
141.828 1013.750
143.250 1026.500
144.688 1040.000
146.062 1055.750
147.516 1070.500
148.922 1085.750
150.312 1104.500
151.688 1124.750
153.141 1145.750
154.562 1169.000
155.891 1193.750
157.250 1217.250
158.719 1241.000
160.109 1270.250
161.469 1304.500
162.859 1339.250
165.953 1126.500
181.672 1031.750
200.859 2249.250
202.281 2236.500
203.734 2227.000
205.172 2222.250
206.594 2215.000
208.047 2206.500
217.922 2665.500
226.422 2772.250
227.891 2774.000
229.266 2799.250
230.719 2849.000
232.125 2823.750
245.516 603.250
246.781 602.250
248.344 602.500
249.734 606.000
251.062 609.500
258.078 410.500
259.797 400.250
261.188 392.250
262.641 386.750
264.281 382.500
265.344 377.000
267.078 373.250
272.703 374.750
273.891 378.750
275.422 382.000
276.812 385.500
278.297 391.250
291.172 563.500
298.734 458.750
300.234 460.250
301.938 462.500
305.531 367.250
306.641 371.500
308.344 374.500
309.500 378.750
310.984 385.250
313.734 628.500
315.281 628.250
316.719 624.750
318.031 623.750
319.531 626.000
321.016 629.750
322.203 637.500
323.750 641.500
325.141 640.750
326.578 647.000
337.719 232.750
339.297 229.750
340.609 229.500
343.531 230.250
352.609 531.750
356.078 465.750
357.531 457.250
358.969 452.500
0.531 446.000
1.844 439.000
3.203 436.500
4.859 438.500
5.938 443.500
7.453 450.500
10.297 783.500
16.297 2201.000
19.172 2189.750
23.094 884.000
24.500 879.250
25.844 887.500
29.188 2138.250
30.641 2140.000
32.031 2144.000
33.453 2145.250
39.281 2175.500
40.734 2181.250
42.125 2185.750
43.562 2192.750
44.984 2204.750
62.578 1445.500
66.250 840.250
67.578 827.250
69.125 826.500
70.531 833.750
75.719 1169.500
77.219 1146.750
78.625 1127.000
80.109 1108.250
81.484 1091.500
83.031 1075.500
84.406 1060.500
85.859 1045.250
87.328 1031.000
88.719 1019.500
90.172 1008.500
91.625 998.250
93.062 988.750
94.594 979.250
95.938 972.500
97.391 966.250
103.750 676.000
105.375 660.000
106.703 649.000
108.297 640.500
109.750 634.000
111.125 629.250
112.516 625.750
113.922 625.500
115.391 626.250
116.797 628.500
118.250 633.750
119.750 639.000
120.969 646.000
122.359 656.500
123.750 670.250
125.109 689.000
131.656 957.250
133.188 963.250
134.531 969.000
135.969 977.250
137.359 987.750
138.812 998.000
140.156 1008.250
141.625 1019.250
143.000 1031.750
144.406 1047.000
145.844 1062.000
147.266 1076.500
148.703 1090.750
150.062 1108.500
151.531 1127.000
152.891 1145.750
154.328 1168.750
155.672 1192.250
157.047 1214.250
158.453 1238.250
159.797 1265.500
161.281 1295.250
162.641 1328.750
167.109 1127.750
182.969 1030.000
200.688 2263.500
202.109 2246.750
203.547 2237.500
205.000 2228.250
206.438 2220.750
207.828 2214.000
209.250 2225.000
217.719 2676.250
223.547 2214.000
227.672 2779.000
229.062 2803.500
230.484 2841.000
231.922 2864.500
233.359 2832.500
236.172 2986.000
246.531 607.500
248.031 607.750
249.594 608.750
250.781 610.500
252.156 615.750
257.797 421.250
259.250 410.500
260.688 401.500
262.125 394.500
263.594 389.000
265.031 386.000
268.125 374.750
269.625 379.500
271.188 381.750
272.281 378.250
273.672 378.250
275.188 384.250
276.344 387.750
277.938 393.000
279.359 399.500
280.500 407.000
299.938 463.250
301.609 465.500
309.438 381.750
310.812 388.250
313.500 633.250
315.000 633.000
316.438 629.500
317.844 627.750
319.406 629.000
320.672 632.250
322.125 633.750
323.578 635.750
324.875 643.000
326.250 649.500
338.125 233.250
340.422 230.250
340.219 229.750
343.281 229.750
352.547 533.750
355.906 467.000
357.422 458.500
358.859 453.250
0.422 446.250
1.594 439.250
3.094 436.250
4.562 437.750
6.062 442.000
7.297 449.750
10.172 779.250
14.734 2216.750
16.125 2202.250
17.562 2198.500
19.000 2193.750
22.875 883.750
24.234 877.000
25.672 883.750
29.031 2138.500
30.438 2136.000
31.875 2137.250
33.312 2138.500
39.047 2170.750
40.516 2176.250
41.938 2181.750
43.344 2192.000
44.797 2203.750
46.234 2216.250
67.406 826.000
68.766 822.250
70.344 826.000
71.656 842.500
73.969 1225.750
75.453 1200.250
76.859 1176.250
78.375 1153.750
79.797 1135.000
81.328 1115.750
82.781 1098.000
84.156 1082.750
85.594 1068.000
87.141 1052.250
88.531 1037.500
90.016 1026.250
91.422 1015.500
92.922 1005.000
94.250 995.750
95.719 988.250
97.172 981.000
98.641 973.250
105.156 662.500
106.484 649.250
108.016 640.000
109.469 633.000
110.938 626.500
112.312 622.500
113.672 621.750
115.094 621.000
116.656 622.000
118.062 626.250
119.438 631.250
120.906 637.750
122.328 646.000
123.562 656.000
124.922 670.750
130.094 958.000
131.406 962.750
132.844 967.000
134.219 974.000
135.672 983.000
137.031 991.750
138.547 1001.500
139.922 1012.500
141.375 1022.500
142.672 1034.250
144.188 1049.000
145.594 1063.750
146.891 1078.250
148.312 1093.750
149.812 1111.000
151.141 1129.000
152.625 1146.750
153.953 1168.750
155.359 1193.500
156.797 1215.500
158.156 1238.250
162.328 1327.000
182.688 1032.500
201.828 2259.750
203.281 2248.000
204.734 2233.000
206.141 2226.750
207.594 2220.250
209.000 2215.000
218.875 2656.750
227.375 2773.500
228.766 2793.250
230.188 2818.000
231.609 2856.250
243.172 2101.750
247.828 611.000
249.078 610.750
250.641 613.000
252.094 614.500
258.969 419.250
260.266 409.000
262.094 402.000
263.375 396.000
265.016 390.500
266.438 392.000
273.688 381.500
274.859 386.500
276.438 390.750
277.766 396.000
279.000 402.250
280.594 408.250
297.172 461.250
298.422 464.250
299.984 465.250
301.281 467.750
310.531 390.000
313.438 638.750
314.734 636.250
316.266 632.750
317.641 630.500
319.172 630.000
320.500 632.750
321.938 636.750
323.266 639.500
324.828 642.250
326.250 647.750
338.859 233.500
340.281 229.750
340.016 229.000
343.141 229.500
343.734 231.750
355.797 465.750
357.297 457.500
358.625 452.750
0.328 445.000
1.797 437.750
3.188 435.500
4.656 436.750
5.625 441.250
10.094 779.000
11.453 799.000
14.594 2218.750
16.031 2203.750
17.469 2191.500
18.922 2181.000
22.750 881.750
24.266 874.000
25.609 880.500
28.938 2140.000
30.375 2136.500
31.797 2136.750
33.219 2138.500
40.391 2160.250
41.797 2181.000
43.250 2190.500
44.688 2201.500
46.125 2214.000
47.562 2225.750
48.969 2235.000
60.719 1625.750
67.344 824.250
68.750 818.500
70.125 821.000
71.609 833.750
76.781 1222.250
78.219 1199.750
79.703 1176.750
81.125 1154.500
82.594 1136.500
84.062 1120.250
85.422 1103.000
86.906 1086.500
88.375 1073.500
89.844 1061.500
91.281 1048.500
92.734 1034.750
94.125 1023.750
95.531 1014.250
97.000 1007.250
98.516 1000.250
104.984 663.250
106.391 649.250
107.812 639.000
109.453 631.750
110.828 626.000
112.203 620.500
113.625 617.000
115.094 616.500
116.625 617.750
118.031 620.000
119.359 625.000
120.672 631.000
122.125 638.250
123.422 648.750
124.875 661.000
132.641 981.500
134.156 989.250
135.484 996.750
136.953 1004.000
138.312 1012.250
139.750 1021.250
141.141 1032.750
142.578 1045.750
144.000 1059.000
145.453 1071.750
146.797 1085.750
148.219 1101.250
149.594 1117.000
151.078 1133.250
152.484 1150.750
153.844 1171.750
155.188 1194.500
156.656 1218.250
158.062 1240.000
159.469 1263.250
160.844 1293.000
162.219 1324.500
183.859 1030.000
196.250 1537.750
201.656 2266.000
203.047 2247.000
204.469 2238.250
205.906 2232.250
207.297 2226.500
208.719 2219.750
218.594 2683.000
228.516 2790.000
229.938 2816.000
231.359 2846.000
232.766 2874.500
234.234 2846.750
247.484 613.500
248.922 614.500
250.406 616.250
251.719 618.250
253.094 623.750
258.594 427.750
259.969 417.500
261.422 409.000
262.906 402.000
264.703 396.250
266.016 392.750
269.094 383.000
270.516 387.000
271.516 388.250
273.188 384.750
274.359 384.750
275.922 391.750
277.297 396.500
278.453 402.750
280.000 408.750
281.312 416.750
288.922 601.750
291.703 569.750
299.484 468.000
300.719 469.000
302.438 471.250
306.078 377.250
307.250 382.500
308.844 386.500
310.234 389.250
312.781 641.250
314.328 640.000
315.719 635.750
317.109 632.500
318.656 632.750
320.062 635.250
321.328 638.500
322.781 637.750
324.406 639.750
325.781 646.750
339.891 230.000
340.234 229.500
342.234 229.500
342.891 231.250
356.641 459.500
358.391 454.500
359.641 448.250
1.250 441.250
2.688 435.750
4.188 435.750
5.625 440.500
6.781 449.750
9.734 775.500
11.109 791.500
14.250 2228.250
15.672 2210.000
17.125 2197.250
22.453 887.500
23.891 874.250
25.266 876.000
28.562 2155.000
30.016 2135.250
31.438 2134.750
32.859 2136.500
34.312 2139.500
35.812 2135.250
40.078 2151.750
41.484 2177.250
42.938 2184.250
44.359 2192.000
45.766 2200.250
47.203 2214.250
48.656 2230.750
67.078 825.500
68.484 816.750
69.938 817.250
71.281 827.500
78.031 1210.750
79.484 1188.500
80.891 1166.500
82.422 1148.250
83.750 1131.500
85.203 1115.000
86.672 1099.750
88.156 1084.500
89.547 1070.250
91.062 1058.750
92.516 1046.000
93.984 1034.250
95.375 1025.500
96.844 1018.250
98.281 1010.750
106.328 649.000
107.688 638.500
109.141 629.750
110.609 622.500
112.031 617.750
113.406 615.000
114.844 614.500
116.375 615.250
117.781 616.750
119.266 620.000
120.656 625.500
121.938 633.750
123.281 643.250
124.781 653.750
126.016 669.000
131.109 986.750
132.500 995.250
133.938 1003.750
135.406 1010.750
136.766 1018.000
138.156 1027.000
139.625 1037.500
140.984 1050.500
142.422 1063.250
143.891 1075.750
145.250 1089.000
146.719 1103.000
148.078 1119.250
149.453 1135.500
150.891 1151.750
152.266 1172.250
153.750 1195.000
155.062 1216.000
156.469 1238.000
157.922 1261.500
159.359 1286.750
160.688 1316.250
162.156 1349.000
163.484 1382.250
164.953 1417.750
201.531 2271.500
203.000 2248.500
204.406 2238.000
205.844 2231.500
207.266 2226.500
208.656 2220.750
210.109 2216.500
224.328 2210.500
228.516 2790.250
229.922 2815.000
231.344 2871.000
232.766 2899.750
234.203 2846.250
247.469 613.500
248.859 614.750
250.438 617.000
251.797 618.750
253.234 620.750
260.109 421.750
261.781 411.500
263.000 403.750
264.719 399.500
265.953 394.250
268.984 383.000
270.203 385.500
271.609 386.500
274.656 390.750
275.891 392.500
277.406 396.750
278.859 402.750
280.000 408.750
281.234 416.750
288.828 605.750
290.391 594.750
299.609 468.250
300.703 471.000
302.234 473.500
306.000 378.250
307.469 381.500
308.828 386.750
310.234 390.500
313.000 641.750
314.422 640.500
315.797 637.000
317.328 634.000
318.578 633.750
320.047 636.500
321.406 639.250
322.953 643.750
324.391 646.250
325.766 647.250
339.906 230.000
340.766 229.250
342.016 229.500
342.641 231.250
355.281 468.750
356.719 459.750
358.141 454.500
359.656 448.250
1.250 441.250
2.516 435.750
4.000 435.750
5.281 440.500
6.625 449.750
9.766 774.750
11.016 791.000
14.219 2229.750
15.625 2215.500
17.094 2201.250
22.438 887.750
23.797 874.250
25.219 875.750
28.516 2153.250
29.938 2134.750
31.375 2133.750
32.797 2136.000
34.266 2139.000
35.812 2134.500
40.125 2151.250
41.531 2176.750
42.953 2183.750
44.422 2191.500
45.875 2200.250
47.281 2214.500
48.688 2230.250
67.188 822.250
68.578 815.000
70.000 817.000
71.516 827.500
78.156 1220.750
79.562 1198.500
81.016 1178.750
82.484 1160.000
83.953 1142.750
85.375 1127.500
86.844 1111.750
88.250 1095.750
89.719 1081.500
91.172 1070.500
92.688 1060.250
94.109 1048.250
95.578 1036.500
97.031 1028.250
98.516 1022.750
105.094 661.500
106.531 646.000
107.938 635.500
109.312 626.750
110.828 619.250
112.219 614.750
113.688 612.750
115.156 612.000
116.641 612.750
118.062 614.500
119.422 618.500
120.859 624.500
122.172 632.250
123.750 641.750
125.141 653.000
126.422 669.500
134.297 1019.250
135.750 1026.250
137.172 1035.500
138.594 1046.000
139.984 1057.500
141.406 1069.250
142.750 1080.750
144.234 1094.000
145.656 1108.750
146.984 1125.000
148.422 1139.750
149.812 1154.750
151.250 1175.000
152.625 1197.750
154.141 1219.000
155.484 1239.750
156.906 1262.250
158.234 1288.500
159.719 1316.750
161.109 1348.250
162.500 1380.750
163.875 1415.000
165.266 1453.250
192.312 1559.750
201.984 2259.250
203.438 2240.500
204.875 2231.000
206.297 2223.500
207.734 2216.500
209.156 2215.500
210.578 2253.000
219.047 2686.500
224.875 2231.500
227.578 2777.500
230.438 2874.000
231.891 2844.250
233.297 2854.000
234.719 2888.250
236.156 2925.250
247.953 617.250
249.484 617.750
250.953 619.250
252.359 621.250
253.766 627.750
259.125 430.250
260.734 420.250
262.078 412.000
263.406 405.500
265.266 400.000
266.438 396.250
269.219 385.000
270.922 389.750
272.344 391.000
276.688 396.500
277.797 401.500
279.062 406.250
280.750 413.750
281.859 422.000
298.547 469.500
300.031 470.500
301.453 472.500
306.547 382.500
308.031 386.500
309.500 389.750
313.625 643.750
315.109 640.750
316.406 637.250
317.969 635.250
319.297 635.000
320.781 637.000
322.125 640.000
323.469 643.000
325.047 646.250
326.344 652.000
339.141 232.250
340.562 229.500
340.328 229.250
342.469 230.000
352.547 531.500
355.922 461.750
357.344 457.000
359.078 451.000
0.328 443.250
1.750 437.500
3.406 436.250
4.594 438.250
5.906 443.000
10.406 781.000
14.906 2217.500
16.328 2200.250
17.766 2190.000
19.203 2183.000
23.062 878.750
24.578 872.000
25.906 880.500
29.266 2135.250
30.688 2131.500
32.094 2132.000
33.516 2133.500
39.375 2159.250
42.250 2178.500
43.641 2184.000
45.094 2192.000
46.562 2205.250
47.953 2220.750
62.688 1585.000
67.922 816.750
69.344 812.250
70.766 816.250
72.156 833.500
74.453 1296.000
75.844 1267.250
77.297 1242.500
78.844 1220.500
80.281 1200.250
81.750 1181.000
83.219 1161.250
84.641 1143.000
85.984 1128.000
87.531 1112.250
88.953 1096.250
90.453 1083.750
91.828 1073.000
93.328 1061.500
94.812 1051.500
96.188 1041.250
97.688 1030.500
99.141 1024.500
105.766 654.250
107.125 641.250
108.547 630.750
110.203 623.000
111.453 616.500
113.000 612.250
114.484 610.250
115.828 609.750
117.375 610.750
118.828 613.250
120.188 618.500
121.500 625.000
122.953 632.500
124.469 643.500
125.797 655.750
133.562 1020.250
135.000 1027.250
136.438 1036.000
137.828 1046.500
139.234 1057.750
140.688 1068.000
142.094 1079.250
143.516 1091.250
144.875 1105.250
146.328 1121.750
147.688 1137.250
149.141 1153.500
150.516 1172.750
151.953 1193.750
153.391 1213.500
154.844 1235.000
158.969 1309.000
160.391 1338.000
161.797 1371.500
163.219 1405.500
164.641 1440.000
166.047 1473.750
193.062 1558.750
202.844 2257.500
204.266 2245.000
205.688 2236.250
207.172 2230.250
208.562 2223.250
210.000 2214.500
219.906 2655.000
228.438 2793.500
229.844 2814.000
231.281 2832.500
232.719 2864.750
234.156 2844.500
248.859 618.500
250.266 617.750
251.625 619.500
253.000 622.750
259.828 427.500
261.500 418.250
263.172 410.500
264.547 404.750
266.109 399.750
267.562 396.500
269.000 392.250
274.547 389.500
275.922 395.000
277.312 400.750
278.672 405.500
280.047 411.500
281.266 417.750
282.562 426.500
299.406 470.500
300.781 471.000
302.359 474.500
305.719 380.750
307.078 385.250
308.562 388.250
310.156 392.250
314.328 642.500
315.797 637.500
317.094 634.500
318.656 633.500
320.078 635.250
321.375 638.500
322.797 647.750
324.219 651.250
325.703 648.250
327.172 655.750
338.750 230.000
340.109 229.250
341.719 229.250
344.094 231.000
344.609 234.000
356.672 457.000
358.016 452.750
359.469 447.750
0.891 440.500
2.422 433.250
3.781 432.250
5.141 436.000
6.609 441.500
10.906 785.000
14.031 2231.250
15.453 2210.000
16.875 2202.750
18.344 2200.250
19.750 2189.500
23.594 873.750
24.984 874.250
26.359 884.500
29.750 2132.500
31.172 2131.500
32.625 2130.000
34.031 2133.000
38.359 2150.500
41.219 2165.250
42.672 2178.750
44.094 2186.000
45.531 2191.500
46.922 2205.250
48.344 2224.750
49.797 2235.750
62.938 1626.750
66.656 830.750
68.172 814.500
69.578 812.000
71.047 817.500
74.641 1319.250
79.016 1238.250
80.453 1216.000
81.859 1196.000
83.297 1175.250
84.812 1154.750
86.172 1139.000
87.688 1124.750
89.109 1108.250
90.531 1091.750
91.984 1079.750
93.484 1068.750
94.875 1056.750
96.344 1045.250
97.844 1035.500
99.234 1027.500
105.844 654.000
107.359 641.000
108.781 630.500
110.219 623.000
111.750 616.500
113.203 612.250
114.641 610.500
115.906 609.750
117.500 610.750
118.812 613.500
120.172 618.750
121.578 625.250
122.953 632.750
124.453 643.750
125.797 656.500
133.609 1007.750
134.938 1015.000
136.438 1023.000
137.812 1031.000
139.188 1042.000
140.594 1055.000
142.016 1064.000
143.500 1074.500
144.906 1089.750
146.328 1104.500
147.719 1117.750
149.062 1133.000
150.547 1150.000
151.891 1171.000
153.328 1194.000
154.766 1214.000
156.078 1235.750
157.484 1256.000
158.906 1280.250
160.281 1310.750
161.672 1341.750
174.312 1750.500
192.969 1560.500
202.656 2258.500
204.094 2245.500
205.531 2234.750
206.953 2231.000
208.359 2222.500
209.797 2217.750
225.469 2239.250
228.203 2782.000
229.641 2799.750
231.047 2824.250
232.469 2854.250
233.875 2827.250
248.641 616.250
249.891 617.000
251.391 619.250
252.750 620.500
259.766 426.000
261.031 416.000
262.547 408.250
264.281 403.000
265.766 398.250
267.031 396.500
271.297 393.500
272.922 393.500
274.391 392.000
275.516 391.000
276.844 397.750
278.234 402.500
279.812 407.750
281.000 414.500
282.375 423.000
297.875 465.500
299.250 469.000
300.422 470.500
302.016 472.000
306.984 381.250
308.250 386.000
309.938 389.750
313.922 644.750
315.391 640.000
316.891 636.250
318.125 634.500
319.766 634.500
321.016 636.000
322.422 637.750
323.984 638.000
325.297 645.000
326.641 653.000
338.219 231.750
339.281 229.000
342.250 228.500
342.031 229.750
352.922 530.000
356.344 459.000
357.484 453.750
359.219 449.000
0.453 442.000
2.172 435.500
3.438 433.750
5.078 435.250
6.109 439.750
10.500 778.250
15.000 2218.250
16.422 2194.500
17.844 2185.500
19.250 2183.250
23.094 878.500
24.484 871.750
25.891 880.500
29.250 2135.250
30.672 2131.750
32.078 2132.000
33.516 2137.250
37.875 2155.500
39.266 2168.750
40.703 2175.000
42.141 2183.500
43.562 2190.250
45.000 2201.250
46.406 2210.000
47.797 2221.250
49.234 2238.000
62.391 1615.750
63.828 1569.250
67.641 820.000
68.922 814.500
70.375 817.000
71.750 829.000
76.984 1252.000
78.438 1229.500
79.859 1208.000
81.312 1188.250
82.781 1166.250
84.188 1147.750
85.656 1132.750
87.109 1118.000
88.531 1102.000
89.969 1087.000
91.469 1075.250
92.891 1064.500
94.312 1053.250
95.766 1041.250
97.250 1032.000
98.609 1025.750
105.094 661.000
106.625 646.250
108.047 635.500
109.656 626.500
110.922 619.500
112.547 615.250
113.828 612.750
115.234 611.750
116.703 612.500
118.094 614.500
119.469 618.500
120.906 624.250
122.406 632.000
123.672 641.500
125.156 652.500
126.422 667.500
134.250 1019.000
135.734 1026.000
137.125 1035.000
138.453 1045.750
139.875 1057.500
141.312 1069.000
142.703 1080.500
144.172 1091.000
145.516 1105.000
147.000 1123.000
148.375 1138.250
149.734 1153.750
151.203 1173.750
152.578 1194.750
153.969 1214.250
155.406 1236.750
156.812 1261.500
158.250 1287.500
159.625 1316.000
161.000 1344.000
162.359 1374.000
163.781 1410.250
165.219 1448.000
201.969 2269.250
203.375 2248.750
204.797 2234.500
206.219 2227.750
207.672 2221.250
209.094 2218.250
210.500 2223.750
218.969 2689.500
224.781 2215.250
228.875 2780.000
230.297 2818.000
231.719 2844.250
233.172 2872.500
247.875 616.500
249.188 617.000
250.672 618.250
252.000 619.500
253.469 621.750
258.859 433.000
260.484 422.250
261.969 413.000
263.609 405.500
264.859 400.000
266.125 396.000
269.469 384.500
270.812 386.750
272.281 387.000
274.828 391.250
276.219 395.500
277.562 400.250
278.938 404.500
280.297 410.750
281.562 418.750
289.094 604.500
290.672 599.500
299.906 469.750
301.047 470.500
302.578 473.750
306.062 379.750
307.375 385.500
309.000 389.750
310.391 393.250
313.062 643.250
314.641 642.000
315.984 637.500
317.516 633.750
318.875 633.250
320.297 635.000
321.609 637.750
323.062 638.500
324.469 641.250
325.875 646.750
337.359 233.750
340.062 229.750
341.484 229.250
342.906 229.500
355.562 463.750
357.062 456.250
358.406 451.750
359.766 445.500
1.312 438.000
2.703 432.250
4.172 432.000
5.484 436.250
6.875 441.750
9.766 772.500
11.047 789.500
14.188 2230.750
15.625 2215.000
17.062 2200.750
18.484 2185.250
19.891 2178.500
23.766 874.250
25.125 875.750
31.312 2130.750
32.703 2132.500
34.125 2136.000
41.328 2160.250
42.750 2178.000
44.156 2186.000
45.578 2195.500
47.016 2208.750
48.438 2229.250
49.875 2248.000
63.047 1625.500
66.844 827.250
68.250 814.500
69.656 813.750
71.047 821.250
76.172 1295.250
77.625 1267.750
79.078 1244.500
80.500 1223.500
81.969 1202.750
83.406 1184.500
84.781 1166.750
86.312 1149.000
87.688 1134.750
89.172 1121.000
90.656 1105.750
92.109 1093.000
93.438 1082.250
94.922 1072.250
96.344 1062.500
97.875 1053.000
99.234 1044.750
105.844 652.000
107.422 639.750
108.672 630.000
110.188 622.750
111.625 616.250
113.016 612.000
114.453 610.500
115.875 609.750
117.344 610.500
118.703 613.500
120.203 619.000
121.609 625.500
123.062 633.000
124.266 643.750
125.797 656.000
133.500 1029.500
134.859 1037.000
136.328 1045.500
137.734 1055.000
139.172 1066.000
140.500 1076.000
142.000 1086.250
143.328 1099.250
144.797 1113.500
146.203 1128.750
147.578 1141.750
149.031 1157.250
150.422 1176.250
151.750 1196.500
153.203 1217.250
154.609 1236.750
158.812 1307.500
160.234 1335.500
164.438 1435.000
165.812 1465.250
184.750 1018.000
192.859 1559.500
202.531 2258.250
203.953 2245.250
205.359 2235.000
206.781 2231.250
208.219 2227.750
209.656 2220.000
219.500 2665.500
223.891 2201.500
225.297 2234.000
228.031 2774.500
229.469 2796.500
230.859 2824.000
232.281 2860.250
233.703 2839.500
243.844 2104.250
248.500 617.500
249.812 617.500
251.141 619.250
252.625 621.500
259.719 428.500
260.875 418.500
262.672 410.500
264.141 404.000
265.578 399.000
267.047 397.500
269.969 386.750
271.391 390.750
272.891 392.750
277.000 397.750
278.094 402.250
279.438 407.250
280.719 414.500
282.391 423.250
300.516 470.500
301.922 472.000
306.984 383.250
308.125 387.000
309.500 390.500
313.812 644.500
315.234 639.750
316.688 636.250
318.188 634.250
319.656 634.250
321.031 636.000
322.438 637.750
323.844 638.250
325.188 645.000
326.688 652.750
339.406 231.750
340.844 229.500
340.562 229.250
343.938 229.750
352.875 530.000
356.078 458.750
357.594 453.500
359.219 449.000
0.766 442.000
2.266 435.250
3.609 433.750
4.922 435.000
6.469 439.250
10.438 778.250
14.984 2219.750
16.422 2199.000
17.797 2189.250
19.250 2184.250
23.078 881.500
24.531 874.500
25.859 880.750
29.203 2135.750
30.656 2131.500
32.062 2136.750
33.500 2141.250
37.828 2153.500
39.281 2167.000
40.688 2174.250
42.109 2182.250
43.531 2188.750
44.938 2199.250
46.422 2208.000
47.812 2220.500
49.234 2238.000
57.922 1821.500
63.844 1601.250
67.625 819.750
68.953 814.500
70.406 817.000
71.828 829.250
76.922 1276.000
78.453 1251.000
79.828 1228.750
81.328 1207.500
82.812 1188.250
84.172 1169.000
85.656 1150.250
87.078 1135.000
88.500 1121.000
89.969 1106.250
91.375 1091.500
92.844 1078.000
94.281 1068.500
95.734 1057.750
97.250 1047.250
98.688 1038.750
105.234 660.500
106.703 646.000
108.219 635.250
109.547 626.250
110.984 619.500
112.547 615.000
113.922 612.250
115.312 611.250
116.812 612.250
118.250 614.250
119.484 618.250
120.953 624.250
122.406 631.750
123.688 641.250
125.062 652.500
126.422 667.750
134.234 1026.250
135.656 1034.000
137.078 1043.750
138.469 1054.250
139.844 1065.250
141.344 1075.500
142.688 1086.000
144.078 1099.500
145.547 1114.750
146.984 1127.750
148.375 1143.000
149.719 1160.750
151.156 1179.250
152.578 1200.000
153.938 1220.750
155.312 1241.000
156.750 1262.250
158.125 1289.000
159.531 1319.000
160.922 1348.000
162.359 1377.250
163.766 1411.250
165.156 1448.500
201.719 2267.750
203.172 2252.000
204.594 2242.750
205.984 2231.500
207.422 2227.500
208.828 2220.500
210.281 2215.500
214.547 2200.750
228.641 2788.250
230.047 2813.250
231.469 2842.500
232.875 2871.500
247.672 612.250
249.031 613.250
250.469 615.750
251.812 618.250
253.250 620.250
260.266 420.000
261.594 410.500
263.016 403.500
264.422 399.000
266.312 393.750
269.141 380.750
274.672 388.250
276.125 392.250
277.609 396.500
278.938 401.500
279.844 407.000
281.516 415.000
282.766 424.500
298.000 464.250
299.312 468.250
300.875 470.500
302.531 473.000
307.328 380.750
308.719 385.500
310.266 388.750
312.906 645.500
314.359 642.000
315.891 637.000
317.344 634.000
318.750 632.000
319.984 632.500
321.391 635.750
322.781 646.000
324.266 648.250
325.703 645.250
338.453 234.000
339.891 229.750
339.953 228.250
342.734 228.250
344.172 229.750
356.812 456.750
358.297 452.500
359.469 447.750
1.344 440.750
2.781 433.250
4.000 432.000
5.562 435.750
6.891 441.000
11.016 785.250
14.078 2232.750
15.516 2214.000
16.906 2203.250
18.375 2190.500
19.766 2180.250
23.672 877.000
24.984 879.250
26.453 890.250
29.750 2133.250
31.172 2131.250
32.609 2129.750
34.062 2133.250
38.406 2158.500
39.812 2172.750
41.266 2175.750
42.688 2180.500
44.094 2187.000
45.516 2193.500
46.984 2207.250
48.375 2226.750
49.812 2244.750
66.750 829.250
68.203 816.750
69.547 816.500
71.000 825.750
76.109 1310.250
77.578 1279.500
79.062 1253.500
80.516 1232.250
81.906 1214.000
83.344 1196.750
84.828 1175.250
86.219 1155.000
87.750 1141.250
89.094 1129.250
90.609 1114.000
92.000 1099.000
93.516 1085.000
94.953 1075.000
96.328 1065.250
97.844 1056.000
99.297 1050.500
105.828 651.750
107.375 640.000
108.859 630.500
110.328 623.000
111.578 618.250
112.969 616.250
114.438 615.750
115.859 615.750
117.453 616.750
118.719 619.750
120.172 625.250
121.594 633.250
122.922 642.250
124.406 653.000
125.797 667.750
133.516 1029.250
134.922 1036.750
136.359 1045.500
137.688 1054.750
139.125 1064.500
140.531 1074.750
141.938 1086.250
143.375 1098.500
144.812 1113.000
146.203 1128.500
147.594 1141.750
149.047 1157.000
150.406 1175.500
151.875 1196.000
153.234 1216.750
154.688 1236.500
158.812 1307.500
160.250 1335.500
164.438 1434.750
202.484 2249.500
203.906 2241.250
205.375 2233.750
206.781 2229.500
208.188 2225.000
209.641 2218.000
227.984 2776.750
229.406 2799.000
230.828 2825.750
232.266 2858.000
233.688 2830.500
248.375 610.500
249.828 611.000
251.281 611.750
252.594 612.750
259.391 417.500
261.000 407.000
262.641 399.250
264.203 394.000
265.531 389.250
267.125 390.250
269.953 382.750
271.438 384.750
272.672 387.000
274.344 385.500
275.734 384.250
276.703 390.000
278.281 395.750
279.812 402.000
280.797 408.000
282.469 416.500
299.172 463.500
300.281 465.000
301.875 467.500
306.828 374.750
308.609 379.250
310.000 383.250
313.859 640.250
315.375 636.000
316.766 632.000
318.219 630.000
319.656 630.500
321.047 632.250
322.375 634.000
323.984 636.250
325.281 642.500
326.828 648.750
335.094 246.750
339.422 231.750
339.875 229.500
342.266 228.500
343.703 229.000
352.844 530.250
356.422 459.000
357.594 452.500
359.016 449.250
0.656 442.000
2.156 435.250
3.797 432.500
5.219 432.750
6.328 437.500
7.859 447.500
10.562 780.250
15.094 2218.750
16.516 2197.750
17.984 2188.500
19.375 2189.750
23.328 880.500
24.672 877.250
26.078 886.250
29.391 2139.750
30.812 2135.500
32.250 2132.750
33.703 2134.250
38.047 2162.750
39.484 2179.000
40.891 2184.250
42.359 2191.250
43.766 2201.000
45.203 2202.750
46.656 2207.750
48.031 2223.500
49.469 2243.750
66.312 835.750
67.875 822.500
69.250 821.500
70.562 828.000
75.766 1299.000
77.219 1270.000
78.719 1246.000
80.109 1225.000
81.547 1205.000
83.047 1186.500
84.422 1167.750
85.938 1148.500
87.312 1133.500
88.828 1120.000
90.219 1104.750
91.688 1090.750
93.141 1078.250
94.641 1067.500
96.000 1057.750
97.484 1048.500
98.922 1041.000
104.109 673.000
105.422 656.500
107.016 644.250
108.359 635.500
109.766 627.750
111.359 622.750
112.672 620.000
114.109 619.250
115.609 619.750
117.031 621.000
118.453 624.250
119.797 630.250
121.172 638.000
122.703 646.750
124.062 656.750
133.250 1021.750
134.562 1027.750
136.031 1036.750
137.406 1046.250
138.828 1056.250
140.281 1066.250
141.703 1078.250
143.125 1090.250
144.438 1103.500
145.938 1119.500
147.359 1133.750
148.781 1148.250
150.094 1167.000
151.547 1186.500
152.984 1204.750
154.312 1228.000
155.672 1249.000
157.094 1272.750
158.547 1300.500
159.906 1326.500
164.078 1425.500
200.734 2269.500
202.203 2239.250
203.594 2229.250
205.047 2225.750
206.453 2223.000
207.859 2216.500
209.328 2210.750
223.547 2198.750
227.656 2775.750
229.078 2799.000
230.500 2835.750
231.922 2863.250
233.359 2829.750
236.156 2958.500
246.547 606.500
248.062 605.750
249.484 606.750
250.781 608.750
252.188 610.500
259.188 412.250
261.031 401.500
262.062 393.750
263.656 389.750
265.297 384.750
266.875 376.000
268.297 373.500
269.422 378.500
271.203 379.250
272.391 381.500
273.688 379.750
275.328 379.000
276.516 385.750
278.125 390.000
279.359 395.000
280.516 402.250
298.484 459.750
299.859 461.750
301.641 463.750
306.422 370.750
307.828 376.250
309.562 380.250
310.672 383.750
313.438 633.250
314.953 632.000
316.438 628.000
317.922 626.000
319.141 625.500
320.750 627.750
322.031 631.000
323.453 633.750
324.891 636.250
326.234 640.750
338.984 232.750
339.156 229.750
341.328 228.750
343.250 229.000
343.516 231.250
355.891 466.750
357.203 458.000
358.891 452.750
0.359 447.250
1.516 440.250
3.281 433.500
4.484 433.250
5.797 437.250
7.391 444.250
10.172 779.250
11.500 801.250
14.656 2219.500
16.094 2205.500
17.500 2198.250
18.953 2192.000
22.812 886.750
24.172 880.250
25.594 887.750
28.969 2140.000
30.375 2136.500
31.828 2137.750
33.219 2140.000
37.594 2156.500
39.000 2171.250
40.406 2176.500
41.875 2182.250
43.281 2191.250
44.750 2202.500
46.141 2215.750
47.562 2228.500
67.297 827.750
68.734 827.500
70.219 834.000
76.766 1239.750
78.281 1217.750
79.688 1198.000
81.188 1176.750
82.641 1155.750
84.062 1139.500
85.453 1125.250
86.906 1109.250
89.844 1087.500
91.312 1069.000
92.797 1057.500
94.141 1045.000
95.641 1035.250
97.047 1028.500
103.625 676.250
105.141 659.000
106.438 648.500
107.953 641.250
109.344 634.750
110.828 629.500
112.250 625.750
113.719 625.500
115.031 626.750
116.484 629.250
118.000 634.250
119.453 640.000
120.703 646.750
122.109 657.750
123.453 671.750
131.422 1008.500
132.797 1017.000
134.188 1025.500
135.547 1031.500
136.984 1040.500
138.406 1052.500
139.844 1063.750
141.250 1076.000
142.594 1087.750
144.031 1100.250
145.406 1117.750
146.844 1133.500
148.297 1149.000
149.641 1168.500
151.094 1190.000
152.500 1211.000
153.953 1231.500
155.266 1252.500
156.719 1277.000
158.109 1305.000
159.469 1332.750
163.672 1435.500
190.688 1555.250
194.953 1538.000
200.359 2255.250
201.781 2239.500
203.234 2235.500
204.656 2234.000
206.078 2228.000
207.531 2215.000
217.359 2678.250
227.312 2768.000
228.734 2783.750
230.156 2821.000
231.562 2857.750
233.016 2837.000
235.812 2966.500
246.422 598.500
247.875 598.000
249.266 599.000
250.531 601.250
259.047 396.000
260.500 388.500
262.344 382.750
263.547 378.000
265.047 374.250
267.859 365.000
273.375 371.000
274.766 373.250
276.594 377.250
277.922 382.000
279.000 386.750
280.375 393.500
299.641 453.500
301.344 455.750
302.844 458.500
307.891 365.250
309.141 369.750
310.781 374.250
313.234 627.250
314.625 625.750
315.984 622.000
317.562 620.500
318.922 620.250
320.281 622.500
321.672 626.000
323.094 626.750
324.641 629.500
326.062 636.500
337.766 233.500
340.109 229.750
340.469 229.250
342.281 229.250
342.922 230.000
353.734 532.000
357.078 459.750
358.266 454.000
359.969 449.250
1.219 442.500
2.766 436.500
4.484 435.500
5.797 437.250
6.969 442.250
11.250 796.000
14.406 2226.500
15.828 2210.000
17.250 2200.250
18.656 2198.250
22.578 890.000
23.984 884.500
25.375 890.250
28.672 2147.500
30.109 2148.500
31.531 2144.250
32.984 2139.250
37.281 2172.250
38.734 2176.250
40.141 2178.000
41.562 2180.250
43.000 2194.250
44.453 2212.750
45.844 2230.250
47.266 2246.000
60.500 1613.000
65.578 852.250
67.141 837.000
68.547 836.250
69.953 843.250
75.062 1248.500
76.547 1226.250
78.016 1204.250
79.516 1184.500
80.875 1164.750
82.375 1146.000
83.797 1130.000
85.297 1114.500
86.719 1098.750
88.203 1084.000
89.578 1070.500
91.047 1059.000
92.562 1046.750
93.922 1034.750
95.328 1026.000
96.844 1020.750
103.312 681.000
104.703 666.500
106.156 656.500
107.625 648.250
109.188 642.500
110.516 640.000
111.906 639.000
113.547 636.750
114.891 637.500
116.344 642.500
117.797 647.000
119.000 653.500
120.438 662.000
121.953 672.500
123.172 687.750
128.328 993.750
129.703 999.000
131.141 1005.250
132.516 1013.250
133.969 1020.750
135.281 1027.250
136.734 1036.500
138.141 1049.500
139.594 1061.750
141.031 1073.500
142.406 1087.000
143.766 1100.000
145.203 1115.250
146.609 1131.000
148.062 1147.750
149.453 1166.500
150.797 1186.000
152.188 1207.500
153.641 1232.000
155.047 1253.250
156.406 1277.250
157.766 1307.750
159.203 1336.000
160.625 1368.750
161.953 1407.000
200.031 2246.500
201.453 2235.500
202.906 2225.750
204.328 2216.750
205.781 2211.500
207.156 2204.500
217.031 2653.250
225.547 2761.750
226.938 2780.750
228.359 2794.250
229.812 2826.250
231.219 2808.250
244.500 590.250
246.062 589.250
247.375 590.000
248.797 591.000
250.297 596.000
257.250 388.750
258.719 380.250
260.562 373.750
262.094 368.750
263.062 364.000
264.781 358.500
266.344 355.750
267.906 358.000
269.266 356.250
270.406 358.250
271.703 358.250
273.531 358.000
274.516 364.250
276.094 368.250
277.156 373.750
278.828 379.250
279.844 386.250
290.234 570.250
299.438 444.500
300.953 446.250
308.922 358.000
310.422 364.250
312.859 619.250
314.359 616.500
315.641 612.750
317.188 610.750
318.531 610.500
319.969 613.000
321.359 616.500
322.766 618.500
324.234 622.750
325.609 629.750
327.125 637.000
338.312 234.500
339.734 230.000
339.703 227.750
342.594 227.000
344.031 228.750
353.281 530.500
356.625 463.250
357.906 455.250
359.406 451.500
0.969 445.250
2.406 439.000
3.875 435.000
5.281 435.250
6.828 440.500
8.094 449.750
14.016 2228.750
15.438 2210.000
18.250 2192.500
22.047 895.500
23.547 886.000
25.016 890.750
28.297 2152.250
29.688 2148.000
31.141 2153.500
32.547 2160.500
34.016 2159.000
36.906 2168.250
38.359 2183.000
39.781 2189.250
41.203 2198.500
42.641 2211.000
44.062 2228.000
45.453 2245.500
46.891 2256.500
60.141 1618.250
65.172 857.250
66.656 846.250
68.094 846.750
69.453 857.250
76.203 1239.000
77.625 1217.250
79.109 1200.000
80.578 1180.500
81.984 1162.500
83.438 1146.250
84.828 1131.500
87.812 1088.500
89.250 1087.750
90.641 1076.250
92.125 1066.000
93.594 1056.500
94.969 1049.000
96.422 1041.500
101.484 701.000
102.906 683.250
104.344 671.000
105.953 662.750
107.312 656.750
108.734 652.500
110.125 649.750
111.500 648.750
112.984 649.750
114.391 653.250
115.812 658.000
117.266 663.250
118.609 670.500
120.016 681.250
121.469 697.500
122.734 718.250
129.328 1023.250
130.750 1029.000
132.219 1036.250
133.562 1045.750
135.016 1055.500
136.422 1066.500
137.844 1076.250
139.219 1087.000
140.656 1102.250
142.094 1117.500
143.438 1130.750
144.922 1144.250
146.344 1160.500
147.734 1179.000
149.094 1198.500
150.484 1218.750
151.891 1239.750
153.328 1262.500
154.750 1287.000
156.172 1314.500
157.594 1341.750
158.953 1373.500
160.344 1409.500
179.281 1031.000
198.453 2244.500
199.875 2237.750
201.312 2227.750
202.734 2211.250
204.172 2204.250
205.625 2203.500
215.500 2643.500
224.016 2758.000
225.438 2775.250
226.844 2794.500
228.250 2824.750
229.703 2819.000
243.031 579.750
244.453 579.750
245.922 580.000
247.312 581.250
254.656 382.750
256.328 372.250
257.469 364.250
258.953 359.000
260.406 355.250
261.859 352.500
263.547 350.500
264.672 344.500
266.406 342.500
267.438 347.500
269.156 348.000
271.797 348.750
273.234 352.000
274.594 354.750
276.250 358.500
277.562 363.500
279.016 369.750
288.797 556.000
300.922 437.000
307.734 345.000
309.344 348.250
312.844 607.500
314.438 606.000
315.750 603.250
317.266 601.500
318.594 601.500
320.047 604.500
321.453 607.500
322.953 610.500
324.281 614.250
325.797 621.000
327.109 630.750
338.766 227.500
341.156 225.500
341.969 225.750
342.562 227.250
353.219 530.250
357.859 456.750
359.438 451.750
0.969 445.500
2.359 440.250
3.906 437.000
5.266 436.250
6.828 440.250
7.875 449.750
14.000 2213.500
15.406 2196.250
16.859 2200.500
18.281 2190.000
22.156 895.500
23.516 888.500
24.969 893.250
28.266 2152.000
29.672 2149.500
31.109 2154.750
35.469 2178.750
36.922 2181.750
38.344 2184.750
39.766 2191.500
41.219 2201.250
42.625 2214.000
44.062 2230.250
61.672 1453.500
65.328 864.000
66.672 858.250
68.188 861.750
69.562 874.500
71.938 1228.500
73.359 1206.250
74.859 1183.000
76.312 1158.750
77.812 1140.000
79.188 1123.250
80.641 1105.500
82.094 1088.750
83.562 1073.750
84.969 1061.000
86.438 1047.250
87.875 1032.750
89.344 1023.250
90.781 1013.000
92.281 1003.750
93.719 998.500
95.172 990.750
101.516 704.000
103.078 690.250
104.484 680.000
105.906 671.750
107.422 667.000
108.844 665.000
110.172 664.000
111.609 664.500
113.109 666.250
114.422 670.500
115.891 676.250
117.297 682.750
118.641 693.500
120.047 709.250
121.484 729.500
126.641 965.000
128.109 969.750
129.547 976.000
130.922 983.500
132.250 991.000
133.734 999.500
135.203 1009.000
136.562 1019.750
138.016 1030.500
139.359 1043.000
140.812 1057.000
142.172 1070.250
143.672 1083.500
144.969 1099.250
146.406 1117.250
147.812 1134.000
149.281 1153.000
150.641 1176.250
152.062 1198.500
153.438 1220.500
154.875 1243.250
156.234 1270.000
157.625 1301.250
159.031 1331.250
162.109 1139.500
176.469 1039.750
177.953 1036.000
197.125 2241.000
198.562 2231.250
200.031 2231.250
201.438 2224.750
202.859 2209.750
204.297 2202.500
214.188 2667.250
222.750 2722.000
224.172 2754.750
225.578 2776.750
226.953 2803.750
228.391 2840.250
229.844 2814.250
241.906 572.500
243.281 572.500
244.781 573.000
245.984 574.500
253.328 369.750
254.688 361.250
256.531 354.500
257.984 348.500
259.438 343.250
261.125 339.750
265.219 336.250
266.781 333.750
270.828 334.250
272.297 337.500
273.531 341.750
274.688 347.000
276.562 352.250
277.969 357.250
286.172 551.500
289.000 521.750
298.141 423.250
299.625 423.500
301.078 426.750
310.656 343.500
314.375 594.750
315.828 593.000
317.266 593.000
318.828 594.750
320.188 596.750
321.516 600.000
323.031 603.750
324.375 608.500
325.703 615.750
338.812 227.500
339.859 225.750
342.672 225.750
344.109 227.250
353.281 527.750
358.031 458.750
359.531 453.000
0.875 448.500
2.547 443.750
4.172 438.250
5.469 436.250
6.719 440.250
8.125 448.250
14.094 2222.000
15.531 2212.250
16.953 2198.750
18.406 2184.500
22.266 899.000
23.656 894.750
25.062 900.250
28.422 2162.500
29.844 2163.750
31.281 2172.750
35.641 2185.250
37.047 2189.500
38.453 2195.750
39.891 2208.000
41.328 2222.250
57.469 1463.750
61.953 1338.500
65.281 875.250
66.750 871.750
68.172 875.750
73.641 1115.250
75.125 1094.750
76.547 1077.500
78.016 1059.750
79.438 1042.750
80.875 1029.000
82.406 1016.000
83.828 1001.250
85.188 987.750
86.734 976.500
88.188 965.750
89.531 958.250
91.062 950.750
92.531 941.000
93.906 933.750
95.344 927.750
100.219 728.500
101.609 712.000
103.016 700.250
104.484 691.750
106.062 685.250
107.453 681.750
108.922 681.250
110.328 681.250
111.688 682.250
113.172 686.250
114.438 691.500
115.984 698.750
117.281 710.000
118.703 724.750
120.062 744.000
125.453 909.750
126.906 915.750
128.359 922.500
129.734 927.750
131.188 934.000
132.453 944.250
133.906 954.500
135.281 963.250
136.703 973.000
138.156 985.500
139.625 998.500
141.016 1012.000
142.438 1024.750
143.844 1039.250
145.172 1056.750
146.609 1073.000
148.031 1089.500
149.422 1110.250
150.875 1130.500
152.203 1151.000
153.656 1176.000
155.062 1201.500
156.406 1228.500
157.844 1258.000
160.766 1145.750
175.188 1040.500
176.625 1042.000
191.906 1459.000
197.266 2238.750
198.688 2229.750
200.156 2213.750
201.562 2199.000
203.047 2194.500
212.891 2641.500
222.891 2757.750
224.281 2772.000
225.734 2794.000
227.125 2822.000
228.609 2801.500
239.188 561.750
240.578 561.500
242.016 560.500
243.391 561.750
244.922 563.750
252.391 354.500
254.172 344.750
255.484 337.000
256.562 333.000
258.297 330.000
260.078 326.750
263.922 323.250
265.469 321.750
267.047 322.250
271.344 324.750
272.922 328.250
273.859 332.000
275.547 336.000
276.844 342.000
277.703 350.000
289.422 508.000
297.094 408.500
298.531 410.250
300.062 412.500
313.234 584.750
314.766 584.750
316.312 583.500
317.734 583.500
319.062 586.000
320.453 589.250
321.969 591.250
323.344 595.500
324.719 603.750
326.078 611.750
338.672 226.750
340.484 225.000
342.875 225.250
344.328 226.750
353.641 525.000
358.438 460.500
359.969 453.750
1.281 450.000
2.766 445.000
4.000 440.000
5.656 438.250
7.062 441.750
8.375 450.000
14.328 2224.500
17.156 2206.250
22.422 902.500
23.875 898.250
25.266 904.750
28.594 2171.000
30.047 2173.000
34.328 2182.750
35.844 2189.750
37.281 2198.500
38.719 2209.000
40.141 2218.500
56.281 1419.750
59.234 1333.750
65.531 885.500
66.969 883.750
68.312 892.250
73.906 1064.000
75.297 1044.250
76.797 1026.750
78.281 1012.250
79.672 998.750
81.188 984.500
82.594 970.750
84.031 958.250
85.453 948.250
86.938 939.500
88.422 930.000
89.906 923.000
91.312 914.500
92.688 905.000
94.188 896.500
100.344 732.750
101.875 719.250
103.219 709.000
104.641 701.500
106.156 696.250
107.594 694.500
109.000 693.500
110.375 694.250
111.781 697.750
113.156 703.500
114.594 712.500
115.969 723.250
117.500 736.000
118.766 754.250
124.297 878.250
125.734 882.500
127.125 884.500
128.547 891.750
129.969 901.500
131.391 909.750
132.781 919.750
134.125 929.000
135.625 938.500
137.016 949.500
138.422 961.500
139.828 973.750
141.203 987.000
142.641 1000.500
144.031 1016.250
145.453 1032.250
146.891 1049.250
148.297 1065.500
149.688 1082.500
151.047 1106.250
152.453 1129.500
153.906 1150.750
155.219 1177.750
156.656 1205.750
174.000 1045.500
175.453 1050.500
190.719 1457.500
196.094 2231.500
197.516 2212.500
198.984 2201.500
200.422 2200.750
201.844 2192.750
211.719 2640.000
217.547 2209.250
221.703 2744.500
223.125 2764.000
224.531 2781.750
225.953 2804.750
227.391 2788.750
238.016 555.000
239.500 553.500
241.016 552.500
242.391 554.250
243.844 558.750
252.719 333.000
254.281 327.000
255.875 323.000
257.312 320.000
258.703 316.500
263.062 312.000
264.375 309.250
265.625 311.000
269.938 314.500
271.359 317.750
272.906 321.250
274.641 325.500
276.000 330.500
285.203 530.750
288.469 500.500
296.453 392.750
297.875 398.250
299.031 401.250
300.344 403.500
301.922 407.500
309.156 312.250
310.172 317.000
311.672 322.250
314.984 575.250
316.562 576.000
317.969 577.500
319.438 580.500
320.812 584.000
322.094 589.750
323.688 593.500
324.906 596.000
326.344 603.250
338.938 230.750
340.359 226.250
341.781 224.750
343.219 225.250
353.812 522.750
358.625 460.750
0.219 454.250
1.672 450.250
3.062 444.750
4.594 440.000
6.016 439.000
7.453 442.500
8.828 450.250
14.656 2215.500
16.078 2203.750
22.766 905.000
24.125 902.000
25.562 909.250
28.984 2180.750
30.406 2183.000
34.750 2189.000
36.156 2197.500
37.578 2208.250
39.031 2219.750
56.625 1339.000
58.109 1299.500
59.672 1262.000
61.141 1226.750
64.344 904.500
65.906 894.250
67.250 895.250
72.781 1029.000
74.250 1011.750
75.703 995.000
77.172 978.000
78.656 962.250
80.078 949.500
81.609 937.250
83.031 925.250
84.484 913.750
85.844 902.750
87.391 894.750
88.750 887.250
90.234 878.250
91.703 871.500
93.062 866.750
94.562 860.750
99.188 752.000
100.562 737.500
102.094 726.000
103.578 717.250
104.984 710.000
106.516 706.000
107.844 704.250
109.250 705.500
110.578 709.500
112.141 714.500
113.562 721.500
114.875 730.500
116.281 743.000
121.828 836.000
123.188 846.750
124.656 850.750
126.000 857.250
127.500 865.000
128.938 870.250
130.297 876.750
131.672 884.000
133.125 892.750
134.438 903.250
135.859 915.500
137.250 926.750
138.688 938.000
140.078 952.500
141.516 965.750
142.969 980.250
144.344 996.500
145.703 1012.000
147.078 1028.000
148.516 1045.750
149.969 1064.500
151.359 1084.750
152.734 1109.500
154.125 1132.500
155.500 1156.250
156.938 1168.500
158.344 1161.000
189.531 1501.500
194.891 2231.750
196.328 2226.500
197.750 2213.250
199.172 2198.500
200.625 2189.250
202.047 2172.500
211.891 2652.250
216.297 2187.250
220.453 2727.500
221.875 2760.750
223.297 2771.500
224.719 2780.250
226.109 2803.500
227.531 2821.750
228.953 2865.500
230.391 2922.500
231.781 2968.750
236.734 547.750
238.172 546.500
239.766 546.000
241.062 547.750
242.375 554.500
250.359 331.750
251.906 324.000
253.094 317.250
254.797 312.000
256.656 308.500
257.578 306.500
262.141 303.250
263.516 300.750
264.891 300.500
268.953 303.250
270.141 307.250
272.250 310.500
273.188 314.500
274.594 320.000
275.688 326.000
287.234 490.750
288.297 494.500
297.672 391.750
299.062 392.750
300.547 395.500
302.016 399.500
308.109 302.750
310.500 306.750
313.703 568.750
315.344 570.250
316.609 570.000
317.984 571.750
319.406 575.250
320.844 580.000
322.234 583.000
323.766 586.750
325.016 596.250
326.547 603.500
339.047 230.750
340.469 226.250
341.891 224.750
342.812 225.250
353.891 521.750
358.734 461.000
0.359 454.250
1.625 450.000
3.188 444.750
4.594 440.000
6.172 439.000
7.312 442.250
8.891 450.000
16.203 2208.750
19.078 2192.000
22.844 905.000
24.281 904.500
27.641 2182.750
29.047 2181.000
30.516 2161.750
31.922 2165.250
33.344 2186.500
34.828 2193.500
36.312 2205.250
37.688 2217.500
53.828 1422.250
56.766 1329.000
61.312 1223.750
64.609 904.500
66.016 900.500
67.453 906.500
73.000 1031.000
74.469 1014.750
75.969 999.750
77.422 983.500
78.859 968.000
80.344 954.000
81.734 942.000
83.266 931.500
84.688 922.000
86.094 912.750
87.594 903.250
88.969 892.750
90.422 885.750
91.922 879.250
93.312 872.000
94.875 856.000
99.328 750.250
100.844 738.250
102.375 729.250
103.812 721.000
105.219 717.000
106.656 717.000
108.062 717.750
109.438 718.750
110.984 722.750
112.328 730.250
113.703 739.750
115.078 753.750
120.672 842.750
122.016 852.500
123.453 857.250
124.906 862.750
126.391 867.500
127.703 873.000
129.156 880.000
130.547 887.500
131.938 895.750
133.328 905.750
134.781 916.250
136.203 926.750
137.656 937.750
139.047 951.000
140.406 964.500
141.906 979.250
143.234 994.250
144.688 1008.500
146.062 1023.500
147.484 1040.250
148.875 1059.500
150.250 1079.250
151.734 1100.250
153.156 1124.250
154.484 1148.000
165.672 1437.000
193.875 2233.500
195.344 2223.500
196.766 2211.000
198.172 2199.000
199.594 2188.250
201.031 2174.000
210.969 2623.000
219.500 2737.500
220.922 2754.500
222.359 2787.500
223.797 2796.500
225.219 2795.750
226.625 2821.750
228.062 2868.250
236.094 541.250
237.328 540.250
238.859 540.000
240.266 540.250
246.062 350.250
249.500 334.250
250.766 328.000
255.328 297.500
257.297 294.500
258.344 289.000
260.438 287.750
261.109 291.000
266.141 290.750
267.406 291.750
268.594 295.250
269.969 298.250
271.062 302.000
272.656 305.750
273.859 310.000
275.188 315.500
286.391 486.750
287.688 487.000
297.297 379.250
298.656 382.250
299.828 384.750
301.578 388.500
308.922 296.250
309.641 298.000
310.828 302.500
314.500 562.000
316.109 564.250
317.500 565.250
318.828 567.750
320.234 571.750
321.766 575.250
323.031 579.250
324.562 585.750
326.000 592.000
327.250 596.250
339.031 227.750
339.844 225.500
341.062 225.500
343.000 227.000
353.453 513.000
354.938 524.500
359.516 458.000
1.156 453.000
2.578 450.000
3.844 445.000
5.281 441.500
6.938 442.750
8.328 446.500
15.625 2210.250
18.469 2188.750
22.281 911.750
23.781 907.000
25.141 911.500
28.500 2174.500
29.906 2175.750
34.188 2198.750
35.750 2210.000
37.156 2220.750
57.781 1235.750
59.312 1202.750
60.797 1170.500
63.906 918.750
65.391 911.500
66.812 915.000
68.266 933.000
71.094 1004.000
72.531 985.500
73.922 968.500
75.391 952.500
76.828 937.250
78.344 924.000
79.766 910.500
81.312 897.500
82.656 886.250
84.188 876.500
85.625 868.500
87.094 860.750
88.406 851.500
89.984 843.500
91.406 836.750
92.875 830.750
94.281 825.750
95.688 820.750
98.797 773.500
100.203 754.500
101.594 743.750
103.172 737.750
104.500 734.750
106.062 733.750
107.328 734.000
108.844 737.250
110.250 741.000
111.609 748.500
112.984 763.000
115.844 802.750
117.125 803.500
118.594 806.250
120.062 809.750
121.453 814.000
122.844 813.250
124.344 817.750
125.734 827.000
127.219 831.500
128.594 838.500
129.969 847.000
131.453 856.000
132.797 865.000
134.219 873.000
135.656 883.500
137.031 896.500
138.422 909.500
139.828 922.500
141.250 935.000
142.688 949.500
144.094 963.750
145.484 979.500
146.875 996.750
148.328 1013.000
149.672 1031.750
151.016 1054.750
152.453 1077.000
153.875 1100.500
155.250 1127.000
160.859 1252.750
163.641 1333.250
193.172 2225.250
194.578 2214.000
196.047 2203.750
197.422 2192.250
198.859 2189.500
200.281 2222.500
208.766 2644.250
214.578 2332.500
215.984 2322.750
218.734 2757.750
220.156 2781.500
221.578 2772.500
223.016 2790.000
224.453 2769.500
227.281 2886.750
228.703 2919.250
233.812 532.000
235.312 530.250
236.828 529.000
238.000 529.500
242.062 364.000
245.500 332.500
249.125 314.750
250.234 308.500
251.578 304.750
253.359 301.250
254.562 294.750
260.516 279.000
266.766 281.000
267.594 284.000
269.188 286.250
270.328 289.250
272.344 293.500
273.469 299.000
274.578 304.750
285.734 469.250
286.922 469.000
297.891 368.000
299.312 370.750
300.531 374.250
302.297 378.500
303.656 384.000
310.500 288.500
312.141 554.750
313.688 553.000
315.219 553.750
316.625 555.750
318.062 558.000
319.391 561.500
320.703 566.750
322.297 571.250
323.609 576.250
324.875 584.250
326.516 589.750
338.875 230.750
340.297 226.250
341.719 224.250
343.156 224.250
343.562 226.250
353.906 512.500
355.156 523.250
359.984 458.750
1.609 453.500
3.016 449.750
4.328 445.500
5.938 442.500
7.141 443.750
8.625 448.750
14.609 2210.500
16.047 2192.750
17.500 2181.250
18.922 2180.500
22.766 912.750
24.188 912.250
27.516 2179.500
28.953 2181.750
33.219 2202.500
34.734 2214.750
36.156 2226.750
56.781 1217.500
59.781 1150.500
62.875 939.500
64.438 925.750
65.781 926.000
67.250 938.500
69.984 985.750
71.500 967.750
72.938 951.250
74.375 936.500
75.891 921.250
77.312 906.250
78.844 893.500
80.234 880.750
81.672 870.250
83.094 862.500
84.547 852.500
86.078 842.250
87.500 834.000
88.922 827.500
90.453 821.750
91.922 815.750
93.297 809.750
94.797 805.000
96.188 800.500
97.594 795.750
99.141 788.250
100.641 773.000
102.047 758.750
103.578 753.750
105.016 752.750
106.281 754.750
107.859 760.750
109.203 771.000
110.516 779.250
111.984 781.500
113.484 782.500
114.938 779.750
116.359 781.250
117.672 779.750
119.062 783.750
120.641 794.250
122.047 799.250
123.328 807.250
124.750 811.750
126.156 816.250
127.703 822.000
129.062 829.250
130.547 837.000
131.875 845.000
133.281 855.000
134.688 866.000
136.094 876.750
137.516 887.500
138.906 900.250
140.281 915.500
141.797 929.250
143.188 942.500
144.500 958.750
145.938 974.500
147.375 990.000
148.797 1009.000
150.188 1029.750
151.578 1050.750
154.828 830.000
156.250 822.000
161.328 1255.500
172.531 1604.750
186.859 1463.500
192.250 2222.250
193.703 2211.250
195.125 2200.250
196.562 2188.000
198.000 2174.750
207.875 2649.500
217.891 2704.500
219.312 2728.000
220.734 2769.500
222.172 2786.750
223.594 2764.000
227.828 2896.500
232.906 523.000
234.578 521.500
235.844 521.500
246.281 304.750
248.406 297.750
250.234 292.250
250.953 288.250
253.359 284.500
256.906 280.000
260.156 266.000
263.078 266.750
265.344 268.000
265.500 269.000
267.781 271.750
268.719 275.750
269.766 279.500
271.734 283.250
272.922 287.750
284.859 458.750
286.234 459.000
298.719 360.250
299.859 362.500
301.109 366.000
311.391 546.500
313.016 544.000
314.531 544.250
315.938 546.250
317.266 549.500
318.703 553.250
320.156 558.000
321.516 562.250
322.875 567.250
324.203 572.500
325.734 578.250
327.078 586.750
338.734 227.250
340.969 224.250
342.141 223.500
343.828 224.250
354.469 513.250
356.109 524.500
359.328 465.500
0.766 456.750
2.047 453.000
3.812 448.750
5.297 444.250
6.562 442.250
7.812 444.250
9.344 451.500
13.922 2192.750
16.781 2189.250
18.188 2186.500
21.922 919.250
23.375 913.750
24.797 918.750
28.203 2185.500
32.500 2203.000
33.922 2213.750
57.609 1145.000
59.047 1113.250
60.562 1083.750
63.594 939.250
65.094 936.000
67.922 970.500
69.406 953.000
70.875 935.750
72.328 918.500
73.766 902.500
75.281 886.750
76.734 872.000
78.203 860.500
79.641 850.000
81.078 839.000
82.531 828.750
83.859 819.750
85.438 810.750
86.906 802.500
88.203 795.500
89.750 788.250
91.156 781.000
92.531 776.250
93.984 771.500
95.500 767.250
96.906 763.750
98.312 760.000
99.812 757.000
101.344 753.250
102.672 751.250
104.125 750.500
105.641 749.250
107.078 748.000
108.453 747.500
109.844 748.000
111.266 748.500
112.766 749.500
114.203 750.750
115.500 753.500
117.062 757.000
118.344 759.500
119.859 762.250
121.281 765.500
122.672 769.750
124.109 775.000
125.469 781.000
126.891 786.750
128.344 793.750
129.719 801.500
131.125 810.500
132.594 819.500
134.016 827.500
135.297 837.000
136.719 849.250
138.125 862.250
139.594 872.500
140.922 884.250
142.344 898.250
143.812 914.250
145.203 931.250
146.625 948.000
147.906 965.500
149.375 983.750
150.797 1004.750
153.984 816.500
155.438 824.500
157.688 1125.750
160.547 1196.250
161.859 1231.750
187.359 1442.500
192.734 2212.750
194.188 2199.250
195.641 2186.750
197.016 2178.750
206.938 2626.750
212.703 2324.500
214.141 2320.750
216.906 2716.000
218.328 2737.500
219.734 2764.500
221.188 2779.750
222.594 2764.750
225.453 2864.250
226.828 2900.500
231.875 518.500
233.578 517.000
234.891 517.000
244.141 303.250
246.359 294.750
247.797 288.250
249.016 284.750
250.891 281.000
251.344 277.250
259.812 262.250
264.125 261.750
265.812 263.000
266.141 264.500
267.266 267.000
282.281 476.500
283.641 462.500
285.172 452.750
298.625 352.750
300.031 356.000
310.375 541.500
311.641 541.250
313.266 538.750
314.516 538.250
315.875 541.250
317.484 544.500
318.766 549.250
320.188 554.250
321.594 560.250
322.891 566.000
324.422 569.750
325.828 576.250
327.156 585.000
339.656 226.500
341.078 223.500
342.516 223.000
343.812 224.000
354.828 511.250
356.047 522.750
0.734 457.750
2.344 453.250
3.906 450.500
5.047 446.250
6.531 444.250
8.125 446.000
9.266 451.750
13.938 2194.500
15.406 2196.750
16.859 2197.500
18.234 2188.750
22.000 922.250
23.422 916.250
24.906 919.750
28.266 2185.750
32.516 2204.250
33.953 2214.250
56.141 1154.500
57.578 1122.250
59.094 1090.500
60.656 1060.250
63.594 945.000
66.422 974.000
67.891 954.500
69.438 937.500
70.891 918.500
72.266 901.000
73.766 886.250
75.203 873.000
76.781 859.250
78.141 846.250
79.562 837.000
81.047 828.000
82.562 818.250
83.969 809.250
85.484 800.250
86.828 791.250
88.422 784.500
89.766 779.000
91.203 772.750
92.625 768.250
94.141 763.750
95.516 758.250
97.000 753.250
98.516 750.250
99.906 747.750
101.359 745.000
102.797 743.250
104.188 742.750
105.703 741.500
107.000 739.500
108.516 739.750
109.969 740.750
111.250 742.000
112.812 742.750
114.219 743.500
115.547 746.000
117.047 749.250
118.547 752.500
119.922 756.250
121.266 760.000
122.828 763.500
124.109 768.500
125.484 774.750
126.938 780.250
128.391 786.750
129.844 794.500
131.219 802.750
132.516 812.250
134.031 821.000
135.438 830.000
136.781 841.250
138.250 854.000
139.609 865.500
141.047 877.000
142.422 890.000
143.719 905.500
145.141 923.750
146.547 940.000
148.016 957.500
149.359 977.250
152.609 821.000
154.031 822.250
159.203 1153.500
163.297 1267.500
186.000 1449.250
191.344 2220.250
192.797 2210.500
194.219 2197.500
195.641 2185.500
197.078 2176.000
206.938 2641.250
212.719 2195.000
216.891 2717.000
218.297 2739.000
219.719 2765.250
221.141 2798.000
222.594 2780.500
225.391 2860.500
230.656 513.500
232.078 511.750
233.547 510.250
244.578 288.500
246.688 282.250
247.219 277.500
249.391 273.500
250.219 270.000
257.094 266.250
262.359 254.250
264.031 253.750
265.359 256.500
267.359 259.750
268.469 262.250
270.000 266.000
283.922 446.750
285.094 445.750
298.922 346.500
308.938 535.500
310.438 535.750
311.812 536.000
313.078 534.250
314.688 533.500
316.094 535.750
317.297 539.500
318.703 544.000
320.312 548.500
321.734 554.750
323.062 561.000
324.469 565.000
325.953 570.750
327.328 579.500
338.250 232.000
338.234 226.250
341.094 223.000
341.031 222.500
343.953 223.750
345.391 225.750
354.781 510.750
356.203 522.250
0.734 459.000
2.250 453.250
3.938 450.500
5.062 447.500
6.484 445.500
8.109 446.250
9.453 451.500
16.859 2192.500
18.250 2188.250
22.047 922.750
23.438 916.750
24.859 924.250
28.266 2186.250
32.531 2207.000
56.172 1140.250
59.062 1079.000
63.547 956.750
65.000 967.750
66.500 967.750
67.984 949.500
69.391 930.250
70.844 914.250
72.312 898.250
73.812 883.500
75.297 872.000
76.688 858.750
78.125 845.750
79.594 834.750
81.062 826.000
82.641 818.000
84.031 808.750
85.484 799.500
86.938 791.000
88.297 783.750
89.750 777.000
91.219 771.250
92.797 767.500
94.078 763.500
95.625 758.250
97.109 753.500
98.500 750.250
99.953 747.750
101.422 745.250
102.844 743.500
104.250 743.000
105.750 741.750
107.188 741.250
108.438 741.500
109.938 741.250
111.438 742.250
112.797 743.000
114.297 745.750
115.703 743.500
117.078 747.000
118.531 756.000
119.953 758.750
121.406 763.250
122.672 768.000
124.109 773.250
125.547 777.250
127.062 783.250
128.422 792.000
129.812 799.500
131.234 808.500
132.609 818.250
134.094 826.750
135.484 835.500
136.875 847.500
138.312 860.250
139.672 871.500
141.047 885.000
142.516 899.750
143.844 915.750
145.281 932.250
146.688 949.750
148.094 967.750
152.578 825.750
157.922 1132.750
160.609 1204.500
162.078 1239.250
186.172 1439.000
191.531 2214.500
192.953 2199.750
194.422 2188.000
195.812 2178.750
205.734 2638.250
215.719 2688.000
217.125 2711.750
218.578 2755.500
220.000 2772.500
221.422 2783.000
222.844 2776.500
229.500 509.750
231.109 507.250
232.484 505.500
243.062 282.000
245.156 275.500
246.438 270.250
248.547 266.750
249.156 264.250
255.906 260.000
262.969 248.000
262.281 247.750
263.859 250.000
265.062 252.250
281.000 472.750
284.016 438.750
285.516 435.000
299.391 339.500
300.859 342.750
307.875 530.500
309.281 530.000
310.672 529.500
312.188 529.000
313.578 527.750
314.953 527.250
316.531 529.750
317.906 533.250
319.094 538.000
320.641 543.250
322.094 551.500
323.359 556.250
324.766 561.000
326.156 569.500
327.625 578.250
337.203 237.000
338.625 230.250
338.844 225.000
341.484 222.000
342.906 221.500
344.344 222.500
345.797 225.000
347.219 228.750
355.266 508.250
356.578 520.000
1.156 459.000
2.531 453.250
3.953 450.500
5.781 447.500
6.906 444.500
8.438 445.500
9.875 451.500
17.234 2193.000
18.656 2195.250
22.438 923.000
23.812 918.250
25.297 919.500
28.656 2163.500
30.078 2168.250
31.500 2204.500
32.891 2214.000
52.266 1216.750
55.156 1141.250
56.609 1109.500
58.078 1078.500
59.641 1051.250
62.562 989.500
64.047 973.250
65.531 960.000
66.953 941.000
68.453 922.500
69.906 905.000
71.438 888.000
72.844 873.500
74.219 860.500
75.703 846.750
77.203 835.000
78.688 825.250
80.156 816.750
81.578 805.750
83.047 795.500
84.500 788.250
85.922 780.250
87.359 771.500
88.766 764.250
90.266 759.000
91.656 754.000
93.219 749.250
94.656 743.750
96.047 739.500
97.484 736.000
98.969 732.750
100.391 731.250
101.828 730.750
103.250 729.500
104.656 727.250
106.016 726.000
107.578 726.000
108.922 726.750
110.312 728.000
111.859 729.000
113.188 723.750
114.672 726.000
116.109 734.000
117.500 736.750
118.828 740.750
120.297 744.250
121.781 748.000
123.078 753.000
124.625 758.750
125.969 764.250
127.422 771.250
128.828 779.250
130.234 785.750
131.578 793.750
132.938 803.750
134.375 813.500
135.750 824.250
137.250 835.500
138.641 848.000
140.062 860.750
141.438 872.250
142.859 886.750
144.219 903.250
145.625 920.750
147.016 938.250
148.375 957.000
151.469 831.750
156.734 1096.250
158.234 1127.000
162.375 1237.750
185.016 1448.250
190.391 2219.250
191.812 2203.750
193.219 2191.250
194.688 2181.000
196.078 2181.250
205.969 2640.250
215.938 2720.500
217.359 2743.750
218.766 2764.250
220.188 2786.000
221.625 2761.000
228.156 506.250
229.734 503.750
231.141 502.250
241.078 281.750
242.125 274.000
243.906 267.750
245.312 264.250
247.375 261.500
249.062 257.750
253.219 248.500
254.766 249.500
258.766 249.000
262.328 239.750
264.578 241.750
268.469 254.750
269.266 258.750
282.922 432.250
284.594 431.000
298.297 330.000
299.438 333.000
307.953 523.750
309.672 522.000
311.078 520.250
312.297 519.750
313.703 519.500
315.250 520.500
316.750 522.500
317.922 525.250
319.578 531.000
320.953 538.000
322.203 544.500
323.625 548.750
325.141 556.500
326.328 564.500
336.703 234.000
337.922 227.500
339.344 223.000
341.656 220.750
342.531 220.750
343.203 222.000
344.828 224.750
354.078 494.000
355.406 506.750
356.547 518.000
1.250 459.250
2.859 453.500
4.125 450.000
5.672 446.250
7.219 443.750
8.484 445.250
10.125 451.250
18.766 2182.000
22.609 920.500
23.938 922.500
25.375 927.000
31.609 2213.250
53.781 1129.750
55.281 1096.750
56.766 1066.250
58.188 1039.000
59.766 1014.000
61.234 989.500
62.688 966.500
64.125 948.750
65.547 931.750
67.047 911.500
68.547 892.750
70.016 877.250
71.438 863.000
72.891 850.250
74.422 837.500
75.781 825.750
77.219 815.250
78.781 804.750
80.281 795.000
81.625 785.500
83.062 776.750
84.641 769.000
86.062 761.750
87.438 754.750
88.984 748.500
90.312 744.000
91.766 738.750
93.266 734.000
94.656 730.500
96.062 728.250
97.516 725.250
99.016 722.500
100.500 721.500
101.875 720.000
103.297 718.500
104.750 718.000
106.109 718.000
107.547 718.000
109.078 718.750
110.500 716.000
111.906 716.750
113.281 722.000
114.703 725.000
116.203 728.250
117.547 731.250
119.078 734.500
120.406 738.250
121.875 743.750
123.250 749.500
124.781 755.000
126.156 761.250
127.438 769.000
128.938 776.750
130.312 783.250
131.703 791.750
133.062 802.250
134.516 814.000
135.953 824.500
137.312 835.250
138.703 848.250
140.234 861.000
141.625 873.000
143.031 888.500
144.344 905.750
145.766 922.250
147.172 940.500
150.203 840.250
155.500 1077.250
156.922 1104.500
158.328 1136.500
159.750 1171.500
161.062 1207.750
185.156 1429.750
190.547 2207.500
191.953 2195.750
193.391 2185.250
194.844 2173.750
204.734 2641.250
214.719 2712.250
216.188 2729.500
217.594 2761.500
219.016 2783.000
220.453 2746.250
227.047 502.000
228.703 500.000
239.844 269.750
241.734 263.750
243.031 258.750
245.859 254.500
246.172 251.250
254.844 242.750
255.047 245.000
260.422 243.250
264.828 239.250
265.266 240.750
267.438 244.000
267.578 247.250
281.703 420.750
283.453 423.750
296.047 317.250
297.281 320.250
298.609 323.500
308.359 514.000
309.828 513.000
311.219 512.750
312.656 513.750
314.234 513.500
315.703 513.750
317.094 516.750
318.516 521.500
319.797 527.250
321.328 532.000
322.516 538.250
324.109 546.250
325.391 552.750
326.797 558.500
338.547 225.500
340.594 221.750
342.031 220.000
343.453 220.250
354.328 492.750
355.844 505.000
357.078 517.000
1.812 456.750
3.109 451.000
4.594 446.500
6.094 443.250
7.594 442.000
8.984 444.250
10.422 450.750
16.406 2193.750
17.828 2188.500
19.281 2184.000
23.016 920.500
24.484 920.750
27.844 2185.750
29.266 2186.250
30.688 2208.750
32.125 2222.750
55.844 1085.750
57.328 1057.000
58.844 1029.750
60.250 1006.000
61.734 981.500
63.172 960.500
64.656 941.250
66.141 920.000
67.688 900.750
69.078 879.750
70.625 865.250
72.047 854.500
73.547 838.500
74.906 827.000
76.359 819.000
77.891 807.500
79.234 793.500
80.688 784.500
82.266 776.750
83.750 768.250
85.047 761.000
86.578 753.750
88.109 746.500
89.484 742.000
91.016 736.750
92.312 732.500
93.797 728.250
95.297 722.250
96.781 718.500
98.141 715.500
99.547 714.000
100.969 713.750
102.406 712.500
103.969 710.250
105.359 708.750
106.859 708.500
108.125 704.750
109.594 706.000
111.062 710.750
112.422 712.000
113.922 714.000
115.391 716.750
116.781 720.000
118.156 723.500
119.656 726.500
121.000 730.000
122.391 733.750
123.781 739.250
125.234 746.500
126.719 753.250
128.188 759.750
129.562 766.250
130.969 774.500
132.250 783.250
133.656 792.500
135.062 803.250
136.469 815.000
137.953 826.250
139.391 838.500
140.719 852.500
142.062 865.750
143.578 878.500
144.875 895.000
146.266 913.250
149.266 846.250
154.656 1041.750
156.062 1069.250
157.484 1098.000
158.797 1129.750
181.125 2035.000
184.281 1430.250
189.625 2213.500
191.062 2199.750
192.516 2189.750
193.953 2174.500
198.234 2146.250
203.844 2633.750
213.844 2697.500
215.266 2715.000
216.672 2753.000
218.125 2771.750
219.562 2760.000
220.953 2758.750
226.328 499.000
227.578 497.250
237.188 270.250
238.734 263.250
242.156 257.000
243.125 252.750
243.703 249.000
246.203 245.500
256.750 237.000
256.844 237.000
259.641 239.000
260.438 239.000
263.922 231.250
263.609 234.250
265.172 237.750
267.453 241.500
268.531 245.750
279.516 441.250
282.594 417.750
297.641 315.500
299.656 318.500
307.469 508.750
309.062 508.000
310.562 507.000
311.719 507.000
313.203 507.500
314.672 508.250
315.969 510.500
317.422 514.000
318.781 519.250
320.391 524.750
321.688 533.250
323.000 540.500
324.500 543.750
325.766 551.250
327.344 560.500
336.734 228.250
339.094 223.250
340.000 220.000
342.469 219.000
343.891 220.250
354.797 495.750
356.234 504.250
357.656 513.500
2.156 454.500
3.609 450.250
5.234 445.500
6.766 442.000
8.078 442.250
9.312 444.500
10.734 452.250
16.844 2193.750
18.234 2187.500
22.047 929.250
23.422 921.250
24.922 919.750
31.125 2208.500
54.859 1073.500
56.266 1044.750
57.781 1017.500
59.250 993.000
60.781 969.750
62.172 947.750
63.672 927.500
65.156 907.000
66.703 886.500
68.156 871.750
69.562 856.500
71.109 839.250
72.531 826.250
73.906 814.750
75.359 802.500
76.969 790.500
78.281 780.500
79.844 772.750
81.219 764.250
82.828 755.000
84.219 745.500
85.609 737.250
87.109 731.500
88.594 727.250
89.938 721.750
91.391 716.250
92.922 712.000
94.344 707.250
95.734 704.250
97.312 701.750
98.672 697.750
100.094 696.250
101.594 695.500
102.953 694.750
104.438 691.250
105.969 690.250
107.406 693.000
108.703 693.000
110.125 693.750
111.594 695.000
112.891 696.250
114.516 699.250
115.938 702.000
117.312 704.500
118.688 708.250
120.188 712.500
121.438 717.750
123.016 723.250
124.438 727.750
125.875 733.250
127.281 740.000
128.578 747.500
129.969 755.000
131.422 762.750
132.750 772.500
134.219 781.750
135.578 791.750
136.938 803.250
138.391 815.500
139.797 827.750
141.172 840.500
142.625 855.000
143.953 869.000
145.469 883.500
153.766 1006.500
155.125 1030.750
156.594 1057.500
157.922 1086.250
163.453 1236.500
170.594 1294.250
190.141 2208.000
191.562 2195.250
192.984 2183.000
194.406 2212.250
212.875 2694.250
214.297 2721.500
215.672 2737.250
217.109 2759.750
218.562 2770.000
219.984 2742.250
226.797 495.750
228.219 494.750
236.344 266.000
238.547 258.250
241.094 253.000
242.922 248.750
242.734 244.500
245.781 241.250
250.266 236.000
254.062 231.000
256.406 231.000
261.500 232.750
261.344 230.750
281.547 414.500
283.062 412.000
295.391 307.250
297.094 309.000
298.391 312.000
299.859 315.750
307.812 505.000
309.406 504.000
310.750 504.000
312.109 504.250
313.578 504.000
315.031 504.750
316.391 507.250
317.953 510.250
319.438 515.750
320.734 523.500
322.047 531.250
323.531 537.250
324.812 543.250
326.422 548.500
337.141 232.500
338.547 226.250
338.766 221.500
340.844 219.000
342.828 218.750
344.266 220.000
355.234 497.000
356.594 506.750
357.875 510.500
1.344 461.500
2.797 453.250
4.297 447.750
5.734 443.250
7.062 442.500
8.406 443.250
15.734 2189.500
17.203 2188.250
18.641 2192.250
22.375 923.250
23.844 926.500
25.172 930.000
53.703 1087.750
55.203 1059.750
56.656 1031.000
58.125 1003.500
59.641 977.500
61.188 953.500
62.672 932.250
64.141 913.000
65.609 893.750
66.969 876.500
68.500 861.500
69.906 845.750
71.469 830.750
72.906 817.750
74.438 805.000
75.891 794.000
77.234 784.250
78.688 775.000
80.266 766.750
81.672 758.250
83.172 748.500
84.547 739.500
86.031 733.000
87.484 728.250
88.953 722.000
90.438 716.000
91.891 711.000
93.219 705.750
94.781 702.500
96.141 699.750
97.578 696.250
99.047 694.000
100.547 693.250
101.984 692.000
103.438 689.500
104.875 689.250
106.219 689.250
107.656 689.250
109.000 690.250
110.453 691.500
111.969 693.000
113.344 696.000
114.844 698.250
116.156 700.000
117.688 703.250
119.047 707.250
120.453 711.250
121.969 715.750
123.297 721.500
124.797 727.250
126.125 733.250
127.547 740.000
128.984 747.000
130.406 755.250
131.828 764.250
133.172 773.250
134.562 782.500
135.922 793.500
137.281 805.750
138.688 817.500
140.109 830.500
141.516 844.000
142.891 859.000
144.344 873.500
145.688 888.000
148.688 856.500
154.062 1012.000
155.547 1039.000
156.844 1068.000
158.297 1100.000
159.719 1133.750
162.453 1209.500
168.125 1322.250
180.516 2040.500
183.719 1427.500
189.047 2217.250
190.484 2201.250
191.906 2193.000
193.328 2188.500
203.203 2638.250
210.422 2287.000
213.203 2684.250
214.594 2705.500
216.047 2750.000
217.438 2760.000
218.875 2763.750
220.312 2750.000
225.531 494.500
227.141 493.000
237.234 256.750
238.562 250.250
239.797 246.000
241.406 242.250
242.844 239.000
256.984 235.500
257.641 232.000
260.422 232.500
262.391 225.000
278.875 432.250
282.109 409.250
295.766 304.750
297.625 306.500
298.484 308.750
300.031 312.000
305.531 497.500
307.000 501.000
308.484 500.250
309.609 499.750
311.172 499.750
312.516 500.750
314.125 500.750
315.406 500.750
316.781 503.500
318.375 507.250
319.750 513.000
321.062 519.750
322.453 526.000
323.859 532.000
325.234 539.500
326.625 545.250
337.531 227.750
338.969 222.750
339.844 219.500
340.516 217.250
343.266 217.500
344.703 219.000
354.125 486.750
355.500 497.250
356.812 507.500
358.484 514.000
1.828 458.750
3.125 451.750
4.516 447.000
5.938 442.750
7.312 441.250
8.828 443.000
10.188 447.000
16.172 2185.750
17.578 2186.750
19.000 2189.500
22.766 922.000
24.266 919.500
25.672 923.750
29.000 2195.500
30.438 2200.500
54.234 1064.000
55.688 1034.250
57.109 1007.000
58.625 981.000
60.156 957.250
61.641 936.500
63.031 917.250
64.625 896.000
66.078 875.000
67.453 859.000
68.922 842.500
70.500 827.250
71.828 815.000
73.312 803.000
74.844 789.750
76.375 778.000
77.828 768.000
79.281 758.500
80.719 749.500
82.156 740.750
83.547 733.250
85.078 726.250
86.500 719.000
87.969 711.500
89.312 706.000
90.812 700.750
92.234 697.250
93.781 694.000
95.141 689.000
96.531 687.000
98.062 685.000
99.531 678.750
100.953 677.000
102.266 678.500
103.719 677.250
105.281 677.250
106.703 678.000
108.188 678.500
109.562 678.000
110.984 680.000
112.266 681.250
113.734 683.250
115.266 686.250
116.531 688.750
117.953 692.250
119.438 695.500
120.781 699.500
122.250 704.250
123.750 709.500
125.094 714.750
126.578 721.500
127.891 728.750
129.250 736.250
130.672 744.000
132.156 752.500
133.594 762.000
135.000 772.000
136.359 782.000
137.719 794.000
139.219 807.500
140.578 820.500
141.922 833.000
143.422 848.500
144.781 864.250
146.188 879.750
147.625 876.000
153.203 983.250
154.562 1008.250
155.969 1033.750
157.406 1061.000
158.750 1091.750
160.125 1126.000
162.953 1206.500
168.516 1317.250
169.969 1295.750
179.516 2030.750
189.484 2205.250
190.922 2195.500
192.328 2184.000
193.766 2210.500
212.203 2699.250
213.625 2718.000
215.031 2735.500
216.500 2758.000
217.891 2774.000
219.344 2745.500
224.781 492.750
226.219 490.750
236.016 254.250
239.484 248.250
240.906 242.500
241.000 238.750
243.078 235.500
253.328 224.250
254.359 224.000
256.609 226.000
258.031 227.000
259.469 229.500
259.766 232.000
265.172 230.750
266.609 231.250
277.766 445.000
280.812 406.250
282.250 405.750
295.359 298.750
296.328 300.750
297.922 303.000
299.672 306.250
307.578 496.500
308.719 496.500
310.344 496.750
311.578 497.000
313.109 497.000
314.594 497.500
315.812 499.250
317.531 502.500
318.859 507.000
320.172 512.000
321.562 519.750
322.906 527.750
324.328 532.500
325.750 539.250
327.078 548.750
336.453 232.750
339.438 220.250
340.875 217.500
341.047 216.750
343.734 217.750
354.594 489.500
356.125 498.750
357.422 506.000
1.938 455.000
3.641 450.250
5.047 445.500
6.609 442.750
7.781 442.500
9.188 444.250
10.844 449.500
16.641 2160.250
18.078 2186.250
19.484 2181.750
23.188 932.000
24.750 929.000
51.719 1080.750
54.750 1018.000
56.203 990.000
57.703 962.750
59.109 941.000
60.641 919.000
62.141 896.250
63.641 875.750
65.078 857.750
66.500 841.500
67.938 825.250
69.391 810.500
70.984 795.000
72.328 782.750
73.859 772.500
75.312 760.750
76.734 750.750
78.312 740.000
79.625 730.750
81.250 722.500
82.594 713.500
84.078 705.750
85.438 699.750
86.859 694.500
88.391 688.750
89.781 684.250
91.234 680.000
92.766 675.250
94.109 669.250
95.672 665.000
97.000 660.250
98.531 659.250
99.922 660.500
101.375 659.000
102.719 658.500
104.156 658.000
105.641 657.250
107.047 656.750
108.594 657.250
109.953 659.000
111.312 660.000
112.703 661.250
114.250 663.750
115.672 666.500
116.922 670.250
118.484 674.500
119.906 678.000
121.188 682.250
122.672 687.000
124.047 691.750
125.484 697.750
126.969 704.000
128.344 711.250
129.781 719.250
131.203 726.500
132.484 734.750
133.891 744.250
135.406 754.500
136.781 765.000
138.125 776.000
139.469 788.750
141.031 802.000
142.359 815.750
143.797 830.500
145.094 846.500
146.484 862.250
147.953 867.500
150.766 918.500
152.047 942.750
153.562 965.500
154.828 988.750
156.297 1013.750
157.641 1042.500
159.031 1074.500
161.828 1146.500
179.750 2027.500
189.703 2211.500
191.141 2198.000
192.562 2187.000
202.438 2633.250
212.453 2707.250
213.891 2731.250
215.281 2735.500
216.734 2754.500
218.156 2772.750
219.578 2747.000
224.859 492.750
226.375 491.750
234.750 256.250
236.422 249.250
238.406 244.500
240.406 239.500
242.016 234.750
243.609 232.500
248.203 223.500
249.312 226.250
251.047 227.000
255.328 225.750
256.750 225.000
258.188 225.750
258.734 228.250
261.047 228.500
265.312 228.000
266.734 231.000
281.281 403.250
282.438 401.250
295.609 298.250
296.703 299.750
298.078 302.000
299.578 305.000
307.703 495.250
308.969 495.250
310.281 496.000
311.828 495.750
313.250 496.000
314.703 496.250
316.188 497.750
317.391 501.000
318.859 505.500
320.297 510.500
321.656 519.000
323.094 527.250
324.406 532.000
325.812 539.000
327.297 548.750
337.125 225.500
339.500 220.250
340.938 217.250
342.359 216.500
343.781 217.500
354.531 486.000
356.125 498.500
357.578 500.000
359.188 489.750
2.250 455.250
3.391 450.500
4.906 446.750
6.609 444.500
7.734 443.250
9.281 444.250
10.781 450.750
16.625 2183.250
18.062 2185.500
19.516 2182.250
23.281 923.000
24.719 919.500
26.094 924.750
28.922 924.750
53.328 1029.500
54.734 1000.750
56.188 975.000
57.688 949.750
59.234 925.250
60.703 902.750
62.188 881.250
63.672 863.000
65.141 845.500
66.484 828.250
68.078 814.250
69.531 799.250
70.984 786.000
72.359 774.750
73.797 763.750
75.344 753.250
76.766 743.250
78.188 733.750
79.797 723.750
81.250 715.000
82.531 708.000
84.109 701.500
85.438 694.000
86.984 688.500
88.344 686.500
89.844 682.000
91.219 675.250
92.641 672.250
94.266 669.000
95.609 665.000
97.047 662.750
98.562 661.250
99.953 660.000
101.453 658.500
102.828 658.000
104.203 657.500
105.672 657.000
107.062 656.750
108.562 657.750
109.969 658.750
111.422 661.250
112.719 663.250
114.234 664.250
115.719 667.000
117.062 670.750
118.391 676.750
119.891 682.500
121.203 686.250
122.750 691.250
124.109 696.750
125.594 702.250
126.984 708.750
128.406 716.500
129.859 724.250
131.172 732.750
132.547 742.000
133.938 751.250
135.391 762.500
136.781 774.000
138.109 784.750
139.453 797.750
140.984 811.250
142.219 825.500
143.750 841.000
145.047 857.250
146.516 866.000
147.969 865.750
150.656 932.750
152.047 957.750
153.484 982.250
154.828 1007.750
156.156 1033.500
157.562 1061.750
168.703 1317.500
188.219 2213.500
189.656 2209.500
191.094 2196.500
192.547 2186.000
202.406 2631.250
208.234 2304.750
209.656 2300.250
212.438 2693.750
213.828 2739.500
215.281 2757.250
216.672 2754.500
218.141 2788.250
225.016 488.750
234.719 249.250
236.219 243.250
237.984 238.250
239.875 234.250
242.141 230.000
256.734 221.250
258.141 223.000
258.938 224.750
260.047 226.250
262.422 228.500
264.344 224.000
278.016 429.750
281.266 398.500
282.781 396.750
296.359 295.000
297.953 298.000
299.172 302.000
307.484 495.000
308.953 495.000
310.406 495.750
311.750 494.500
313.391 493.750
314.875 495.250
316.250 496.500
317.641 498.250
318.938 501.750
320.234 506.250
321.797 510.750
323.047 516.250
324.375 524.000
325.875 533.000
327.344 541.000
335.594 229.750
338.047 224.500
338.234 219.000
340.906 215.750
342.328 214.750
343.766 215.000
344.078 216.750
357.578 498.750
2.188 457.750
3.453 452.500
4.859 447.750
6.312 444.500
8.062 443.500
9.312 444.500
10.594 449.000
15.219 2194.500
16.656 2182.500
18.062 2186.500
19.531 2193.250
23.297 925.250
24.766 923.750
30.938 2219.000
54.656 1088.500
56.047 1060.000
57.547 1034.000
59.078 1008.250
60.562 983.500
61.984 962.500
63.500 942.500
64.953 922.750
66.375 906.000
67.859 888.250
69.344 871.500
70.781 857.250
72.312 841.500
73.703 828.250
75.125 817.250
76.719 806.000
78.188 794.250
79.531 784.750
81.094 776.750
82.422 769.000
83.938 760.750
85.438 752.750
86.891 746.500
88.250 740.750
89.734 735.750
91.188 731.000
92.734 726.000
94.141 721.000
95.547 718.000
97.000 715.000
98.484 711.750
99.781 709.750
101.281 708.000
102.859 701.750
104.250 700.750
105.578 705.000
107.016 704.750
108.453 705.750
109.875 707.250
111.344 708.250
112.812 709.500
114.172 711.750
115.562 715.000
116.891 719.250
118.328 723.250
119.859 726.250
121.297 730.500
122.578 734.750
124.094 739.250
125.547 745.500
126.906 753.250
128.391 760.750
129.672 766.500
131.188 774.750
132.500 783.750
133.875 793.500
135.281 806.000
136.656 818.000
138.156 828.250
139.562 840.500
140.906 856.500
142.328 870.000
143.766 882.750
145.125 899.500
152.031 999.000
153.422 1022.000
154.891 1049.000
156.281 1077.250
158.984 1142.750
161.859 1218.500
179.891 2055.500
188.438 2216.250
189.906 2199.500
191.328 2184.250
192.734 2180.250
202.672 2611.500
212.625 2750.000
214.047 2726.000
215.500 2749.250
216.906 2767.750
218.344 2741.750
225.281 485.750
233.500 250.000
235.672 244.250
238.453 239.000
239.875 234.000
240.547 230.000
241.219 226.500
252.719 217.500
254.141 218.000
255.578 218.500
256.000 219.500
258.484 221.250
259.406 223.250
261.344 225.500
262.781 228.250
264.219 231.500
278.328 429.750
281.547 399.250
283.094 397.000
295.891 291.000
297.766 293.750
298.750 296.750
299.641 300.500
301.797 304.500
304.922 495.750
306.688 495.500
308.062 494.000
309.234 493.750
310.953 494.000
312.312 493.250
313.766 492.750
315.219 494.250
316.500 495.250
317.875 497.000
319.219 501.250
320.719 505.750
321.969 513.250
323.625 519.750
325.031 525.250
326.375 532.000
337.719 220.500
339.422 217.000
341.328 214.250
342.641 213.250
344.203 214.750
345.188 217.000
355.125 477.250
359.703 478.500
2.766 455.250
4.234 448.750
5.641 445.500
7.031 444.500
8.297 443.500
9.641 445.500
11.297 453.750
17.141 2187.500
18.594 2191.000
22.359 930.750
23.750 923.500
25.250 922.750
28.594 2187.250
30.000 2214.750
52.125 1128.750
53.578 1096.500
55.031 1065.750
56.562 1036.750
58.000 1010.000
59.594 984.750
61.047 962.750
62.516 943.000
64.031 922.250
65.453 902.750
69.797 855.500
71.375 839.250
72.781 826.250
74.281 811.000
75.734 800.500
77.109 794.250
78.594 784.500
80.062 775.750
81.594 767.000
82.906 758.250
84.469 750.000
85.906 742.500
87.312 736.500
88.703 731.500
90.125 726.500
91.578 722.000
93.047 718.250
94.609 714.250
96.016 710.750
97.484 708.250
98.812 706.000
100.297 704.250
101.828 699.750
103.203 699.250
104.547 701.500
106.094 700.750
107.359 700.750
108.922 701.250
110.328 702.500
111.656 705.000
113.047 707.750
114.609 710.750
115.969 713.750
117.469 717.750
118.891 722.250
120.297 727.000
121.688 732.000
123.062 737.250
124.484 743.250
125.922 748.750
127.297 755.750
128.656 764.250
130.219 772.750
131.594 781.250
132.922 790.500
134.328 801.750
135.734 813.250
137.141 824.250
138.438 835.750
139.891 849.500
141.328 863.250
142.766 877.500
144.078 893.750
147.031 867.500
151.109 993.500
152.484 1015.000
153.812 1041.500
155.234 1068.500
158.062 1131.000
178.875 2035.500
188.859 2210.500
190.281 2197.250
191.688 2175.250
201.578 2630.500
211.516 2695.250
212.953 2710.750
214.375 2730.500
215.781 2754.500
217.203 2776.500
218.625 2747.500
233.359 249.000
235.891 242.000
237.312 235.750
238.734 231.500
239.906 227.500
241.578 224.000
250.141 214.750
251.578 214.750
253.000 215.000
253.922 215.500
255.844 216.500
256.266 218.250
258.750 219.500
260.188 221.500
261.609 224.500
261.578 227.750
263.109 231.250
265.906 235.000
277.406 426.500
278.453 428.250
281.766 396.000
283.391 396.000
284.516 402.250
297.438 292.500
298.969 296.250
300.234 299.250
303.938 494.000
305.406 499.750
306.609 496.500
308.281 493.750
309.750 492.500
311.047 491.500
312.656 491.000
313.953 491.000
315.484 492.250
316.859 494.250
318.219 496.250
319.484 499.250
321.031 504.750
322.250 510.500
323.734 516.750
325.281 523.750
326.531 530.250
337.359 224.250
338.797 218.750
340.234 215.250
340.906 212.750
341.922 212.750
344.516 214.500
355.438 476.000
359.938 472.500
1.328 460.750
2.812 453.500
4.344 448.750
5.812 443.750
7.125 441.500
8.641 443.500
17.469 2185.750
18.875 2182.000
22.641 920.750
24.062 919.750
30.297 2222.750
54.062 1115.250
55.438 1084.500
56.969 1057.000
58.375 1030.250
59.938 1004.500
61.469 980.000
62.922 959.000
64.438 940.000
65.828 921.000
67.344 901.500
68.812 883.500
70.219 869.000
71.766 854.250
73.141 840.500
74.703 829.250
76.094 818.250
77.688 805.750
79.062 794.500
80.578 785.250
81.984 776.500
83.375 769.000
84.906 761.500
86.266 754.000
87.781 747.000
89.203 740.750
90.656 736.000
92.094 732.000
93.484 728.250
95.016 723.750
96.453 720.500
97.797 718.250
99.250 715.250
100.719 713.000
102.297 709.250
103.562 709.500
105.016 711.000
106.531 709.250
107.859 709.500
109.297 710.500
110.797 711.500
112.188 714.250
113.500 717.250
114.984 719.000
116.344 721.500
117.797 724.750
119.297 728.750
120.766 733.000
122.109 737.000
123.578 743.000
124.922 749.750
126.359 756.750
127.781 764.250
129.250 771.250
130.594 778.500
131.969 786.500
133.359 796.750
134.750 809.250
136.234 820.750
137.578 831.000
138.969 844.000
140.438 859.000
141.812 872.250
143.266 885.500
144.641 902.500
151.594 1003.000
152.969 1026.000
154.406 1052.750
155.812 1080.250
158.531 1145.500
161.375 1223.500
178.078 2019.500
179.406 2055.250
187.938 2213.250
189.391 2201.000
190.797 2188.500
192.250 2181.000
202.109 2620.000
212.062 2701.500
213.516 2723.500
214.938 2744.500
216.359 2765.750
217.781 2741.250
234.438 245.500
235.703 239.250
236.812 233.250
239.328 228.250
240.766 225.000
241.016 222.000
242.688 221.500
248.656 215.250
250.766 215.000
252.203 215.000
253.625 215.250
254.219 216.000
256.484 217.500
257.922 219.250
258.844 221.250
260.781 223.750
261.031 226.250
281.125 395.500
282.188 393.750
283.609 397.750
296.766 289.250
297.875 292.250
299.047 296.000
301.000 300.000
304.375 496.000
305.797 494.750
307.203 492.000
308.812 490.750
310.078 489.500
311.719 488.250
313.047 488.250
314.359 488.500
315.859 489.500
317.406 492.250
318.859 495.500
320.125 499.250
321.672 503.500
322.797 509.500
324.281 515.750
325.797 523.500
336.484 226.750
336.844 221.000
339.359 216.250
340.797 213.750
342.219 212.500
343.656 212.750
345.078 214.750
354.812 474.250
356.016 477.500
357.391 487.500
2.078 457.500
3.422 452.000
5.078 447.750
6.250 443.750
7.906 442.250
9.000 444.000
10.531 449.000
16.531 2187.000
17.922 2187.500
19.391 2188.750
23.188 926.500
24.594 923.750
30.781 2219.500
53.125 1130.750
54.547 1098.500
56.016 1069.000
57.484 1040.250
58.984 1016.000
60.516 994.750
61.984 972.750
63.500 951.500
64.922 934.000
66.453 918.250
69.375 876.500
70.812 868.250
72.391 854.250
73.797 840.250
75.297 830.000
76.641 820.000
78.219 809.000
79.719 799.000
81.141 789.000
82.516 780.250
84.000 773.250
85.391 765.750
86.891 759.000
88.250 752.500
89.688 747.500
91.141 743.750
92.609 739.250
94.031 735.500
95.453 732.000
97.000 729.000
98.297 727.500
99.781 725.750
101.203 723.500
102.750 722.500
104.062 718.750
105.547 719.250
106.906 723.250
108.453 723.750
109.906 724.500
111.172 726.250
112.625 728.500
114.141 730.250
115.641 731.750
117.047 734.500
118.453 738.500
119.891 742.750
121.281 748.500
122.609 754.500
124.000 760.500
125.469 766.500
126.938 772.500
128.297 780.500
129.781 788.250
131.156 797.750
132.547 808.750
133.859 818.750
135.375 829.000
136.750 840.500
138.141 854.500
139.562 868.000
140.984 880.750
142.422 895.500
143.750 912.250
146.750 870.500
150.781 1010.000
152.203 1032.000
153.547 1057.250
154.906 1083.500
156.266 1112.500
157.719 1146.250
178.562 2037.250
188.484 2208.250
189.953 2195.000
191.391 2182.250
201.234 2641.000
211.250 2719.750
212.688 2712.500
214.109 2734.500
215.547 2755.000
216.953 2786.500
234.219 241.500
235.641 235.500
236.047 229.750
238.484 225.750
239.422 222.500
240.766 221.500
242.750 222.000
247.859 212.500
249.906 212.000
251.328 212.000
251.625 212.250
254.188 213.250
254.672 214.500
257.047 216.000
258.469 218.000
277.172 420.250
278.375 425.250
281.547 390.750
282.766 393.000
295.531 284.750
297.594 288.000
298.641 291.000
299.609 294.750
303.516 488.500
304.953 493.500
306.469 492.000
308.016 489.500
309.469 487.750
310.703 486.250
312.375 485.750
313.859 485.500
315.047 486.500
316.438 489.000
318.031 491.500
319.391 494.000
320.688 499.250
321.984 510.250
323.500 515.500
324.812 517.250
326.453 525.500
337.094 224.500
338.531 219.000
339.953 215.000
341.406 212.000
342.828 211.750
344.250 213.250
345.688 215.250
355.312 474.750
359.609 473.500
2.750 453.000
4.047 448.500
5.594 443.500
6.922 441.250
8.500 441.000
9.844 443.000
11.125 451.250
15.781 2187.750
17.234 2187.250
18.656 2188.000
22.516 922.750
23.875 919.500
25.219 925.000
30.094 2222.500
31.562 2223.500
49.391 1246.500
56.812 1069.000
58.250 1044.000
59.812 1017.000
61.219 993.500
62.656 974.500
64.203 956.500
65.641 938.250
67.109 919.500
68.562 898.000
70.000 880.250
71.438 870.500
72.984 859.000
74.391 845.250
75.969 833.500
77.375 824.250
78.828 814.500
80.297 804.250
81.797 793.500
83.266 785.250
84.656 780.000
86.016 772.000
87.453 765.000
89.000 759.000
90.469 753.000
91.781 749.000
93.359 744.750
94.750 741.000
96.109 737.500
97.609 734.250
99.141 732.750
100.562 732.250
101.875 731.500
103.328 730.750
104.891 729.750
106.344 730.000
107.750 730.500
109.109 730.750
110.500 733.000
111.938 734.250
113.500 735.750
114.938 739.000
116.203 742.500
117.672 746.000
119.188 750.500
120.500 755.250
122.047 760.500
123.344 767.250
124.859 774.000
126.172 779.750
127.719 786.250
129.141 794.500
130.500 803.750
131.922 813.250
133.344 824.000
134.672 835.250
136.047 848.000
137.422 861.250
138.844 872.500
140.266 884.500
141.719 900.250
143.156 918.250
146.141 871.250
151.516 1039.250
152.953 1064.500
154.328 1089.500
155.625 1118.500
157.000 1153.000
158.406 1189.750
163.953 1359.750
177.938 2041.250
187.906 2213.250
189.328 2199.750
190.734 2187.250
200.672 2630.750
210.688 2687.750
212.109 2702.750
213.516 2724.500
214.969 2746.000
216.391 2766.250
217.828 2740.750
233.672 241.750
235.047 235.500
234.984 230.750
237.891 226.500
239.328 222.250
240.734 221.000
242.156 223.500
247.109 211.500
248.281 211.500
250.750 211.500
251.844 211.750
253.594 212.250
255.031 213.250
256.469 214.750
257.141 217.000
276.406 421.500
277.906 422.750
280.812 391.250
297.203 285.000
298.391 288.250
299.734 292.250
303.094 484.750
304.406 493.500
305.953 493.750
307.250 489.500
309.000 486.500
310.344 485.250
311.625 485.250
313.000 485.000
314.547 484.750
315.953 485.750
317.406 489.000
318.766 492.250
320.156 495.750
321.594 498.500
322.875 503.750
324.234 511.000
325.844 518.250
336.406 225.750
337.844 220.000
339.266 214.750
340.703 212.500
342.125 211.000
343.547 211.250
344.984 213.250
345.516 216.250
354.484 474.000
356.047 477.500
357.234 487.500
358.625 501.750
1.875 457.250
3.500 449.750
4.812 445.500
6.156 442.250
7.641 440.750
8.938 442.500
10.391 447.500
15.094 2190.250
16.484 2186.000
17.938 2186.500
23.188 928.250
24.547 927.500
27.953 2203.000
29.375 2212.250
30.781 2221.000
50.047 1226.000
54.500 1119.250
56.031 1090.250
57.484 1065.500
58.938 1039.750
60.359 1014.500
61.875 991.000
63.297 972.750
64.781 958.000
66.297 938.500
67.688 920.750
69.266 905.000
70.625 890.000
72.062 877.000
73.578 864.750
75.016 853.000
76.562 841.750
78.047 831.500
79.391 823.000
80.844 815.250
82.281 807.250
83.844 797.250
85.281 788.750
86.750 783.500
88.109 777.750
89.656 772.500
91.125 767.500
92.422 763.250
93.969 760.250
95.328 756.500
96.750 753.750
98.203 752.500
99.688 750.500
101.188 749.750
102.516 749.000
104.078 748.250
105.516 748.250
106.906 749.000
108.391 749.500
109.672 750.250
111.125 753.000
112.625 756.250
113.984 759.750
115.531 763.750
116.922 766.500
118.312 770.750
119.766 775.500
121.125 779.500
122.609 785.000
123.922 791.500
125.438 799.750
126.859 807.000
128.250 814.500
129.609 823.750
131.094 833.500
132.344 844.500
133.719 857.250
135.281 869.000
136.625 879.500
137.953 892.250
139.438 907.500
140.766 923.750
142.203 939.250
143.672 956.500
146.672 870.500
152.078 1084.500
153.469 1113.250
154.812 1144.250
156.172 1177.750
157.609 1212.000
178.531 2045.750
181.750 1432.500
187.078 2220.500
188.547 2208.000
189.953 2194.500
191.375 2179.750
201.281 2641.500
211.297 2707.500
212.734 2702.500
214.156 2723.500
215.562 2761.250
217.016 2750.000
218.438 2764.500
231.516 246.250
232.516 239.500
235.625 233.250
237.047 228.000
238.469 224.500
239.156 222.000
247.031 213.000
248.453 212.000
249.750 212.000
251.312 212.500
252.734 213.500
253.031 214.250
255.594 215.000
256.750 217.000
258.484 219.500
259.922 222.250
260.922 225.250
264.531 226.750
275.859 425.250
277.016 421.250
278.484 425.500
281.484 390.000
282.875 392.750
296.234 284.000
297.656 287.500
299.188 291.500
302.391 480.250
303.641 490.000
305.266 494.500
306.516 493.000
308.047 489.500
309.422 487.500
310.875 486.000
312.328 485.750
313.719 485.500
315.250 486.250
316.422 488.000
318.062 490.250
319.406 493.750
320.734 497.500
322.203 501.250
323.547 507.000
324.984 514.250
326.469 522.000
337.062 221.000
338.484 216.500
339.922 213.000
341.344 210.500
342.781 210.000
344.203 212.000
344.891 214.250
355.141 474.750
356.750 481.250
358.078 493.000
1.062 460.500
2.656 450.000
4.234 444.000
5.406 441.500
7.094 440.750
8.438 440.750
15.750 2185.250
17.156 2185.750
18.609 2186.000
22.422 922.750
25.297 920.500
30.047 2215.250
53.703 1138.750
55.125 1107.500
56.578 1079.000
58.062 1053.500
59.625 1029.250
61.125 1006.500
62.578 985.000
64.016 967.250
65.484 947.500
66.906 929.000
68.359 912.250
69.953 896.250
71.359 882.250
72.844 868.500
74.328 856.000
75.688 844.500
77.188 833.250
78.688 824.250
80.125 817.750
81.578 808.750
83.000 800.250
84.422 792.000
85.891 784.250
87.438 778.250
88.797 772.000
90.375 766.250
91.797 762.000
93.188 759.000
94.641 755.750
96.000 753.500
97.578 750.500
98.938 747.750
100.359 746.250
101.766 744.750
103.266 745.000
104.750 744.500
106.172 743.750
107.688 740.250
109.047 742.000
110.453 748.250
111.844 750.250
113.297 753.250
114.719 755.500
116.078 758.500
117.578 762.250
118.953 766.750
120.328 772.750
121.859 777.500
123.109 783.250
124.547 790.500
126.016 797.500
127.406 805.000
128.938 813.000
130.281 823.000
131.750 832.500
133.078 842.750
134.453 856.500
135.875 869.000
137.172 880.750
138.578 894.250
140.047 910.750
141.469 926.750
142.875 942.250
147.312 871.250
152.688 1092.000
154.062 1121.250
155.500 1154.250
156.859 1188.500
179.234 2066.000
187.797 2214.250
189.250 2200.500
190.641 2188.000
210.516 2689.750
211.953 2705.500
213.359 2726.500
214.781 2753.500
216.203 2793.500
232.984 245.500
234.219 239.250
236.328 233.000
236.750 228.500
239.156 225.250
244.891 213.500
246.312 214.750
247.750 214.250
249.172 214.000
249.719 214.000
251.469 214.250
253.453 214.750
253.734 215.500
256.297 217.250
257.219 219.500
259.203 221.750
260.625 224.500
260.453 227.750
263.016 231.250
263.875 234.500
276.219 420.750
277.734 423.000
282.422 391.250
293.969 280.250
295.359 282.500
296.656 285.750
297.719 290.000
299.094 294.500
302.812 486.500
304.344 491.750
305.797 493.750
307.250 491.750
308.594 488.500
309.938 487.250
311.453 486.750
312.875 486.250
314.531 486.000
315.938 487.000
317.250 489.750
318.656 492.500
319.891 496.500
321.266 499.000
322.703 503.250
324.203 509.500
325.609 516.750
336.297 225.250
336.906 219.250
339.156 214.500
339.750 212.250
342.016 210.750
343.453 211.000
344.875 213.000
346.297 216.000
354.562 475.250
355.797 477.750
357.359 488.250
358.781 498.000
1.719 455.500
3.344 448.750
4.969 444.250
6.422 441.000
7.531 440.250
9.203 442.250
10.344 447.250
16.359 2184.500
17.750 2187.000
19.203 2183.500
22.984 924.000
30.609 2215.750
49.828 1237.000
51.281 1201.750
54.188 1133.250
55.703 1104.000
57.094 1076.500
58.594 1050.500
60.156 1024.000
61.656 1001.500
63.078 984.250
64.531 967.250
66.031 948.500
67.500 930.500
68.875 913.750
70.344 898.000
71.922 883.000
73.375 869.750
74.781 859.500
76.188 850.750
77.750 840.500
79.141 830.000
80.562 821.750
82.094 813.250
83.500 806.000
84.828 797.250
86.328 789.250
87.734 783.750
89.156 779.500
90.734 775.500
92.203 770.000
93.516 766.250
95.047 763.750
96.422 760.750
97.859 758.750
99.375 758.000
100.812 756.750
102.188 755.500
103.672 754.750
105.109 754.500
106.531 755.750
107.922 756.500
109.250 757.000
110.750 759.250
112.172 762.750
113.641 766.000
114.906 768.250
116.344 771.500
117.750 775.500
119.203 780.750
120.609 785.750
122.125 791.750
123.438 799.500
124.875 807.000
126.312 815.250
127.656 823.500
129.203 831.000
130.500 841.500
131.953 853.250
133.344 864.250
134.734 875.750
136.188 887.750
137.516 901.250
138.922 916.750
140.344 932.500
141.719 949.000
143.203 967.000
146.109 870.000
151.578 1095.000
152.922 1122.750
154.328 1153.750
157.078 1226.500
158.484 1264.000
181.172 1444.250
186.562 2225.500
187.984 2214.500
189.406 2203.750
190.828 2193.750
200.719 2628.000
210.719 2703.000
212.109 2716.250
213.516 2728.250
214.969 2749.000
216.406 2767.750
217.828 2741.250
233.656 241.000
235.469 229.250
236.625 225.750
239.438 222.000
246.594 212.250
248.016 211.750
249.453 211.750
250.875 211.750
252.312 212.250
253.750 213.250
255.172 214.500
255.641 216.250
265.203 233.500
265.484 232.750
276.828 417.500
277.922 423.000
280.953 391.250
282.688 390.750
296.125 281.750
297.000 284.250
298.406 288.000
303.047 487.000
304.484 491.750
305.812 493.750
307.562 492.000
308.938 489.000
310.219 486.750
311.562 485.500
313.250 485.000
314.562 485.750
316.062 486.750
317.250 489.000
318.953 492.250
320.297 496.250
321.703 500.000
322.859 504.750
324.531 509.750
325.703 517.250
336.562 224.750
337.984 219.000
339.406 214.250
340.281 211.750
342.281 210.750
342.594 211.250
345.141 213.250
354.625 476.000
356.062 479.250
2.109 454.500
3.656 448.500
5.188 444.000
6.422 440.750
8.016 439.750
9.172 441.750
10.750 447.500
15.125 2183.500
16.562 2185.000
17.984 2185.250
19.406 2187.000
23.125 928.250
24.672 926.750
27.984 2204.000
29.391 2212.750
30.844 2221.500
50.047 1243.750
52.969 1172.250
54.438 1139.250
55.938 1109.750
57.453 1082.750
58.922 1058.250
60.453 1032.000
61.922 1009.000
63.406 991.750
64.844 974.000
66.312 956.750
67.734 939.500
69.250 922.000
70.656 906.000
72.078 893.000
73.609 880.000
75.109 868.750
76.531 859.500
78.062 848.500
79.500 838.250
80.859 828.750
82.438 820.250
83.828 812.750
85.172 805.250
86.609 798.750
88.047 792.000
89.484 786.750
90.922 782.250
92.453 778.000
93.797 774.000
95.359 769.500
96.641 767.250
98.172 766.500
99.641 764.250
100.938 762.000
102.438 762.250
103.812 761.750
105.297 761.250
106.672 761.250
108.125 761.500
109.594 762.250
110.969 764.250
112.484 767.000
113.766 768.750
115.312 772.500
116.688 776.750
118.047 779.750
119.453 784.000
121.000 789.000
122.359 795.500
123.672 802.500
125.109 809.750
126.516 818.000
127.984 824.500
129.406 833.500
130.750 843.500
132.266 854.500
133.609 866.500
135.016 877.250
136.422 890.000
137.828 905.250
139.188 920.750
140.656 934.750
142.062 950.250
143.453 967.250
146.469 872.000
151.859 1096.750
153.234 1125.000
154.625 1157.250
156.016 1191.500
157.406 1227.500
158.781 1265.500
181.469 1442.000
186.781 2221.250
188.219 2213.500
189.609 2207.000
191.078 2193.250
200.922 2627.750
210.891 2698.250
212.328 2717.000
213.766 2734.500
215.172 2749.000
216.562 2762.500
218.031 2741.500
231.531 245.750
233.891 239.000
233.578 233.000
236.734 227.750
238.156 223.750
238.188 220.750
241.000 219.250
246.047 211.000
248.031 210.250
249.844 210.250
251.016 210.500
252.438 211.250
253.750 212.500
255.562 214.000
255.938 216.000
258.188 217.500
265.328 234.000
265.359 232.750
276.781 418.250
278.094 422.750
281.297 391.500
292.312 271.750
294.516 277.500
295.328 281.250
297.109 284.250
298.312 287.750
302.062 478.750
303.516 487.250
304.750 491.500
306.391 493.750
307.750 492.250
309.203 489.750
310.547 488.000
312.188 486.500
313.422 485.750
314.922 486.500
316.438 488.250
317.766 490.500
319.047 494.250
320.672 497.500
321.828 506.000
323.484 511.250
324.969 512.750
326.219 519.500
336.922 222.000
338.375 217.500
339.797 213.750
340.547 210.500
341.750 210.000
344.094 211.750
345.531 214.000
354.938 476.500
359.328 475.000
2.500 452.250
4.094 446.000
5.453 441.750
6.734 440.000
8.094 439.500
9.516 441.250
10.797 447.750
16.953 2191.000
23.547 929.750
24.938 928.500
29.797 2217.500
31.219 2225.500
50.516 1244.000
51.953 1212.000
54.906 1141.500
56.422 1112.000
57.891 1085.250
59.281 1060.500
62.234 1008.500
63.766 993.750
65.188 974.000
66.656 957.250
68.125 941.250
69.562 926.500
71.000 911.250
72.500 895.000
73.906 882.250
75.453 871.000
76.891 860.250
78.391 850.750
79.812 841.500
81.297 830.250
82.688 822.750
84.047 817.250
85.484 809.750
87.031 801.750
88.516 794.250
89.891 788.750
91.266 783.500
92.750 779.500
94.109 777.250
95.719 773.750
97.078 771.000
98.500 770.000
99.969 768.250
101.406 767.000
102.875 765.750
104.344 765.250
105.766 765.750
107.062 766.750
108.516 767.000
109.922 767.000
111.422 769.250
112.797 773.750
114.297 776.750
115.641 779.500
117.125 783.250
118.562 787.500
119.906 792.750
121.312 798.750
122.781 805.500
124.109 812.500
125.609 819.000
127.047 825.500
128.406 834.250
129.891 845.750
131.328 857.000
132.719 867.500
134.000 878.500
135.453 890.250
136.844 904.000
138.328 918.500
139.641 931.750
141.141 948.000
142.500 965.500
143.953 983.750
146.891 870.750
152.359 1119.250
153.656 1149.000
155.062 1181.500
156.391 1216.750
178.781 2054.250
187.281 2222.500
188.734 2211.500
190.188 2196.750
191.609 2176.250
201.438 2648.500
211.500 2697.250
212.922 2713.000
214.328 2733.250
215.750 2757.500
217.203 2741.500
232.812 244.750
233.047 238.500
234.344 232.500
235.891 227.250
237.438 223.250
243.562 211.250
245.859 212.500
247.281 211.750
248.719 211.500
250.156 212.000
251.562 212.250
253.000 212.750
254.438 214.000
255.062 215.000
256.312 217.250
258.719 220.000
260.141 222.000
275.844 422.500
277.266 420.750
278.531 425.000
281.891 392.000
294.703 280.000
296.531 282.250
297.156 286.250
298.938 290.000
302.500 482.250
303.922 490.500
305.203 496.250
306.797 495.000
308.359 490.250
309.625 488.500
311.344 487.500
312.562 487.000
314.031 486.750
315.531 487.500
316.938 489.000
318.281 491.750
319.625 495.250
321.219 498.750
322.625 502.750
323.984 508.500
325.297 515.500
326.531 523.750
337.391 220.750
337.844 217.250
340.266 214.500
341.703 211.500
343.125 211.250
344.562 213.000
345.984 215.500
355.641 475.750
356.891 483.500
358.312 496.250
1.438 458.000
3.094 448.750
4.281 443.750
5.844 440.500
7.234 439.000
8.812 440.000
10.312 442.500
17.562 2185.000
18.984 2187.000
22.828 932.250
24.156 923.250
25.609 924.000
30.422 2221.750
51.188 1230.750
52.672 1195.750
55.594 1129.000
57.016 1102.250
58.562 1076.500
61.422 1009.250
62.938 1000.250
64.391 987.500
65.828 970.750
67.328 955.750
68.750 940.750
70.266 924.000
71.625 909.500
73.141 895.500
74.531 881.750
76.094 871.500
77.438 862.750
78.906 853.250
80.359 843.250
81.891 833.250
83.281 824.750
84.781 818.250
86.156 812.500
87.562 806.250
89.094 800.000
90.469 794.250
91.938 790.000
93.422 785.500
94.859 781.000
96.281 779.500
97.688 777.000
99.141 775.750
100.688 775.500
102.000 775.000
103.484 773.750
104.984 773.000
106.297 774.500
107.766 776.000
109.219 776.250
110.641 770.500
112.094 773.750
113.547 782.750
115.016 785.250
116.375 788.750
117.812 793.250
119.234 799.500
120.656 805.750
122.016 812.250
123.500 818.500
124.938 824.750
126.328 833.250
127.797 841.750
129.188 850.250
130.547 861.000
131.969 871.500
133.359 883.000
134.703 896.000
136.062 909.000
137.516 923.000
138.922 937.500
140.359 953.000
141.703 969.250
143.125 986.500
146.281 870.250
147.703 869.000
152.922 1147.250
154.312 1180.250
155.719 1215.500
181.188 1451.000
186.578 2225.750
188.031 2214.250
189.438 2202.750
190.859 2192.750
192.266 2213.250
210.750 2698.000
212.156 2714.250
213.578 2721.750
215.000 2742.250
216.438 2765.500
217.859 2739.000
232.969 240.500
235.109 234.750
235.031 230.000
237.953 225.750
238.375 222.750
245.891 212.750
247.938 211.500
249.375 211.500
250.797 211.500
252.219 211.750
253.656 213.000
255.078 214.750
256.500 216.500
257.984 218.000
259.391 220.500
259.359 223.750
261.516 227.250
263.188 231.250
276.375 417.000
277.750 422.750
281.094 389.250
282.438 388.750
292.828 271.750
294.109 278.250
295.281 281.500
296.578 284.000
298.141 287.750
299.656 291.500
303.172 487.000
304.438 492.500
306.094 495.500
307.531 493.250
308.766 489.750
310.359 488.250
311.891 487.750
313.297 486.250
314.609 486.000
315.891 487.750
317.344 490.000
318.734 492.500
320.094 496.250
321.578 499.750
323.203 504.250
324.484 510.000
325.984 517.500
336.781 224.750
337.969 219.000
338.297 214.500
340.812 212.250
342.250 211.000
343.672 211.250
345.109 214.000
354.844 475.500
356.141 478.000
357.375 487.000
358.984 489.500
2.109 453.750
3.562 446.750
4.953 442.500
6.609 440.500
7.859 439.250
9.109 441.250
10.844 445.750
16.688 2181.750
18.125 2185.250
19.562 2191.000
23.312 925.250
24.750 923.500
26.219 931.250
50.266 1241.500
51.734 1206.250
53.188 1172.000
54.703 1140.750
56.109 1111.750
57.625 1084.250
59.125 1060.000
62.000 1008.000
63.547 994.750
65.000 976.750
66.422 960.500
67.938 943.750
69.344 928.000
70.875 914.250
72.266 899.250
73.828 885.500
75.266 873.000
76.672 865.000
78.141 854.750
79.562 842.750
81.062 835.250
82.469 826.500
84.047 817.750
85.375 812.750
86.891 807.000
88.266 799.750
89.828 795.250
91.281 790.750
92.703 785.500
94.125 782.500
95.578 780.000
97.016 777.750
98.547 776.000
99.922 774.750
101.406 774.250
102.844 773.000
104.297 772.000
105.719 772.750
107.141 775.250
108.531 776.250
109.859 775.500
111.328 777.500
112.812 782.000
114.125 785.750
115.625 788.750
117.031 792.500
118.484 796.500
119.875 802.000
121.312 809.000
122.656 816.500
124.250 823.500
125.547 831.000
127.000 839.000
128.391 848.250
129.797 859.750
131.297 870.500
132.594 880.250
134.031 891.250
135.438 905.000
136.812 919.250
138.219 932.500
139.594 948.250
140.938 964.250
142.359 981.500
143.797 1001.000
146.844 870.500
152.234 1140.000
153.562 1170.500
155.000 1205.500
156.344 1239.500
185.859 2235.500
187.312 2223.000
188.766 2211.250
190.141 2196.500
191.625 2178.250
201.469 2645.750
211.438 2698.250
212.875 2716.000
214.266 2737.750
215.719 2778.000
217.156 2766.750
222.469 488.750
230.906 246.000
233.984 239.000
235.812 232.500
236.969 227.750
237.281 224.750
245.797 213.500
247.219 212.750
248.078 212.250
250.062 212.250
251.750 213.000
252.938 214.000
253.938 214.250
255.266 215.750
255.766 218.000
258.688 219.750
260.109 222.500
261.547 226.000
275.828 422.250
277.391 420.750
278.547 417.750
296.297 282.250
298.125 285.500
298.656 290.000
302.484 481.250
303.891 490.750
305.125 496.250
306.875 495.000
308.250 490.250
309.719 488.500
310.953 487.500
312.578 487.250
313.922 487.250
315.312 487.750
316.922 489.000
318.156 491.500
319.531 495.000
321.078 498.500
322.328 502.500
323.688 508.250
325.156 515.000
326.547 523.250
337.297 220.500
338.734 217.000
340.172 214.250
340.594 211.250
343.031 211.250
343.281 212.750
345.891 214.750
355.422 475.500
356.984 483.250
358.266 496.000
1.688 457.750
2.969 447.750
4.453 442.750
5.719 440.250
7.234 438.750
8.891 439.000
18.922 2186.250
22.734 932.250
24.172 923.750
25.609 924.250
30.406 2220.500
51.062 1240.750
52.516 1207.750
54.000 1174.750
55.500 1143.750
56.953 1115.000
58.344 1089.500
61.406 1015.000
62.922 997.500
64.312 991.500
65.844 983.750
67.344 968.250
68.797 952.250
70.156 936.250
71.688 922.750
73.141 908.500
74.625 895.500
76.000 883.250
77.469 873.000
78.953 866.750
80.484 859.250
81.922 847.500
83.359 839.000
84.719 833.250
86.188 827.500
87.750 821.250
89.125 815.500
90.531 810.000
92.109 805.000
93.516 800.750
94.875 797.250
96.297 795.750
97.766 793.250
99.234 791.500
100.766 790.000
102.203 789.000
103.547 790.000
105.047 790.000
106.500 791.250
107.844 792.250
109.250 793.500
110.703 796.000
112.109 793.250
113.578 797.000
115.016 806.750
116.406 810.250
117.812 813.750
119.312 819.500
120.688 825.500
122.094 830.500
123.500 837.250
124.859 846.750
126.375 855.500
127.672 864.000
129.172 873.750
130.641 884.250
131.953 896.750
133.391 910.250
134.828 923.250
136.234 936.250
137.516 951.000
138.969 965.500
140.406 981.500
141.781 1000.250
143.234 1018.000
146.281 870.500
147.812 869.250
153.016 1193.750
155.844 1264.250
186.750 2222.750
188.188 2214.000
189.625 2205.250
191.016 2192.250
200.953 2616.250
210.906 2696.500
212.297 2716.000
213.719 2742.000
215.156 2758.500
216.562 2767.250
222.031 488.500
232.094 241.000
235.266 235.000
236.938 231.000
236.641 227.000
246.688 213.750
248.094 213.250
249.531 212.750
250.953 212.750
252.391 213.750
252.891 214.750
255.234 216.000
255.484 217.500
259.781 221.500
277.875 423.000
281.219 389.250
282.672 390.000
295.969 282.250
297.031 285.500
298.344 288.750
303.359 488.000
304.609 493.750
306.172 495.500
307.672 493.250
309.156 489.750
310.516 488.500
311.781 487.750
313.297 486.750
314.828 487.250
316.203 489.000
317.547 491.250
318.844 494.000
320.312 498.500
321.625 503.750
323.141 507.250
324.516 511.750
326.000 520.000
336.391 224.750
337.203 219.250
339.594 214.750
341.016 212.000
342.453 211.500
343.891 212.250
345.312 214.250
354.859 475.250
356.469 479.500
2.297 452.000
3.812 445.750
5.312 441.500
6.891 439.750
8.250 439.250
9.672 441.000
10.938 446.500
16.875 2188.250
23.500 932.000
24.922 928.750
29.750 2216.000
51.906 1212.500
53.359 1179.750
54.891 1149.500
56.344 1119.250
57.875 1091.750
59.375 1071.000
63.797 1005.750
65.328 988.250
66.703 971.000
68.141 956.000
69.734 940.250
71.172 925.750
72.656 911.000
74.078 898.000
75.531 886.750
77.016 875.500
78.391 868.000
79.844 861.000
81.344 851.250
82.922 841.750
84.203 834.250
85.688 828.000
87.203 821.750
88.656 816.500
89.969 813.000
91.516 807.750
93.016 803.000
94.344 800.000
95.812 797.750
97.219 794.500
98.781 792.250
100.156 790.500
101.531 789.500
102.953 790.500
104.516 790.250
105.859 790.250
107.391 792.000
108.656 794.500
110.078 796.750
111.562 799.000
112.953 803.000
114.359 806.500
115.844 811.000
117.328 815.500
118.703 819.500
120.078 825.500
121.531 831.250
123.016 837.500
124.281 846.000
125.844 855.750
127.156 864.250
128.547 873.500
130.000 884.000
131.469 895.750
132.812 909.000
134.203 922.500
135.656 935.750
137.109 949.750
138.484 964.750
139.859 981.500
141.312 999.000
142.734 1016.500
144.109 1038.500
147.188 870.750
152.469 1192.000
153.859 1228.500
155.297 1264.250
175.172 1588.500
180.875 1459.500
186.266 2232.500
187.703 2225.750
189.109 2215.500
190.562 2203.250
191.984 2191.750
201.844 2637.000
207.672 2201.250
211.844 2708.000
213.234 2728.500
214.688 2754.000
216.125 2773.000
221.422 490.500
222.812 494.500
231.359 245.500
233.391 239.250
236.250 233.250
236.500 229.000
243.672 214.500
246.250 214.750
247.672 214.250
247.844 214.000
249.906 214.000
251.953 214.250
252.641 214.750
254.812 216.250
256.484 218.000
257.672 219.750
259.109 222.750
259.906 224.500
276.109 417.750
277.797 423.250
280.766 388.250
282.219 390.750
294.062 279.750
294.781 281.500
296.734 284.250
297.812 288.000
299.484 291.750
302.797 485.000
304.172 493.750
305.484 498.000
307.141 495.000
308.531 491.500
309.938 489.250
311.312 488.500
312.891 488.500
314.391 487.500
315.625 488.500
317.203 490.750
318.453 493.500
320.000 496.750
321.359 500.500
322.562 504.500
324.219 510.750
325.625 518.000
335.703 226.500
337.625 219.750
339.062 215.000
340.375 212.750
340.969 211.000
343.359 211.000
343.750 213.250
354.438 475.000
355.891 477.500
1.672 457.500
3.031 449.250
4.422 443.750
6.094 440.500
7.656 439.250
8.828 441.000
10.438 444.750
16.172 2178.000
17.656 2183.000
19.031 2184.500
22.797 935.250
24.266 923.750
25.594 924.000
49.656 1245.250
51.234 1213.000
52.641 1177.000
54.141 1145.000
57.016 1086.750
58.500 1065.500
61.531 1011.250
62.969 1004.250
64.391 986.500
65.969 968.250
67.359 953.750
68.859 939.750
70.281 924.750
71.703 911.250
73.188 897.750
74.641 885.250
76.109 874.500
77.500 865.750
78.984 857.500
80.469 847.250
81.875 838.750
83.453 832.750
84.797 825.750
86.297 820.250
87.766 814.500
89.078 809.000
90.609 803.500
92.047 798.250
93.547 795.000
94.828 792.750
96.359 790.500
97.719 788.000
99.297 786.500
100.672 787.000
102.031 786.500
103.547 786.250
105.016 788.000
106.406 789.000
107.781 788.500
109.281 791.250
110.672 795.500
112.141 793.000
113.484 797.000
115.016 806.500
116.438 810.000
117.734 814.000
119.312 819.750
120.656 825.500
122.156 830.500
123.453 837.750
124.984 847.250
126.312 858.000
127.750 866.750
129.125 874.500
130.594 885.000
131.938 897.500
133.391 911.000
134.844 925.500
136.234 942.500
137.625 957.500
139.000 970.250
140.406 986.500
141.797 1006.000
143.188 1026.250
146.375 870.500
147.766 869.250
153.031 1208.750
154.484 1240.500
157.234 1322.250
185.281 2240.500
186.734 2224.250
188.141 2215.000
189.594 2204.500
191.000 2192.500
200.875 2617.500
210.906 2695.750
212.328 2714.750
213.750 2736.250
215.188 2758.750
216.609 2774.250
222.047 488.500
231.141 247.500
233.859 240.750
235.281 234.750
236.141 230.250
238.109 226.250
245.266 214.500
246.688 214.000
248.109 213.000
249.531 212.500
250.969 212.750
252.391 213.750
253.031 214.750
255.250 216.000
256.672 217.500
275.406 424.000
276.812 419.000
278.016 423.000
281.266 387.500
282.750 391.250
295.812 280.500
296.422 284.250
298.188 288.000
303.156 489.250
304.672 493.750
306.062 495.500
307.484 493.250
308.938 490.000
310.328 488.500
311.781 487.500
313.141 486.000
314.625 486.250
316.219 488.000
317.484 490.000
318.766 492.500
320.344 496.500
321.641 501.250
323.234 505.750
324.453 509.500
325.766 517.000
335.219 223.750
337.953 219.000
339.375 214.500
340.812 211.750
342.234 210.500
343.656 211.000
